Build started 12/23/2025 2:19:00 PM.
Logging verbosity is set to: Detailed.     0>Process = "C:\Program Files\dotnet\dotnet.exe"
       MSBuild executable path = "C:\Program Files\dotnet\sdk\8.0.416\MSBuild.dll"
       Command line arguments = "C:\Program Files\dotnet\sdk\8.0.416\MSBuild.dll -maxcpucount -verbosity:m -nologo -restore -consoleloggerparameters:Summary -flp:logfile=msbuild.log;verbosity=detailed -distributedlogger:Microsoft.DotNet.Tools.MSBuild.MSBuildLogger,C:\Program Files\dotnet\sdk\8.0.416\dotnet.dll*Microsoft.DotNet.Tools.MSBuild.MSBuildForwardingLogger,C:\Program Files\dotnet\sdk\8.0.416\dotnet.dll"
       Current directory = "F:\OJT-Review\MoneyTrackerApp\Expense-Manager\MoneyTrackerApp\MoneyTrackerApp"
       MSBuild version = "17.11.48+02bf66295"
       Based on the Windows registry key LongPathsEnabled, the LongPaths feature is disabled.
       The SDK "Microsoft.NET.Sdk.Web" was successfully resolved by the "DefaultSdkResolver" resolver to location "C:\Program Files\dotnet\sdk\8.0.416\Sdks\Microsoft.NET.Sdk.Web\Sdk" and version "".
       Assembly loaded during Evaluation: Microsoft.NET.StringTools, Version=1.0.0.0, Culture=neutral, PublicKeyToken=b03f5f7f11d50a3a (location: C:\Program Files\dotnet\sdk\8.0.416\Microsoft.NET.StringTools.dll, MVID: a6df08db-4589-427d-8720-dbb53fdf37b0, AssemblyLoadContext: Default)
       Assembly loaded during Evaluation: NuGet.Frameworks, Version=6.11.1.2, Culture=neutral, PublicKeyToken=31bf3856ad364e35 (location: C:\Program Files\dotnet\sdk\8.0.416\NuGet.Frameworks.dll, MVID: 36fa17a1-abb6-4cce-b85c-dd32a6dcc45f, AssemblyLoadContext: Assembly.LoadFile(C:\Program Files\dotnet\sdk\8.0.416\NuGet.Frameworks.dll))
       The SDK "Microsoft.NET.Sdk" was successfully resolved by the "DefaultSdkResolver" resolver to location "C:\Program Files\dotnet\sdk\8.0.416\Sdks\Microsoft.NET.Sdk\Sdk" and version "".
       Property 'MSBuildExtensionsPath' with value 'C:\Program Files\dotnet\sdk\8.0.416\' expanded from the environment.
       Property reassignment: $(MSBuildProjectExtensionsPath)="F:\OJT-Review\MoneyTrackerApp\Expense-Manager\MoneyTrackerApp\MoneyTrackerApp\obj\" (previous value: "obj\") at C:\Program Files\dotnet\sdk\8.0.416\Current\Microsoft.Common.props (60,5)
       Property 'MSBuildUserExtensionsPath' with value 'C:\Users\MY PC\AppData\Local\Microsoft\MSBuild' expanded from the environment.
       Property reassignment: $(AssemblySearchPaths)="{CandidateAssemblyFiles};{HintPathFromItem}" (previous value: "{CandidateAssemblyFiles}") at C:\Program Files\dotnet\sdk\8.0.416\Sdks\Microsoft.NET.Sdk\targets\Microsoft.NET.Sdk.props (91,5)
       Property reassignment: $(AssemblySearchPaths)="{CandidateAssemblyFiles};{HintPathFromItem};{TargetFrameworkDirectory}" (previous value: "{CandidateAssemblyFiles};{HintPathFromItem}") at C:\Program Files\dotnet\sdk\8.0.416\Sdks\Microsoft.NET.Sdk\targets\Microsoft.NET.Sdk.props (92,5)
       Property reassignment: $(AssemblySearchPaths)="{CandidateAssemblyFiles};{HintPathFromItem};{TargetFrameworkDirectory};{RawFileName}" (previous value: "{CandidateAssemblyFiles};{HintPathFromItem};{TargetFrameworkDirectory}") at C:\Program Files\dotnet\sdk\8.0.416\Sdks\Microsoft.NET.Sdk\targets\Microsoft.NET.Sdk.props (93,5)
       The "DefaultSdkResolver" resolver attempted to resolve the SDK "Microsoft.NET.SDK.WorkloadAutoImportPropsLocator".
       Warnings: null
       Errors: MSB4276: The default SDK resolver failed to resolve SDK "Microsoft.NET.SDK.WorkloadAutoImportPropsLocator" because directory "C:\Program Files\dotnet\sdk\8.0.416\Sdks\Microsoft.NET.SDK.WorkloadAutoImportPropsLocator\Sdk" did not exist.
       Assembly loaded during Evaluation: Microsoft.Build.NuGetSdkResolver, Version=6.11.1.2, Culture=neutral, PublicKeyToken=31bf3856ad364e35 (location: C:\Program Files\dotnet\sdk\8.0.416\Microsoft.Build.NuGetSdkResolver.dll, MVID: ae254ffe-3ea7-4bba-8a74-0bd55e8cfe87, AssemblyLoadContext: MSBuild plugin C:\Program Files\dotnet\sdk\8.0.416\Microsoft.Build.NuGetSdkResolver.dll)
       Assembly loaded during Evaluation: Microsoft.NET.Sdk.WorkloadMSBuildSdkResolver, Version=8.0.416.0, Culture=neutral, PublicKeyToken=31bf3856ad364e35 (location: C:\Program Files\dotnet\sdk\8.0.416\Microsoft.NET.Sdk.WorkloadMSBuildSdkResolver.dll, MVID: ce33acff-0179-4715-b768-3cf68725da36, AssemblyLoadContext: MSBuild plugin C:\Program Files\dotnet\sdk\8.0.416\Microsoft.NET.Sdk.WorkloadMSBuildSdkResolver.dll)
       Assembly loaded during Evaluation: System.Reflection.Metadata, Version=8.0.0.0, Culture=neutral, PublicKeyToken=b03f5f7f11d50a3a (location: C:\Program Files\dotnet\shared\Microsoft.NETCore.App\8.0.22\System.Reflection.Metadata.dll, MVID: e725aa58-0767-4539-8fdc-48fb7e9b6dcf, AssemblyLoadContext: Default)
       Assembly loaded during Evaluation: Microsoft.DotNet.Cli.Utils, Version=8.0.416.0, Culture=neutral, PublicKeyToken=adb9793829ddae60 (location: C:\Program Files\dotnet\sdk\8.0.416\Microsoft.DotNet.Cli.Utils.dll, MVID: 8bc5ebac-df06-4d73-beaf-556714617467, AssemblyLoadContext: MSBuild plugin C:\Program Files\dotnet\sdk\8.0.416\Microsoft.NET.Sdk.WorkloadMSBuildSdkResolver.dll)
       Assembly loaded during Evaluation: Microsoft.NET.Sdk.WorkloadManifestReader, Version=8.0.416.0, Culture=neutral, PublicKeyToken=adb9793829ddae60 (location: C:\Program Files\dotnet\sdk\8.0.416\Microsoft.NET.Sdk.WorkloadManifestReader.dll, MVID: 37a1be5f-8452-46bf-8eee-ee950542a579, AssemblyLoadContext: MSBuild plugin C:\Program Files\dotnet\sdk\8.0.416\Microsoft.NET.Sdk.WorkloadMSBuildSdkResolver.dll)
       Assembly loaded during Evaluation: Microsoft.Deployment.DotNet.Releases, Version=2.0.0.0, Culture=neutral, PublicKeyToken=31bf3856ad364e35 (location: C:\Program Files\dotnet\sdk\8.0.416\Microsoft.Deployment.DotNet.Releases.dll, MVID: 34f9f9be-a352-437d-b864-e54aac6740dd, AssemblyLoadContext: MSBuild plugin C:\Program Files\dotnet\sdk\8.0.416\Microsoft.NET.Sdk.WorkloadMSBuildSdkResolver.dll)
       Assembly loaded during Evaluation: NuGet.Credentials, Version=6.11.1.2, Culture=neutral, PublicKeyToken=31bf3856ad364e35 (location: C:\Program Files\dotnet\sdk\8.0.416\NuGet.Credentials.dll, MVID: 07a91a3f-265a-4226-985e-876d1036d338, AssemblyLoadContext: Default)
       Assembly loaded during Evaluation: System.ServiceProcess.ServiceController, Version=8.0.0.1, Culture=neutral, PublicKeyToken=b03f5f7f11d50a3a (location: C:\Program Files\dotnet\sdk\8.0.416\runtimes\win\lib\net8.0\System.ServiceProcess.ServiceController.dll, MVID: 4d9b9bfd-668b-4d22-9c27-9837db55db86, AssemblyLoadContext: Default)
       Assembly loaded during Evaluation: System.Security.Principal.Windows, Version=8.0.0.0, Culture=neutral, PublicKeyToken=b03f5f7f11d50a3a (location: C:\Program Files\dotnet\shared\Microsoft.NETCore.App\8.0.22\System.Security.Principal.Windows.dll, MVID: 96ae39cc-1721-4fa4-b40c-3db518f2e97a, AssemblyLoadContext: Default)
       Assembly loaded during Evaluation: System.Security.Claims, Version=8.0.0.0, Culture=neutral, PublicKeyToken=b03f5f7f11d50a3a (location: C:\Program Files\dotnet\shared\Microsoft.NETCore.App\8.0.22\System.Security.Claims.dll, MVID: ef0ac35f-9a1b-45aa-8f26-3cefd96ec151, AssemblyLoadContext: Default)
       The SDK "Microsoft.NET.SDK.WorkloadAutoImportPropsLocator" was successfully resolved by the "Microsoft.DotNet.MSBuildWorkloadSdkResolver" resolver to location "null" and version "null".
       Property reassignment: $(TargetsForTfmSpecificContentInPackage)=";PackTool;_PackProjectToolValidation" (previous value: ";PackTool") at C:\Program Files\dotnet\sdk\8.0.416\Sdks\Microsoft.NET.Sdk\targets\Microsoft.NET.PackProjectTool.props (15,5)
       The SDK "Microsoft.NET.Sdk.Razor" was successfully resolved by the "DefaultSdkResolver" resolver to location "C:\Program Files\dotnet\sdk\8.0.416\Sdks\Microsoft.NET.Sdk.Razor\Sdk" and version "".
       The SDK "Microsoft.NET.Sdk.StaticWebAssets" was successfully resolved by the "DefaultSdkResolver" resolver to location "C:\Program Files\dotnet\sdk\8.0.416\Sdks\Microsoft.NET.Sdk.StaticWebAssets\Sdk" and version "".
       Property reassignment: $(DefaultItemExcludes)=";**\node_modules\**;node_modules\**;**\jspm_packages\**;jspm_packages\**" (previous value: ";**\node_modules\**;node_modules\**") at C:\Program Files\dotnet\sdk\8.0.416\Sdks\Microsoft.NET.Sdk.StaticWebAssets\Sdk\Sdk.StaticWebAssets.StaticAssets.ProjectSystem.props (23,5)
       Property reassignment: $(DefaultItemExcludes)=";**\node_modules\**;node_modules\**;**\jspm_packages\**;jspm_packages\**;**\bower_components\**;bower_components\**" (previous value: ";**\node_modules\**;node_modules\**;**\jspm_packages\**;jspm_packages\**") at C:\Program Files\dotnet\sdk\8.0.416\Sdks\Microsoft.NET.Sdk.StaticWebAssets\Sdk\Sdk.StaticWebAssets.StaticAssets.ProjectSystem.props (24,5)
       The SDK "Microsoft.NET.Sdk.Web.ProjectSystem" was successfully resolved by the "DefaultSdkResolver" resolver to location "C:\Program Files\dotnet\sdk\8.0.416\Sdks\Microsoft.NET.Sdk.Web.ProjectSystem\Sdk" and version "".
       Property reassignment: $(OutputType)="Exe" (previous value: "Library") at C:\Program Files\dotnet\sdk\8.0.416\Sdks\Microsoft.NET.Sdk.Web.ProjectSystem\targets\Microsoft.NET.Sdk.Web.ProjectSystem.props (16,5)
       The SDK "Microsoft.NET.Sdk.Publish" was successfully resolved by the "DefaultSdkResolver" resolver to location "C:\Program Files\dotnet\sdk\8.0.416\Sdks\Microsoft.NET.Sdk.Publish\Sdk" and version "".
       Property reassignment: $(PublishProfileImported)="false" (previous value: "true") at C:\Program Files\dotnet\sdk\8.0.416\Sdks\Microsoft.NET.Sdk\targets\Microsoft.NET.Sdk.ImportPublishProfile.targets (28,5)
       Property reassignment: $(TargetPlatformVersion)="" (previous value: "0.0") at C:\Program Files\dotnet\sdk\8.0.416\Sdks\Microsoft.NET.Sdk\targets\Microsoft.NET.TargetFrameworkInference.targets (69,5)
       Property reassignment: $(DefaultItemExcludes)=";**\node_modules\**;node_modules\**;**\jspm_packages\**;jspm_packages\**;**\bower_components\**;bower_components\**;bin\Debug\/**" (previous value: ";**\node_modules\**;node_modules\**;**\jspm_packages\**;jspm_packages\**;**\bower_components\**;bower_components\**") at C:\Program Files\dotnet\sdk\8.0.416\Sdks\Microsoft.NET.Sdk\targets\Microsoft.NET.DefaultOutputPaths.targets (121,5)
       Property reassignment: $(DefaultItemExcludes)=";**\node_modules\**;node_modules\**;**\jspm_packages\**;jspm_packages\**;**\bower_components\**;bower_components\**;bin\Debug\/**;obj\Debug\/**" (previous value: ";**\node_modules\**;node_modules\**;**\jspm_packages\**;jspm_packages\**;**\bower_components\**;bower_components\**;bin\Debug\/**") at C:\Program Files\dotnet\sdk\8.0.416\Sdks\Microsoft.NET.Sdk\targets\Microsoft.NET.DefaultOutputPaths.targets (122,5)
       Property reassignment: $(OutputPath)="bin\Debug\net8.0\" (previous value: "bin\Debug\") at C:\Program Files\dotnet\sdk\8.0.416\Sdks\Microsoft.NET.Sdk\targets\Microsoft.NET.DefaultOutputPaths.targets (137,5)
       Property reassignment: $(IntermediateOutputPath)="obj\Debug\net8.0\" (previous value: "obj\Debug\") at C:\Program Files\dotnet\sdk\8.0.416\Sdks\Microsoft.NET.Sdk\targets\Microsoft.NET.DefaultOutputPaths.targets (142,5)
       The "DefaultSdkResolver" resolver attempted to resolve the SDK "Microsoft.NET.SDK.WorkloadManifestTargetsLocator".
       Warnings: null
       Errors: MSB4276: The default SDK resolver failed to resolve SDK "Microsoft.NET.SDK.WorkloadManifestTargetsLocator" because directory "C:\Program Files\dotnet\sdk\8.0.416\Sdks\Microsoft.NET.SDK.WorkloadManifestTargetsLocator\Sdk" did not exist.
       The SDK "Microsoft.NET.SDK.WorkloadManifestTargetsLocator" was successfully resolved by the "Microsoft.DotNet.MSBuildWorkloadSdkResolver" resolver to location "C:\Program Files\dotnet\sdk-manifests\8.0.100\microsoft.net.sdk.android\34.0.43" and version "null".
       Property reassignment: $(_FrameworkIdentifierForImplicitDefine)="NET" (previous value: "NETCOREAPP") at C:\Program Files\dotnet\sdk\8.0.416\Sdks\Microsoft.NET.Sdk\targets\Microsoft.NET.Sdk.BeforeCommon.targets (187,5)
       Property reassignment: $(_FrameworkVersionForImplicitDefine)="8_0" (previous value: "8.0") at C:\Program Files\dotnet\sdk\8.0.416\Sdks\Microsoft.NET.Sdk\targets\Microsoft.NET.Sdk.BeforeCommon.targets (192,5)
       Property reassignment: $(CommandLineArgsForDesignTimeEvaluation)="-langversion:12.0 -define:TRACE" (previous value: "-langversion:12.0") at C:\Program Files\dotnet\sdk\8.0.416\Roslyn\Microsoft.CSharp.Core.targets (200,5)
       Assembly loaded during Evaluation: Microsoft.Build.Utilities.Core, Version=15.1.0.0, Culture=neutral, PublicKeyToken=b03f5f7f11d50a3a (location: C:\Program Files\dotnet\sdk\8.0.416\Microsoft.Build.Utilities.Core.dll, MVID: 3ef2c93a-1391-4e37-a4e3-a5d04b06a824, AssemblyLoadContext: Default)
       Property reassignment: $(_DebugSymbolsProduced)="true" (previous value: "false") at C:\Program Files\dotnet\sdk\8.0.416\Microsoft.Common.CurrentVersion.targets (175,5)
       Property reassignment: $(_DocumentationFileProduced)="false" (previous value: "true") at C:\Program Files\dotnet\sdk\8.0.416\Microsoft.Common.CurrentVersion.targets (185,5)
       Property reassignment: $(MSBuildCopyMarkerName)="MoneyTra.B0A6294C" (previous value: "MoneyTrackerApp.csproj") at C:\Program Files\dotnet\sdk\8.0.416\Microsoft.Common.CurrentVersion.targets (392,5)
       Property reassignment: $(MSBuildCopyMarkerName)="MoneyTra.B0A6294C.Up2Date" (previous value: "MoneyTra.B0A6294C") at C:\Program Files\dotnet\sdk\8.0.416\Microsoft.Common.CurrentVersion.targets (393,5)
       Property reassignment: $(ProcessorArchitecture)="msil" (previous value: "") at C:\Program Files\dotnet\sdk\8.0.416\Microsoft.Common.CurrentVersion.targets (541,5)
       Property reassignment: $(DelaySign)="" (previous value: "false") at C:\Program Files\dotnet\sdk\8.0.416\Microsoft.Common.CurrentVersion.targets (580,5)
       Property 'LOCALAPPDATA' with value 'C:\Users\MY PC\AppData\Local' expanded from the environment.
       Property reassignment: $(_SGenGenerateSerializationAssembliesConfig)="Auto" (previous value: "") at C:\Program Files\dotnet\sdk\8.0.416\Microsoft.Common.CurrentVersion.targets (3896,5)
       Property reassignment: $(_SGenGenerateSerializationAssembliesConfig)="Off" (previous value: "Auto") at C:\Program Files\dotnet\sdk\8.0.416\Microsoft.Common.CurrentVersion.targets (3897,5)
       Property reassignment: $(_TargetsThatPrepareProjectReferences)="
             AssignProjectConfiguration;
             _SplitProjectReferencesByFileExistence
           " (previous value: "_SplitProjectReferencesByFileExistence") at C:\Program Files\dotnet\sdk\8.0.416\Microsoft.Common.CurrentVersion.targets (5099,5)
       Property 'MSBuildExtensionsPath32' with value 'C:\Program Files\dotnet\sdk\8.0.416' expanded from the environment.
       Assembly loaded during Evaluation: System.Threading.Tasks.Parallel, Version=8.0.0.0, Culture=neutral, PublicKeyToken=b03f5f7f11d50a3a (location: C:\Program Files\dotnet\shared\Microsoft.NETCore.App\8.0.22\System.Threading.Tasks.Parallel.dll, MVID: 18d786a9-51ef-421f-b895-0f3430ea7f9b, AssemblyLoadContext: Default)
       Property reassignment: $(ProjectAssetsFile)="F:\OJT-Review\MoneyTrackerApp\Expense-Manager\MoneyTrackerApp\MoneyTrackerApp\obj\project.assets.json" (previous value: "F:\OJT-Review\MoneyTrackerApp\Expense-Manager\MoneyTrackerApp\MoneyTrackerApp\obj\/project.assets.json") at C:\Program Files\dotnet\sdk\8.0.416\Sdks\Microsoft.NET.Sdk\targets\Microsoft.PackageDependencyResolution.targets (24,5)
       Property reassignment: $(ProjectAssetsCacheFile)="F:\OJT-Review\MoneyTrackerApp\Expense-Manager\MoneyTrackerApp\MoneyTrackerApp\obj\Debug\net8.0\MoneyTrackerApp.assets.cache" (previous value: "obj\Debug\net8.0\MoneyTrackerApp.assets.cache") at C:\Program Files\dotnet\sdk\8.0.416\Sdks\Microsoft.NET.Sdk\targets\Microsoft.PackageDependencyResolution.targets (29,5)
       Property reassignment: $(ResolveAssemblyReferencesDependsOn)="
             
             ResolveProjectReferences;
             FindInvalidProjectReferences;
             GetFrameworkPaths;
             GetReferenceAssemblyPaths;
             PrepareForBuild;
             ResolveSDKReferences;
             ExpandSDKReferences;
           ;
             ResolvePackageDependenciesForBuild;
             _HandlePackageFileConflicts;
           " (previous value: "
             ResolveProjectReferences;
             FindInvalidProjectReferences;
             GetFrameworkPaths;
             GetReferenceAssemblyPaths;
             PrepareForBuild;
             ResolveSDKReferences;
             ExpandSDKReferences;
           ") at C:\Program Files\dotnet\sdk\8.0.416\Sdks\Microsoft.NET.Sdk\targets\Microsoft.PackageDependencyResolution.targets (80,5)
       Property reassignment: $(PrepareResourcesDependsOn)="
             ResolvePackageDependenciesForBuild;
             _HandlePackageFileConflicts;
             
             ;
             PrepareResourceNames;
             ResGen;
             CompileLicxFiles
           
           " (previous value: "
             ;
             PrepareResourceNames;
             ResGen;
             CompileLicxFiles
           ") at C:\Program Files\dotnet\sdk\8.0.416\Sdks\Microsoft.NET.Sdk\targets\Microsoft.PackageDependencyResolution.targets (86,5)
       Property reassignment: $(DefaultItemExcludes)=";**\node_modules\**;node_modules\**;**\jspm_packages\**;jspm_packages\**;**\bower_components\**;bower_components\**;bin\Debug\/**;obj\Debug\/**;bin\/**" (previous value: ";**\node_modules\**;node_modules\**;**\jspm_packages\**;jspm_packages\**;**\bower_components\**;bower_components\**;bin\Debug\/**;obj\Debug\/**") at C:\Program Files\dotnet\sdk\8.0.416\Sdks\Microsoft.NET.Sdk\targets\Microsoft.NET.Sdk.DefaultItems.targets (27,5)
       Property reassignment: $(DefaultItemExcludes)=";**\node_modules\**;node_modules\**;**\jspm_packages\**;jspm_packages\**;**\bower_components\**;bower_components\**;bin\Debug\/**;obj\Debug\/**;bin\/**;obj\/**" (previous value: ";**\node_modules\**;node_modules\**;**\jspm_packages\**;jspm_packages\**;**\bower_components\**;bower_components\**;bin\Debug\/**;obj\Debug\/**;bin\/**") at C:\Program Files\dotnet\sdk\8.0.416\Sdks\Microsoft.NET.Sdk\targets\Microsoft.NET.Sdk.DefaultItems.targets (29,5)
       Property reassignment: $(DefaultItemExcludes)=";**\node_modules\**;node_modules\**;**\jspm_packages\**;jspm_packages\**;**\bower_components\**;bower_components\**;bin\Debug\/**;obj\Debug\/**;bin\/**;obj\/**;**/*.user" (previous value: ";**\node_modules\**;node_modules\**;**\jspm_packages\**;jspm_packages\**;**\bower_components\**;bower_components\**;bin\Debug\/**;obj\Debug\/**;bin\/**;obj\/**") at C:\Program Files\dotnet\sdk\8.0.416\Sdks\Microsoft.NET.Sdk\targets\Microsoft.NET.Sdk.DefaultItems.targets (32,5)
       Property reassignment: $(DefaultItemExcludes)=";**\node_modules\**;node_modules\**;**\jspm_packages\**;jspm_packages\**;**\bower_components\**;bower_components\**;bin\Debug\/**;obj\Debug\/**;bin\/**;obj\/**;**/*.user;**/*.*proj" (previous value: ";**\node_modules\**;node_modules\**;**\jspm_packages\**;jspm_packages\**;**\bower_components\**;bower_components\**;bin\Debug\/**;obj\Debug\/**;bin\/**;obj\/**;**/*.user") at C:\Program Files\dotnet\sdk\8.0.416\Sdks\Microsoft.NET.Sdk\targets\Microsoft.NET.Sdk.DefaultItems.targets (33,5)
       Property reassignment: $(DefaultItemExcludes)=";**\node_modules\**;node_modules\**;**\jspm_packages\**;jspm_packages\**;**\bower_components\**;bower_components\**;bin\Debug\/**;obj\Debug\/**;bin\/**;obj\/**;**/*.user;**/*.*proj;**/*.sln" (previous value: ";**\node_modules\**;node_modules\**;**\jspm_packages\**;jspm_packages\**;**\bower_components\**;bower_components\**;bin\Debug\/**;obj\Debug\/**;bin\/**;obj\/**;**/*.user;**/*.*proj") at C:\Program Files\dotnet\sdk\8.0.416\Sdks\Microsoft.NET.Sdk\targets\Microsoft.NET.Sdk.DefaultItems.targets (34,5)
       Property reassignment: $(DefaultItemExcludes)=";**\node_modules\**;node_modules\**;**\jspm_packages\**;jspm_packages\**;**\bower_components\**;bower_components\**;bin\Debug\/**;obj\Debug\/**;bin\/**;obj\/**;**/*.user;**/*.*proj;**/*.sln;**/*.vssscc" (previous value: ";**\node_modules\**;node_modules\**;**\jspm_packages\**;jspm_packages\**;**\bower_components\**;bower_components\**;bin\Debug\/**;obj\Debug\/**;bin\/**;obj\/**;**/*.user;**/*.*proj;**/*.sln") at C:\Program Files\dotnet\sdk\8.0.416\Sdks\Microsoft.NET.Sdk\targets\Microsoft.NET.Sdk.DefaultItems.targets (35,5)
       Property reassignment: $(DefaultItemExcludes)=";**\node_modules\**;node_modules\**;**\jspm_packages\**;jspm_packages\**;**\bower_components\**;bower_components\**;bin\Debug\/**;obj\Debug\/**;bin\/**;obj\/**;**/*.user;**/*.*proj;**/*.sln;**/*.vssscc;**/.DS_Store" (previous value: ";**\node_modules\**;node_modules\**;**\jspm_packages\**;jspm_packages\**;**\bower_components\**;bower_components\**;bin\Debug\/**;obj\Debug\/**;bin\/**;obj\/**;**/*.user;**/*.*proj;**/*.sln;**/*.vssscc") at C:\Program Files\dotnet\sdk\8.0.416\Sdks\Microsoft.NET.Sdk\targets\Microsoft.NET.Sdk.DefaultItems.targets (36,5)
       Property reassignment: $(ResolveAssemblyReferencesDependsOn)="
             
             
             ResolveProjectReferences;
             FindInvalidProjectReferences;
             GetFrameworkPaths;
             GetReferenceAssemblyPaths;
             PrepareForBuild;
             ResolveSDKReferences;
             ExpandSDKReferences;
           ;
             ResolvePackageDependenciesForBuild;
             _HandlePackageFileConflicts;
           ;
             ResolveTargetingPackAssets;
           " (previous value: "
             
             ResolveProjectReferences;
             FindInvalidProjectReferences;
             GetFrameworkPaths;
             GetReferenceAssemblyPaths;
             PrepareForBuild;
             ResolveSDKReferences;
             ExpandSDKReferences;
           ;
             ResolvePackageDependenciesForBuild;
             _HandlePackageFileConflicts;
           ") at C:\Program Files\dotnet\sdk\8.0.416\Sdks\Microsoft.NET.Sdk\targets\Microsoft.NET.Sdk.FrameworkReferenceResolution.targets (14,5)
       Property reassignment: $(_GenerateRuntimeConfigurationPropertyInputsCache)="F:\OJT-Review\MoneyTrackerApp\Expense-Manager\MoneyTrackerApp\MoneyTrackerApp\obj\Debug\net8.0\MoneyTrackerApp.genruntimeconfig.cache" (previous value: "obj\Debug\net8.0\MoneyTrackerApp.genruntimeconfig.cache") at C:\Program Files\dotnet\sdk\8.0.416\Sdks\Microsoft.NET.Sdk\targets\Microsoft.NET.Sdk.targets (44,5)
       Property reassignment: $(_GeneratePublishDependencyFilePropertyInputsCache)="F:\OJT-Review\MoneyTrackerApp\Expense-Manager\MoneyTrackerApp\MoneyTrackerApp\obj\Debug\net8.0\MoneyTrackerApp.genpublishdeps.cache" (previous value: "obj\Debug\net8.0\MoneyTrackerApp.genpublishdeps.cache") at C:\Program Files\dotnet\sdk\8.0.416\Sdks\Microsoft.NET.Sdk\targets\Microsoft.NET.Sdk.targets (46,5)
       Property reassignment: $(_GenerateSingleFileBundlePropertyInputsCache)="F:\OJT-Review\MoneyTrackerApp\Expense-Manager\MoneyTrackerApp\MoneyTrackerApp\obj\Debug\net8.0\MoneyTrackerApp.genbundle.cache" (previous value: "obj\Debug\net8.0\MoneyTrackerApp.genbundle.cache") at C:\Program Files\dotnet\sdk\8.0.416\Sdks\Microsoft.NET.Sdk\targets\Microsoft.NET.Sdk.targets (48,5)
       Property reassignment: $(GenerateRuntimeConfigDevFile)="false" (previous value: "true") at C:\Program Files\dotnet\sdk\8.0.416\Sdks\Microsoft.NET.Sdk\targets\Microsoft.NET.Sdk.targets (81,5)
       Property 'USERPROFILE' with value 'C:\Users\MY PC' expanded from the environment.
       Property reassignment: $(_DefaultUserProfileRuntimeStorePath)="C:\Users\MY PC" (previous value: "") at C:\Program Files\dotnet\sdk\8.0.416\Sdks\Microsoft.NET.Sdk\targets\Microsoft.NET.Sdk.targets (97,5)
       Property reassignment: $(_DefaultUserProfileRuntimeStorePath)="C:\Users\MY PC\.dotnet\store" (previous value: "C:\Users\MY PC") at C:\Program Files\dotnet\sdk\8.0.416\Sdks\Microsoft.NET.Sdk\targets\Microsoft.NET.Sdk.targets (98,5)
       Property reassignment: $(AvailablePlatforms)="Any CPU,x86,x64,ARM32" (previous value: "Any CPU,x86,x64") at C:\Program Files\dotnet\sdk\8.0.416\Sdks\Microsoft.NET.Sdk\targets\Microsoft.NET.Sdk.targets (136,5)
       Property reassignment: $(AvailablePlatforms)="Any CPU,x86,x64,ARM32,ARM64" (previous value: "Any CPU,x86,x64,ARM32") at C:\Program Files\dotnet\sdk\8.0.416\Sdks\Microsoft.NET.Sdk\targets\Microsoft.NET.Sdk.targets (140,5)
       Property reassignment: $(CoreBuildDependsOn)="
             _CheckForBuildWithNoBuild;
             
             BuildOnlySettings;
             PrepareForBuild;
             PreBuildEvent;
             ResolveReferences;
             PrepareResources;
             ResolveKeySource;
             Compile;
             ExportWindowsMDFile;
             UnmanagedUnregistration;
             GenerateSerializationAssemblies;
             CreateSatelliteAssemblies;
             GenerateManifests;
             GetTargetPath;
             PrepareForRun;
             UnmanagedRegistration;
             IncrementalClean;
             PostBuildEvent
           ;
             GenerateBuildDependencyFile;
             GenerateBuildRuntimeConfigurationFiles
           " (previous value: "
             BuildOnlySettings;
             PrepareForBuild;
             PreBuildEvent;
             ResolveReferences;
             PrepareResources;
             ResolveKeySource;
             Compile;
             ExportWindowsMDFile;
             UnmanagedUnregistration;
             GenerateSerializationAssemblies;
             CreateSatelliteAssemblies;
             GenerateManifests;
             GetTargetPath;
             PrepareForRun;
             UnmanagedRegistration;
             IncrementalClean;
             PostBuildEvent
           ") at C:\Program Files\dotnet\sdk\8.0.416\Sdks\Microsoft.NET.Sdk\targets\Microsoft.NET.Sdk.targets (197,5)
       Property reassignment: $(CoreCleanDependsOn)="
             _SdkBeforeClean;
             
           " (previous value: "") at C:\Program Files\dotnet\sdk\8.0.416\Sdks\Microsoft.NET.Sdk\targets\Microsoft.NET.Sdk.targets (206,5)
       Property reassignment: $(RebuildDependsOn)="
             _SdkBeforeRebuild;
             
             BeforeRebuild;
             Clean;
             Build;
             AfterRebuild;
           
           " (previous value: "
             BeforeRebuild;
             Clean;
             Build;
             AfterRebuild;
           ") at C:\Program Files\dotnet\sdk\8.0.416\Sdks\Microsoft.NET.Sdk\targets\Microsoft.NET.Sdk.targets (213,5)
       Property reassignment: $(CompileDependsOn)="
             
             ResolveReferences;
             ResolveKeySource;
             SetWin32ManifestProperties;
             _SetPreferNativeArm64Win32ManifestProperties;
             FindReferenceAssembliesForReferences;
             _GenerateCompileInputs;
             BeforeCompile;
             _TimeStampBeforeCompile;
             _GenerateCompileDependencyCache;
             CoreCompile;
             _TimeStampAfterCompile;
             AfterCompile;
           ;
             _CreateAppHost;
             _CreateComHost;
             _GetIjwHostPaths;
           " (previous value: "
             ResolveReferences;
             ResolveKeySource;
             SetWin32ManifestProperties;
             _SetPreferNativeArm64Win32ManifestProperties;
             FindReferenceAssembliesForReferences;
             _GenerateCompileInputs;
             BeforeCompile;
             _TimeStampBeforeCompile;
             _GenerateCompileDependencyCache;
             CoreCompile;
             _TimeStampAfterCompile;
             AfterCompile;
           ") at C:\Program Files\dotnet\sdk\8.0.416\Sdks\Microsoft.NET.Sdk\targets\Microsoft.NET.Sdk.targets (679,5)
       Property reassignment: $(CreateSatelliteAssembliesDependsOn)="
             
             ;
             _GenerateSatelliteAssemblyInputs;
             ComputeIntermediateSatelliteAssemblies;
             GenerateSatelliteAssemblies
           ;
             CoreGenerateSatelliteAssemblies
           " (previous value: "
             ;
             _GenerateSatelliteAssemblyInputs;
             ComputeIntermediateSatelliteAssemblies;
             GenerateSatelliteAssemblies
           ") at C:\Program Files\dotnet\sdk\8.0.416\Sdks\Microsoft.NET.Sdk\targets\Microsoft.NET.Sdk.targets (1065,5)
       Property reassignment: $(SourceLinkUrlInitializerTargets)=";_InitializeGitHubSourceLinkUrl;_InitializeGitLabSourceLinkUrl" (previous value: ";_InitializeGitHubSourceLinkUrl") at C:\Program Files\dotnet\sdk\8.0.416\Sdks\Microsoft.SourceLink.GitLab\build\Microsoft.SourceLink.GitLab.targets (12,5)
       Property reassignment: $(SourceControlManagerUrlTranslationTargets)=";TranslateGitHubUrlsInSourceControlInformation;TranslateGitLabUrlsInSourceControlInformation" (previous value: ";TranslateGitHubUrlsInSourceControlInformation") at C:\Program Files\dotnet\sdk\8.0.416\Sdks\Microsoft.SourceLink.GitLab\build\Microsoft.SourceLink.GitLab.targets (13,5)
       Property reassignment: $(SourceLinkUrlInitializerTargets)=";_InitializeGitHubSourceLinkUrl;_InitializeGitLabSourceLinkUrl;_InitializeAzureReposGitSourceLinkUrl" (previous value: ";_InitializeGitHubSourceLinkUrl;_InitializeGitLabSourceLinkUrl") at C:\Program Files\dotnet\sdk\8.0.416\Sdks\Microsoft.SourceLink.AzureRepos.Git\build\Microsoft.SourceLink.AzureRepos.Git.targets (12,5)
       Property reassignment: $(SourceControlManagerUrlTranslationTargets)=";TranslateGitHubUrlsInSourceControlInformation;TranslateGitLabUrlsInSourceControlInformation;TranslateAzureReposGitUrlsInSourceControlInformation" (previous value: ";TranslateGitHubUrlsInSourceControlInformation;TranslateGitLabUrlsInSourceControlInformation") at C:\Program Files\dotnet\sdk\8.0.416\Sdks\Microsoft.SourceLink.AzureRepos.Git\build\Microsoft.SourceLink.AzureRepos.Git.targets (13,5)
       Property reassignment: $(SourceLinkUrlInitializerTargets)=";_InitializeGitHubSourceLinkUrl;_InitializeGitLabSourceLinkUrl;_InitializeAzureReposGitSourceLinkUrl;_InitializeBitbucketGitSourceLinkUrl" (previous value: ";_InitializeGitHubSourceLinkUrl;_InitializeGitLabSourceLinkUrl;_InitializeAzureReposGitSourceLinkUrl") at C:\Program Files\dotnet\sdk\8.0.416\Sdks\Microsoft.SourceLink.Bitbucket.Git\build\Microsoft.SourceLink.Bitbucket.Git.targets (12,5)
       Property reassignment: $(SourceControlManagerUrlTranslationTargets)=";TranslateGitHubUrlsInSourceControlInformation;TranslateGitLabUrlsInSourceControlInformation;TranslateAzureReposGitUrlsInSourceControlInformation;TranslateBitbucketGitUrlsInSourceControlInformation" (previous value: ";TranslateGitHubUrlsInSourceControlInformation;TranslateGitLabUrlsInSourceControlInformation;TranslateAzureReposGitUrlsInSourceControlInformation") at C:\Program Files\dotnet\sdk\8.0.416\Sdks\Microsoft.SourceLink.Bitbucket.Git\build\Microsoft.SourceLink.Bitbucket.Git.targets (13,5)
       Property reassignment: $(DesignerRuntimeImplementationProjectOutputGroupDependsOn)="
             
             ;
             
             ;
             BuildOnlySettings;
             PrepareForBuild;
             AssignTargetPaths;
             ResolveReferences
           
           ;
             _GenerateDesignerDepsFile;
             _GenerateDesignerRuntimeConfigFile;
             GetCopyToOutputDirectoryItems;
             _GatherDesignerShadowCopyFiles;
           " (previous value: "
             ;
             
             ;
             BuildOnlySettings;
             PrepareForBuild;
             AssignTargetPaths;
             ResolveReferences
           
           ") at C:\Program Files\dotnet\sdk\8.0.416\Sdks\Microsoft.NET.Sdk\targets\Microsoft.NET.DesignerSupport.targets (21,5)
       Property reassignment: $(_GenerateToolsSettingsFileCacheFile)="F:\OJT-Review\MoneyTrackerApp\Expense-Manager\MoneyTrackerApp\MoneyTrackerApp\obj\Debug\net8.0\MoneyTrackerApp.toolssettingsinput.cache" (previous value: "obj\Debug\net8.0\MoneyTrackerApp.toolssettingsinput.cache") at C:\Program Files\dotnet\sdk\8.0.416\Sdks\Microsoft.NET.Sdk\targets\Microsoft.NET.PackTool.targets (68,5)
       Property reassignment: $(_ShimInputCacheFile)="F:\OJT-Review\MoneyTrackerApp\Expense-Manager\MoneyTrackerApp\MoneyTrackerApp\obj\Debug\net8.0\MoneyTrackerApp.shiminput.cache" (previous value: "obj\Debug\net8.0\MoneyTrackerApp.shiminput.cache") at C:\Program Files\dotnet\sdk\8.0.416\Sdks\Microsoft.NET.Sdk\targets\Microsoft.NET.PackTool.targets (137,5)
       Property reassignment: $(_ShimCreatedSentinelFile)="F:\OJT-Review\MoneyTrackerApp\Expense-Manager\MoneyTrackerApp\MoneyTrackerApp\obj\Debug\net8.0\MoneyTrackerApp.shimcreated.sentinel" (previous value: "obj\Debug\net8.0\MoneyTrackerApp.shimcreated.sentinel") at C:\Program Files\dotnet\sdk\8.0.416\Sdks\Microsoft.NET.Sdk\targets\Microsoft.NET.PackTool.targets (139,5)
       Property reassignment: $(DefineConstants)="TRACE;DEBUG" (previous value: "TRACE") at C:\Program Files\dotnet\sdk\8.0.416\Sdks\Microsoft.NET.Sdk\targets\Microsoft.NET.Sdk.CSharp.targets (31,5)
       Property reassignment: $(DefineConstants)="TRACE;DEBUG;NET;NET8_0;NETCOREAPP" (previous value: "TRACE;DEBUG") at C:\Program Files\dotnet\sdk\8.0.416\Sdks\Microsoft.NET.Sdk\targets\Microsoft.NET.Sdk.CSharp.targets (34,5)
       Property reassignment: $(WarningsAsErrors)=";NU1605;SYSLIB0011" (previous value: ";NU1605") at C:\Program Files\dotnet\sdk\8.0.416\Sdks\Microsoft.NET.Sdk\targets\Microsoft.NET.Sdk.CSharp.targets (48,5)
       Property reassignment: $(PackageDescription)="Package Description" (previous value: "") at C:\Program Files\dotnet\sdk\8.0.416\Sdks\NuGet.Build.Tasks.Pack\build\NuGet.Build.Tasks.Pack.targets (34,5)
       Property reassignment: $(GenerateNuspecDependsOn)="Build;_LoadPackInputItems; _GetTargetFrameworksOutput; _WalkEachTargetPerFramework; _GetPackageFiles; " (previous value: "_LoadPackInputItems; _GetTargetFrameworksOutput; _WalkEachTargetPerFramework; _GetPackageFiles; ") at C:\Program Files\dotnet\sdk\8.0.416\Sdks\NuGet.Build.Tasks.Pack\build\NuGet.Build.Tasks.Pack.targets (59,5)
       Property reassignment: $(_IsNotSetContainersTargetsDir)="true" (previous value: "false") at C:\Program Files\dotnet\sdk\8.0.416\Sdks\Microsoft.NET.Sdk\Sdk\Sdk.targets (59,5)
       Property reassignment: $(_IsSDKContainerAllowedVersion)="true" (previous value: "false") at C:\Program Files\dotnet\sdk\8.0.416\Containers\build\Microsoft.NET.Build.Containers.targets (5,5)
       Property reassignment: $(_ContainerIsTargetingNet8TFM)="true" (previous value: "false") at C:\Program Files\dotnet\sdk\8.0.416\Containers\build\Microsoft.NET.Build.Containers.targets (15,5)
       Property 'DOTNET_HOST_PATH' with value 'C:\Program Files\dotnet\dotnet.exe' expanded from the environment.
       Property reassignment: $(PrepareForRunDependsOn)="StaticWebAssetsPrepareForRun;
             CopyFilesToOutputDirectory
           " (previous value: "
             CopyFilesToOutputDirectory
           ") at C:\Program Files\dotnet\sdk\8.0.416\Sdks\Microsoft.NET.Sdk.StaticWebAssets\targets\Microsoft.NET.Sdk.StaticWebAssets.targets (255,5)
       Property reassignment: $(GetCopyToOutputDirectoryItemsDependsOn)="
             AssignTargetPaths;
             
             AssignProjectConfiguration;
             _SplitProjectReferencesByFileExistence
           ;
             _GetProjectReferenceTargetFrameworkProperties;
             _PopulateCommonStateForGetCopyToOutputDirectoryItems
           ;AddStaticWebAssetsManifest" (previous value: "
             AssignTargetPaths;
             
             AssignProjectConfiguration;
             _SplitProjectReferencesByFileExistence
           ;
             _GetProjectReferenceTargetFrameworkProperties;
             _PopulateCommonStateForGetCopyToOutputDirectoryItems
           ") at C:\Program Files\dotnet\sdk\8.0.416\Sdks\Microsoft.NET.Sdk.StaticWebAssets\targets\Microsoft.NET.Sdk.StaticWebAssets.targets (266,5)
       Property reassignment: $(GenerateNuspecDependsOn)="
             IncludeStaticWebAssetsPackItems;
             Build;_LoadPackInputItems; _GetTargetFrameworksOutput; _WalkEachTargetPerFramework; _GetPackageFiles; ;
           " (previous value: "Build;_LoadPackInputItems; _GetTargetFrameworksOutput; _WalkEachTargetPerFramework; _GetPackageFiles; ") at C:\Program Files\dotnet\sdk\8.0.416\Sdks\Microsoft.NET.Sdk.StaticWebAssets\targets\Microsoft.NET.Sdk.StaticWebAssets.Pack.targets (41,5)
       Property reassignment: $(IncludeStaticWebAssetsPackItemsDependsOn)="
             Build;
             ResolveStaticWebAssetsConfiguration;LoadStaticWebAssetsBuildManifest
           ;
           " (previous value: "
             ResolveStaticWebAssetsConfiguration;LoadStaticWebAssetsBuildManifest
           ") at C:\Program Files\dotnet\sdk\8.0.416\Sdks\Microsoft.NET.Sdk.StaticWebAssets\targets\Microsoft.NET.Sdk.StaticWebAssets.Pack.targets (50,5)
       Property reassignment: $(ResolveStaticWebAssetsInputsDependsOn)="
           UpdateExistingPackageStaticWebAssets;ResolveProjectStaticWebAssets;ResolveEmbeddedProjectsStaticWebAssets;ResolveReferencedProjectsStaticWebAssets;;
           UpdateLegacyPackageScopedCssBundles;
           _AddScopedCssBundles;
         " (previous value: "UpdateExistingPackageStaticWebAssets;ResolveProjectStaticWebAssets;ResolveEmbeddedProjectsStaticWebAssets;ResolveReferencedProjectsStaticWebAssets;") at C:\Program Files\dotnet\sdk\8.0.416\Sdks\Microsoft.NET.Sdk.StaticWebAssets\targets\Microsoft.NET.Sdk.StaticWebAssets.ScopedCss.targets (55,3)
       Property reassignment: $(GenerateComputedBuildStaticWebAssetsDependsOn)="
           ;
           _ResolveBundlingConfiguration;
           _GenerateScopedCssFiles;
           BundleScopedCssFiles;
         " (previous value: "") at C:\Program Files\dotnet\sdk\8.0.416\Sdks\Microsoft.NET.Sdk.StaticWebAssets\targets\Microsoft.NET.Sdk.StaticWebAssets.ScopedCss.targets (61,3)
       Property reassignment: $(ResolveStaticWebAssetsInputsDependsOn)="
             
           UpdateExistingPackageStaticWebAssets;ResolveProjectStaticWebAssets;ResolveEmbeddedProjectsStaticWebAssets;ResolveReferencedProjectsStaticWebAssets;;
           UpdateLegacyPackageScopedCssBundles;
           _AddScopedCssBundles;
         ;
             _AddJsModulesToStaticWebAssets;
           " (previous value: "
           UpdateExistingPackageStaticWebAssets;ResolveProjectStaticWebAssets;ResolveEmbeddedProjectsStaticWebAssets;ResolveReferencedProjectsStaticWebAssets;;
           UpdateLegacyPackageScopedCssBundles;
           _AddScopedCssBundles;
         ") at C:\Program Files\dotnet\sdk\8.0.416\Sdks\Microsoft.NET.Sdk.StaticWebAssets\targets\Microsoft.NET.Sdk.StaticWebAssets.JSModules.targets (36,5)
       Property reassignment: $(StaticWebAssetsPrepareForRunDependsOn)="
             ;GenerateStaticWebAssetsManifest;GenerateComputedBuildStaticWebAssets;CopyStaticWebAssetsToOutputDirectory;
             _GenerateBuildJsModuleManifest;
           " (previous value: ";GenerateStaticWebAssetsManifest;GenerateComputedBuildStaticWebAssets;CopyStaticWebAssetsToOutputDirectory") at C:\Program Files\dotnet\sdk\8.0.416\Sdks\Microsoft.NET.Sdk.StaticWebAssets\targets\Microsoft.NET.Sdk.StaticWebAssets.JSModules.targets (44,5)
       Property reassignment: $(StaticWebAssetsPrepareForPublishDependsOn)="
             ;ResolveStaticWebAssetsConfiguration;GenerateStaticWebAssetsPublishManifest;GenerateComputedPublishStaticWebAssets;
             _GeneratePublishJsModuleManifest;
           " (previous value: ";ResolveStaticWebAssetsConfiguration;GenerateStaticWebAssetsPublishManifest;GenerateComputedPublishStaticWebAssets") at C:\Program Files\dotnet\sdk\8.0.416\Sdks\Microsoft.NET.Sdk.StaticWebAssets\targets\Microsoft.NET.Sdk.StaticWebAssets.JSModules.targets (49,5)
       Property reassignment: $(ResolveStaticWebAssetsInputsDependsOn)="
             
             
           UpdateExistingPackageStaticWebAssets;ResolveProjectStaticWebAssets;ResolveEmbeddedProjectsStaticWebAssets;ResolveReferencedProjectsStaticWebAssets;;
           UpdateLegacyPackageScopedCssBundles;
           _AddScopedCssBundles;
         ;
             _AddJsModulesToStaticWebAssets;
           ;
             _AddBuildJsModuleManifest;
           " (previous value: "
             
           UpdateExistingPackageStaticWebAssets;ResolveProjectStaticWebAssets;ResolveEmbeddedProjectsStaticWebAssets;ResolveReferencedProjectsStaticWebAssets;;
           UpdateLegacyPackageScopedCssBundles;
           _AddScopedCssBundles;
         ;
             _AddJsModulesToStaticWebAssets;
           ") at C:\Program Files\dotnet\sdk\8.0.416\Sdks\Microsoft.NET.Sdk.StaticWebAssets\targets\Microsoft.NET.Sdk.StaticWebAssets.JSModules.targets (54,5)
       Property reassignment: $(ResolvePublishStaticWebAssetsDependsOn)="
             LoadStaticWebAssetsBuildManifest;ComputeReferencedProjectsEmbeddedPublishAssets;ComputeReferencedProjectsPublishAssets;;
             _AddPublishJsModuleManifest
           " (previous value: "LoadStaticWebAssetsBuildManifest;ComputeReferencedProjectsEmbeddedPublishAssets;ComputeReferencedProjectsPublishAssets;") at C:\Program Files\dotnet\sdk\8.0.416\Sdks\Microsoft.NET.Sdk.StaticWebAssets\targets\Microsoft.NET.Sdk.StaticWebAssets.JSModules.targets (59,5)
       Property reassignment: $(GenerateComputedBuildStaticWebAssetsDependsOn)="
             
           ;
           _ResolveBundlingConfiguration;
           _GenerateScopedCssFiles;
           BundleScopedCssFiles;
         ;
             _CompressFiles;
           " (previous value: "
           ;
           _ResolveBundlingConfiguration;
           _GenerateScopedCssFiles;
           BundleScopedCssFiles;
         ") at C:\Program Files\dotnet\sdk\8.0.416\Sdks\Microsoft.NET.Sdk.StaticWebAssets\targets\Microsoft.NET.Sdk.StaticWebAssets.Compression.targets (35,5)
       Property reassignment: $(GenerateComputedPublishStaticWebAssetsDependsOn)="
             ;
             _CompressFilesForPublish;
           " (previous value: "") at C:\Program Files\dotnet\sdk\8.0.416\Sdks\Microsoft.NET.Sdk.StaticWebAssets\targets\Microsoft.NET.Sdk.StaticWebAssets.Compression.targets (39,5)
       Property reassignment: $(StaticWebAssetsPrepareForPublishDependsOn)="
             
             ;ResolveStaticWebAssetsConfiguration;GenerateStaticWebAssetsPublishManifest;GenerateComputedPublishStaticWebAssets;
             _GeneratePublishJsModuleManifest;
           ;
             _CompressFilesForPublish;
           " (previous value: "
             ;ResolveStaticWebAssetsConfiguration;GenerateStaticWebAssetsPublishManifest;GenerateComputedPublishStaticWebAssets;
             _GeneratePublishJsModuleManifest;
           ") at C:\Program Files\dotnet\sdk\8.0.416\Sdks\Microsoft.NET.Sdk.StaticWebAssets\targets\Microsoft.NET.Sdk.StaticWebAssets.Compression.targets (43,5)
       Property reassignment: $(ResolveStaticWebAssetsInputsDependsOn)="
             
             
             
           UpdateExistingPackageStaticWebAssets;ResolveProjectStaticWebAssets;ResolveEmbeddedProjectsStaticWebAssets;ResolveReferencedProjectsStaticWebAssets;;
           UpdateLegacyPackageScopedCssBundles;
           _AddScopedCssBundles;
         ;
             _AddJsModulesToStaticWebAssets;
           ;
             _AddBuildJsModuleManifest;
           ;
             _ResolveCompressedFiles;
           " (previous value: "
             
             
           UpdateExistingPackageStaticWebAssets;ResolveProjectStaticWebAssets;ResolveEmbeddedProjectsStaticWebAssets;ResolveReferencedProjectsStaticWebAssets;;
           UpdateLegacyPackageScopedCssBundles;
           _AddScopedCssBundles;
         ;
             _AddJsModulesToStaticWebAssets;
           ;
             _AddBuildJsModuleManifest;
           ") at C:\Program Files\dotnet\sdk\8.0.416\Sdks\Microsoft.NET.Sdk.StaticWebAssets\targets\Microsoft.NET.Sdk.StaticWebAssets.Compression.targets (47,5)
       Property reassignment: $(ResolvePublishStaticWebAssetsDependsOn)="
             
             LoadStaticWebAssetsBuildManifest;ComputeReferencedProjectsEmbeddedPublishAssets;ComputeReferencedProjectsPublishAssets;;
             _AddPublishJsModuleManifest
           ;
             _ResolveCompressedFilesForPublish;
           " (previous value: "
             LoadStaticWebAssetsBuildManifest;ComputeReferencedProjectsEmbeddedPublishAssets;ComputeReferencedProjectsPublishAssets;;
             _AddPublishJsModuleManifest
           ") at C:\Program Files\dotnet\sdk\8.0.416\Sdks\Microsoft.NET.Sdk.StaticWebAssets\targets\Microsoft.NET.Sdk.StaticWebAssets.Compression.targets (51,5)
       Property reassignment: $(ResolveScopedCssOutputsDependsOn)="
             
           ;
         ;
             ResolveCssScopes;
           " (previous value: "
           ;
         ") at C:\Program Files\dotnet\sdk\8.0.416\Sdks\Microsoft.NET.Sdk.Razor\targets\Sdk.Razor.CurrentVersion.targets (188,5)
       Property reassignment: $(DebugSymbolsProjectOutputGroupDependsOn)="
             ;
             _RazorAddDebugSymbolsProjectOutputGroupOutput
           " (previous value: "") at C:\Program Files\dotnet\sdk\8.0.416\Sdks\Microsoft.NET.Sdk.Razor\targets\Sdk.Razor.CurrentVersion.targets (193,5)
       Property reassignment: $(PrepareForBuildDependsOn)="
             ;GetFrameworkPaths;GetReferenceAssemblyPaths;AssignLinkMetadata;
             ResolveRazorGenerateInputs
           " (previous value: ";GetFrameworkPaths;GetReferenceAssemblyPaths;AssignLinkMetadata") at C:\Program Files\dotnet\sdk\8.0.416\Sdks\Microsoft.NET.Sdk.Razor\targets\Sdk.Razor.CurrentVersion.targets (198,5)
       Property reassignment: $(GenerateNuspecDependsOn)="
             ResolveRazorGenerateInputs;
             
             IncludeStaticWebAssetsPackItems;
             Build;_LoadPackInputItems; _GetTargetFrameworksOutput; _WalkEachTargetPerFramework; _GetPackageFiles; ;
           
           " (previous value: "
             IncludeStaticWebAssetsPackItems;
             Build;_LoadPackInputItems; _GetTargetFrameworksOutput; _WalkEachTargetPerFramework; _GetPackageFiles; ;
           ") at C:\Program Files\dotnet\sdk\8.0.416\Sdks\Microsoft.NET.Sdk.Razor\targets\Sdk.Razor.CurrentVersion.targets (203,5)
       Property reassignment: $(PrepareForRunDependsOn)="
             _RazorPrepareForRun;
             StaticWebAssetsPrepareForRun;
             CopyFilesToOutputDirectory
           
           " (previous value: "StaticWebAssetsPrepareForRun;
             CopyFilesToOutputDirectory
           ") at C:\Program Files\dotnet\sdk\8.0.416\Sdks\Microsoft.NET.Sdk.Razor\targets\Sdk.Razor.CurrentVersion.targets (208,5)
       Property reassignment: $(UseRazorBuildServer)="true" (previous value: "") at C:\Program Files\dotnet\sdk\8.0.416\Sdks\Microsoft.NET.Sdk.Razor\targets\Sdk.Razor.CurrentVersion.targets (299,5)
       Property reassignment: $(_RazorDebugSymbolsProduced)="true" (previous value: "false") at C:\Program Files\dotnet\sdk\8.0.416\Sdks\Microsoft.NET.Sdk.Razor\targets\Sdk.Razor.CurrentVersion.targets (305,5)
       Property reassignment: $(GenerateRazorTargetAssemblyInfoDependsOn)="
             _ResolveMvcAssemblyAttributes;
             
             GetRazorTargetAssemblyAttributes;
             _CreateRazorTargetAssemblyInfoInputsCacheFile;
             CoreGenerateRazorTargetAssemblyInfo
           
           " (previous value: "
             GetRazorTargetAssemblyAttributes;
             _CreateRazorTargetAssemblyInfoInputsCacheFile;
             CoreGenerateRazorTargetAssemblyInfo
           ") at C:\Program Files\dotnet\sdk\8.0.416\Sdks\Microsoft.NET.Sdk.Razor\targets\Microsoft.NET.Sdk.Razor.GenerateAssemblyInfo.targets (36,5)
       Property reassignment: $(CoreCompileDependsOn)="
             ;_ComputeNonExistentFileProperty;ResolveCodeAnalysisRuleSet;
             _GenerateRazorAssemblyInfo
           " (previous value: ";_ComputeNonExistentFileProperty;ResolveCodeAnalysisRuleSet") at C:\Program Files\dotnet\sdk\8.0.416\Sdks\Microsoft.NET.Sdk.Razor\targets\Microsoft.NET.Sdk.Razor.GenerateAssemblyInfo.targets (181,5)
       Property reassignment: $(_GenerateRazorAssemblyInfoDependsOn)="
             _ResolveMvcAssemblyAttributes;
             RazorGetAssemblyAttributes;PrepareForBuild;_CoreGenerateRazorAssemblyInfo;
           " (previous value: "RazorGetAssemblyAttributes;PrepareForBuild;_CoreGenerateRazorAssemblyInfo") at C:\Program Files\dotnet\sdk\8.0.416\Sdks\Microsoft.NET.Sdk.Razor\targets\Microsoft.NET.Sdk.Razor.GenerateAssemblyInfo.targets (189,5)
       Property reassignment: $(CoreCompileDependsOn)="
             _DiscoverMvcApplicationParts;
             
             ;_ComputeNonExistentFileProperty;ResolveCodeAnalysisRuleSet;
             _GenerateRazorAssemblyInfo
           ;
           " (previous value: "
             ;_ComputeNonExistentFileProperty;ResolveCodeAnalysisRuleSet;
             _GenerateRazorAssemblyInfo
           ") at C:\Program Files\dotnet\sdk\8.0.416\Sdks\Microsoft.NET.Sdk.Razor\targets\Microsoft.NET.Sdk.Razor.MvcApplicationPartsDiscovery.targets (22,5)
       Property reassignment: $(RazorDesignTimeTargets)="C:\Program Files\dotnet\sdk\8.0.416\Sdks\Microsoft.NET.Sdk.Razor\targets\Microsoft.NET.Sdk.Razor.DesignTime.targets" (previous value: "C:\Program Files\dotnet\sdk\8.0.416\\Microsoft\VisualStudio\Razor\Microsoft.NET.Sdk.Razor.DesignTime.targets") at C:\Program Files\dotnet\sdk\8.0.416\Sdks\Microsoft.NET.Sdk.Razor\targets\Sdk.Razor.CurrentVersion.targets (779,5)
       Property reassignment: $(RunWorkingDirectory)="F:\OJT-Review\MoneyTrackerApp\Expense-Manager\MoneyTrackerApp\MoneyTrackerApp" (previous value: "") at C:\Program Files\dotnet\sdk\8.0.416\Sdks\Microsoft.NET.Sdk.Web.ProjectSystem\targets\Microsoft.NET.Sdk.Web.ProjectSystem.targets (21,5)
       Property reassignment: $(PublishProfileImported)="true" (previous value: "false") at C:\Program Files\dotnet\sdk\8.0.416\Sdks\Microsoft.NET.Sdk.Publish\targets\Microsoft.NET.Sdk.Publish.targets (60,5)
       Property reassignment: $(PublishConfiguration)="Debug" (previous value: "") at C:\Program Files\dotnet\sdk\8.0.416\Sdks\Microsoft.NET.Sdk.Publish\targets\Microsoft.NET.Sdk.Publish.targets (81,5)
       Property reassignment: $(BaseIntermediateOutputPath)="F:\OJT-Review\MoneyTrackerApp\Expense-Manager\MoneyTrackerApp\MoneyTrackerApp\obj\" (previous value: "obj\") at C:\Program Files\dotnet\sdk\8.0.416\Sdks\Microsoft.NET.Sdk.Publish\targets\Microsoft.NET.Sdk.Publish.targets (87,5)
       Assembly loaded during Evaluation: System.Reflection.Emit.Lightweight, Version=8.0.0.0, Culture=neutral, PublicKeyToken=b03f5f7f11d50a3a (location: C:\Program Files\dotnet\shared\Microsoft.NETCore.App\8.0.22\System.Reflection.Emit.Lightweight.dll, MVID: ee7e5a7b-9687-4f67-80b9-7e8d5f0d93a4, AssemblyLoadContext: Default)
       Assembly loaded during Evaluation: System.Reflection.Emit.ILGeneration, Version=8.0.0.0, Culture=neutral, PublicKeyToken=b03f5f7f11d50a3a (location: C:\Program Files\dotnet\shared\Microsoft.NETCore.App\8.0.22\System.Reflection.Emit.ILGeneration.dll, MVID: 6f01035e-2120-46b2-bbc6-4b202c8778f3, AssemblyLoadContext: Default)
       Assembly loaded during Evaluation: System.Reflection.Primitives, Version=8.0.0.0, Culture=neutral, PublicKeyToken=b03f5f7f11d50a3a (location: C:\Program Files\dotnet\shared\Microsoft.NETCore.App\8.0.22\System.Reflection.Primitives.dll, MVID: 203b2cfd-32fb-49c8-a2c3-bdc3bec5fd16, AssemblyLoadContext: Default)
       Overriding target "ResolveFrameworkReferences" in project "C:\Program Files\dotnet\sdk\8.0.416\Microsoft.Common.CurrentVersion.targets" with target "ResolveFrameworkReferences" from project "C:\Program Files\dotnet\sdk\8.0.416\Sdks\Microsoft.NET.Sdk\targets\Microsoft.NET.Sdk.FrameworkReferenceResolution.targets".
       Overriding target "Run" in project "C:\Program Files\dotnet\sdk\8.0.416\Microsoft.Common.CurrentVersion.targets" with target "Run" from project "C:\Program Files\dotnet\sdk\8.0.416\Sdks\Microsoft.NET.Sdk\targets\Microsoft.NET.Sdk.targets".
       Overriding target "GenerateSupportedTargetFrameworkAlias" in project "C:\Program Files\dotnet\sdk\8.0.416\Microsoft.Common.CurrentVersion.targets" with target "GenerateSupportedTargetFrameworkAlias" from project "C:\Program Files\dotnet\sdk\8.0.416\Sdks\Microsoft.NET.Sdk\targets\Microsoft.NET.Sdk.targets".
       Overriding target "GetReferenceAssemblyPaths" in project "C:\Program Files\dotnet\sdk\8.0.416\Microsoft.Common.CurrentVersion.targets" with target "GetReferenceAssemblyPaths" from project "C:\Program Files\dotnet\sdk\8.0.416\Sdks\Microsoft.NET.Sdk\targets\Microsoft.NET.DisableStandardFrameworkResolution.targets".
       Overriding target "GetFrameworkPaths" in project "C:\Program Files\dotnet\sdk\8.0.416\Microsoft.Common.CurrentVersion.targets" with target "GetFrameworkPaths" from project "C:\Program Files\dotnet\sdk\8.0.416\Sdks\Microsoft.NET.Sdk\targets\Microsoft.NET.DisableStandardFrameworkResolution.targets".
       Overriding target "DesignerRuntimeImplementationProjectOutputGroup" in project "C:\Program Files\dotnet\sdk\8.0.416\Microsoft.Common.CurrentVersion.targets" with target "DesignerRuntimeImplementationProjectOutputGroup" from project "C:\Program Files\dotnet\sdk\8.0.416\Sdks\Microsoft.NET.Sdk\targets\Microsoft.NET.DesignerSupport.targets".
       Overriding target "Publish" in project "C:\Program Files\dotnet\sdk\8.0.416\Microsoft.Common.CurrentVersion.targets" with target "Publish" from project "C:\Program Files\dotnet\sdk\8.0.416\Sdks\Microsoft.NET.Sdk\targets\Microsoft.NET.Publish.targets".
       Overriding target "ResolveReadyToRunCompilers" in project "C:\Program Files\dotnet\sdk\8.0.416\Sdks\Microsoft.NET.Sdk\targets\Microsoft.NET.CrossGen.targets" with target "ResolveReadyToRunCompilers" from project "C:\Program Files\dotnet\sdk\8.0.416\Sdks\Microsoft.NET.Sdk\targets\Microsoft.NET.Publish.targets".
       Overriding target "GetCopyToPublishDirectoryItems" in project "C:\Program Files\dotnet\sdk\8.0.416\Microsoft.Common.CurrentVersion.targets" with target "GetCopyToPublishDirectoryItems" from project "C:\Program Files\dotnet\sdk\8.0.416\Sdks\Microsoft.NET.Sdk\targets\Microsoft.NET.Publish.targets".
       Overriding target "BeforePublish" in project "C:\Program Files\dotnet\sdk\8.0.416\Microsoft.Common.CurrentVersion.targets" with target "BeforePublish" from project "C:\Program Files\dotnet\sdk\8.0.416\Sdks\Microsoft.NET.Sdk.Publish\targets\Microsoft.NET.Sdk.Publish.targets".
       Overriding target "AfterPublish" in project "C:\Program Files\dotnet\sdk\8.0.416\Microsoft.Common.CurrentVersion.targets" with target "AfterPublish" from project "C:\Program Files\dotnet\sdk\8.0.416\Sdks\Microsoft.NET.Sdk.Publish\targets\Microsoft.NET.Sdk.Publish.targets".
       The target "CollectUpToDateCheckInputDesignTime" listed in a BeforeTargets attribute at "C:\Program Files\dotnet\sdk\8.0.416\Sdks\Microsoft.NET.Sdk.StaticWebAssets\targets\Microsoft.NET.Sdk.StaticWebAssets.ScopedCss.targets (156,5)" does not exist in the project, and will be ignored.
       The target "CollectUpToDateCheckBuiltDesignTime" listed in a BeforeTargets attribute at "C:\Program Files\dotnet\sdk\8.0.416\Sdks\Microsoft.NET.Sdk.StaticWebAssets\targets\Microsoft.NET.Sdk.StaticWebAssets.ScopedCss.targets (156,5)" does not exist in the project, and will be ignored.
       The target "RazorGenerateComponentDeclaration" listed in an AfterTargets attribute at "C:\Program Files\dotnet\sdk\8.0.416\Sdks\Microsoft.NET.Sdk.Razor\targets\Microsoft.NET.Sdk.Razor.DesignTime.targets (55,53)" does not exist in the project, and will be ignored.
     1>Project "F:\OJT-Review\MoneyTrackerApp\Expense-Manager\MoneyTrackerApp\MoneyTrackerApp\MoneyTrackerApp.csproj" on node 1 (Restore target(s)).
     1>Target "_LoadRestoreGraphEntryPoints" in file "C:\Program Files\dotnet\sdk\8.0.416\NuGet.targets" from project "F:\OJT-Review\MoneyTrackerApp\Expense-Manager\MoneyTrackerApp\MoneyTrackerApp\MoneyTrackerApp.csproj" (target "_FilterRestoreGraphProjectInputItems" depends on it):
     1>Task "GetRestoreSolutionProjectsTask" skipped, due to false condition; ( $(MSBuildProjectFullPath.EndsWith('.metaproj')) == 'true' AND @(RestoreGraphProjectInputItems) == '' ) was evaluated as ( False == 'true' AND F:\OJT-Review\MoneyTrackerApp\Expense-Manager\MoneyTrackerApp\MoneyTrackerApp\MoneyTrackerApp.csproj == '' ).
     1>Done building target "_LoadRestoreGraphEntryPoints" in project "MoneyTrackerApp.csproj".
     1>Target "_FilterRestoreGraphProjectInputItems" in file "C:\Program Files\dotnet\sdk\8.0.416\NuGet.targets" from project "F:\OJT-Review\MoneyTrackerApp\Expense-Manager\MoneyTrackerApp\MoneyTrackerApp\MoneyTrackerApp.csproj" (target "_GenerateRestoreGraph" depends on it):
       Using "RemoveDuplicates" task from assembly "Microsoft.Build.Tasks.Core, Version=15.1.0.0, Culture=neutral, PublicKeyToken=b03f5f7f11d50a3a".
       Task "RemoveDuplicates"
       Done executing task "RemoveDuplicates".
       Using "MSBuild" task from assembly "Microsoft.Build.Tasks.Core, Version=15.1.0.0, Culture=neutral, PublicKeyToken=b03f5f7f11d50a3a".
       Task "MSBuild"
         Global Properties:
           ExcludeRestorePackageImports=true
     0>Property 'MSBuildExtensionsPath' with value 'C:\Program Files\dotnet\sdk\8.0.416\' expanded from the environment.
       Property reassignment: $(MSBuildProjectExtensionsPath)="F:\OJT-Review\MoneyTrackerApp\Expense-Manager\MoneyTrackerApp\MoneyTrackerApp\obj\" (previous value: "obj\") at C:\Program Files\dotnet\sdk\8.0.416\Current\Microsoft.Common.props (60,5)
       Property 'MSBuildUserExtensionsPath' with value 'C:\Users\MY PC\AppData\Local\Microsoft\MSBuild' expanded from the environment.
       Property reassignment: $(AssemblySearchPaths)="{CandidateAssemblyFiles};{HintPathFromItem}" (previous value: "{CandidateAssemblyFiles}") at C:\Program Files\dotnet\sdk\8.0.416\Sdks\Microsoft.NET.Sdk\targets\Microsoft.NET.Sdk.props (91,5)
       Property reassignment: $(AssemblySearchPaths)="{CandidateAssemblyFiles};{HintPathFromItem};{TargetFrameworkDirectory}" (previous value: "{CandidateAssemblyFiles};{HintPathFromItem}") at C:\Program Files\dotnet\sdk\8.0.416\Sdks\Microsoft.NET.Sdk\targets\Microsoft.NET.Sdk.props (92,5)
       Property reassignment: $(AssemblySearchPaths)="{CandidateAssemblyFiles};{HintPathFromItem};{TargetFrameworkDirectory};{RawFileName}" (previous value: "{CandidateAssemblyFiles};{HintPathFromItem};{TargetFrameworkDirectory}") at C:\Program Files\dotnet\sdk\8.0.416\Sdks\Microsoft.NET.Sdk\targets\Microsoft.NET.Sdk.props (93,5)
       Property reassignment: $(TargetsForTfmSpecificContentInPackage)=";PackTool;_PackProjectToolValidation" (previous value: ";PackTool") at C:\Program Files\dotnet\sdk\8.0.416\Sdks\Microsoft.NET.Sdk\targets\Microsoft.NET.PackProjectTool.props (15,5)
       Property reassignment: $(DefaultItemExcludes)=";**\node_modules\**;node_modules\**;**\jspm_packages\**;jspm_packages\**" (previous value: ";**\node_modules\**;node_modules\**") at C:\Program Files\dotnet\sdk\8.0.416\Sdks\Microsoft.NET.Sdk.StaticWebAssets\Sdk\Sdk.StaticWebAssets.StaticAssets.ProjectSystem.props (23,5)
       Property reassignment: $(DefaultItemExcludes)=";**\node_modules\**;node_modules\**;**\jspm_packages\**;jspm_packages\**;**\bower_components\**;bower_components\**" (previous value: ";**\node_modules\**;node_modules\**;**\jspm_packages\**;jspm_packages\**") at C:\Program Files\dotnet\sdk\8.0.416\Sdks\Microsoft.NET.Sdk.StaticWebAssets\Sdk\Sdk.StaticWebAssets.StaticAssets.ProjectSystem.props (24,5)
       Property reassignment: $(OutputType)="Exe" (previous value: "Library") at C:\Program Files\dotnet\sdk\8.0.416\Sdks\Microsoft.NET.Sdk.Web.ProjectSystem\targets\Microsoft.NET.Sdk.Web.ProjectSystem.props (16,5)
       Property reassignment: $(PublishProfileImported)="false" (previous value: "true") at C:\Program Files\dotnet\sdk\8.0.416\Sdks\Microsoft.NET.Sdk\targets\Microsoft.NET.Sdk.ImportPublishProfile.targets (28,5)
       Property reassignment: $(TargetPlatformVersion)="" (previous value: "0.0") at C:\Program Files\dotnet\sdk\8.0.416\Sdks\Microsoft.NET.Sdk\targets\Microsoft.NET.TargetFrameworkInference.targets (69,5)
       Property reassignment: $(DefaultItemExcludes)=";**\node_modules\**;node_modules\**;**\jspm_packages\**;jspm_packages\**;**\bower_components\**;bower_components\**;bin\Debug\/**" (previous value: ";**\node_modules\**;node_modules\**;**\jspm_packages\**;jspm_packages\**;**\bower_components\**;bower_components\**") at C:\Program Files\dotnet\sdk\8.0.416\Sdks\Microsoft.NET.Sdk\targets\Microsoft.NET.DefaultOutputPaths.targets (121,5)
       Property reassignment: $(DefaultItemExcludes)=";**\node_modules\**;node_modules\**;**\jspm_packages\**;jspm_packages\**;**\bower_components\**;bower_components\**;bin\Debug\/**;obj\Debug\/**" (previous value: ";**\node_modules\**;node_modules\**;**\jspm_packages\**;jspm_packages\**;**\bower_components\**;bower_components\**;bin\Debug\/**") at C:\Program Files\dotnet\sdk\8.0.416\Sdks\Microsoft.NET.Sdk\targets\Microsoft.NET.DefaultOutputPaths.targets (122,5)
       Property reassignment: $(OutputPath)="bin\Debug\net8.0\" (previous value: "bin\Debug\") at C:\Program Files\dotnet\sdk\8.0.416\Sdks\Microsoft.NET.Sdk\targets\Microsoft.NET.DefaultOutputPaths.targets (137,5)
       Property reassignment: $(IntermediateOutputPath)="obj\Debug\net8.0\" (previous value: "obj\Debug\") at C:\Program Files\dotnet\sdk\8.0.416\Sdks\Microsoft.NET.Sdk\targets\Microsoft.NET.DefaultOutputPaths.targets (142,5)
       Property reassignment: $(_FrameworkIdentifierForImplicitDefine)="NET" (previous value: "NETCOREAPP") at C:\Program Files\dotnet\sdk\8.0.416\Sdks\Microsoft.NET.Sdk\targets\Microsoft.NET.Sdk.BeforeCommon.targets (187,5)
       Property reassignment: $(_FrameworkVersionForImplicitDefine)="8_0" (previous value: "8.0") at C:\Program Files\dotnet\sdk\8.0.416\Sdks\Microsoft.NET.Sdk\targets\Microsoft.NET.Sdk.BeforeCommon.targets (192,5)
       Property reassignment: $(CommandLineArgsForDesignTimeEvaluation)="-langversion:12.0 -define:TRACE" (previous value: "-langversion:12.0") at C:\Program Files\dotnet\sdk\8.0.416\Roslyn\Microsoft.CSharp.Core.targets (200,5)
       Property reassignment: $(_DebugSymbolsProduced)="true" (previous value: "false") at C:\Program Files\dotnet\sdk\8.0.416\Microsoft.Common.CurrentVersion.targets (175,5)
       Property reassignment: $(_DocumentationFileProduced)="false" (previous value: "true") at C:\Program Files\dotnet\sdk\8.0.416\Microsoft.Common.CurrentVersion.targets (185,5)
       Property reassignment: $(MSBuildCopyMarkerName)="MoneyTra.B0A6294C" (previous value: "MoneyTrackerApp.csproj") at C:\Program Files\dotnet\sdk\8.0.416\Microsoft.Common.CurrentVersion.targets (392,5)
       Property reassignment: $(MSBuildCopyMarkerName)="MoneyTra.B0A6294C.Up2Date" (previous value: "MoneyTra.B0A6294C") at C:\Program Files\dotnet\sdk\8.0.416\Microsoft.Common.CurrentVersion.targets (393,5)
       Property reassignment: $(ProcessorArchitecture)="msil" (previous value: "") at C:\Program Files\dotnet\sdk\8.0.416\Microsoft.Common.CurrentVersion.targets (541,5)
       Property reassignment: $(DelaySign)="" (previous value: "false") at C:\Program Files\dotnet\sdk\8.0.416\Microsoft.Common.CurrentVersion.targets (580,5)
       Property 'LOCALAPPDATA' with value 'C:\Users\MY PC\AppData\Local' expanded from the environment.
       Property reassignment: $(_SGenGenerateSerializationAssembliesConfig)="Auto" (previous value: "") at C:\Program Files\dotnet\sdk\8.0.416\Microsoft.Common.CurrentVersion.targets (3896,5)
       Property reassignment: $(_SGenGenerateSerializationAssembliesConfig)="Off" (previous value: "Auto") at C:\Program Files\dotnet\sdk\8.0.416\Microsoft.Common.CurrentVersion.targets (3897,5)
       Property reassignment: $(_TargetsThatPrepareProjectReferences)="
             AssignProjectConfiguration;
             _SplitProjectReferencesByFileExistence
           " (previous value: "_SplitProjectReferencesByFileExistence") at C:\Program Files\dotnet\sdk\8.0.416\Microsoft.Common.CurrentVersion.targets (5099,5)
       Property 'MSBuildExtensionsPath32' with value 'C:\Program Files\dotnet\sdk\8.0.416' expanded from the environment.
       Property reassignment: $(ProjectAssetsFile)="F:\OJT-Review\MoneyTrackerApp\Expense-Manager\MoneyTrackerApp\MoneyTrackerApp\obj\project.assets.json" (previous value: "F:\OJT-Review\MoneyTrackerApp\Expense-Manager\MoneyTrackerApp\MoneyTrackerApp\obj\/project.assets.json") at C:\Program Files\dotnet\sdk\8.0.416\Sdks\Microsoft.NET.Sdk\targets\Microsoft.PackageDependencyResolution.targets (24,5)
       Property reassignment: $(ProjectAssetsCacheFile)="F:\OJT-Review\MoneyTrackerApp\Expense-Manager\MoneyTrackerApp\MoneyTrackerApp\obj\Debug\net8.0\MoneyTrackerApp.assets.cache" (previous value: "obj\Debug\net8.0\MoneyTrackerApp.assets.cache") at C:\Program Files\dotnet\sdk\8.0.416\Sdks\Microsoft.NET.Sdk\targets\Microsoft.PackageDependencyResolution.targets (29,5)
       Property reassignment: $(ResolveAssemblyReferencesDependsOn)="
             
             ResolveProjectReferences;
             FindInvalidProjectReferences;
             GetFrameworkPaths;
             GetReferenceAssemblyPaths;
             PrepareForBuild;
             ResolveSDKReferences;
             ExpandSDKReferences;
           ;
             ResolvePackageDependenciesForBuild;
             _HandlePackageFileConflicts;
           " (previous value: "
             ResolveProjectReferences;
             FindInvalidProjectReferences;
             GetFrameworkPaths;
             GetReferenceAssemblyPaths;
             PrepareForBuild;
             ResolveSDKReferences;
             ExpandSDKReferences;
           ") at C:\Program Files\dotnet\sdk\8.0.416\Sdks\Microsoft.NET.Sdk\targets\Microsoft.PackageDependencyResolution.targets (80,5)
       Property reassignment: $(PrepareResourcesDependsOn)="
             ResolvePackageDependenciesForBuild;
             _HandlePackageFileConflicts;
             
             ;
             PrepareResourceNames;
             ResGen;
             CompileLicxFiles
           
           " (previous value: "
             ;
             PrepareResourceNames;
             ResGen;
             CompileLicxFiles
           ") at C:\Program Files\dotnet\sdk\8.0.416\Sdks\Microsoft.NET.Sdk\targets\Microsoft.PackageDependencyResolution.targets (86,5)
       Property reassignment: $(DefaultItemExcludes)=";**\node_modules\**;node_modules\**;**\jspm_packages\**;jspm_packages\**;**\bower_components\**;bower_components\**;bin\Debug\/**;obj\Debug\/**;bin\/**" (previous value: ";**\node_modules\**;node_modules\**;**\jspm_packages\**;jspm_packages\**;**\bower_components\**;bower_components\**;bin\Debug\/**;obj\Debug\/**") at C:\Program Files\dotnet\sdk\8.0.416\Sdks\Microsoft.NET.Sdk\targets\Microsoft.NET.Sdk.DefaultItems.targets (27,5)
       Property reassignment: $(DefaultItemExcludes)=";**\node_modules\**;node_modules\**;**\jspm_packages\**;jspm_packages\**;**\bower_components\**;bower_components\**;bin\Debug\/**;obj\Debug\/**;bin\/**;obj\/**" (previous value: ";**\node_modules\**;node_modules\**;**\jspm_packages\**;jspm_packages\**;**\bower_components\**;bower_components\**;bin\Debug\/**;obj\Debug\/**;bin\/**") at C:\Program Files\dotnet\sdk\8.0.416\Sdks\Microsoft.NET.Sdk\targets\Microsoft.NET.Sdk.DefaultItems.targets (29,5)
       Property reassignment: $(DefaultItemExcludes)=";**\node_modules\**;node_modules\**;**\jspm_packages\**;jspm_packages\**;**\bower_components\**;bower_components\**;bin\Debug\/**;obj\Debug\/**;bin\/**;obj\/**;**/*.user" (previous value: ";**\node_modules\**;node_modules\**;**\jspm_packages\**;jspm_packages\**;**\bower_components\**;bower_components\**;bin\Debug\/**;obj\Debug\/**;bin\/**;obj\/**") at C:\Program Files\dotnet\sdk\8.0.416\Sdks\Microsoft.NET.Sdk\targets\Microsoft.NET.Sdk.DefaultItems.targets (32,5)
       Property reassignment: $(DefaultItemExcludes)=";**\node_modules\**;node_modules\**;**\jspm_packages\**;jspm_packages\**;**\bower_components\**;bower_components\**;bin\Debug\/**;obj\Debug\/**;bin\/**;obj\/**;**/*.user;**/*.*proj" (previous value: ";**\node_modules\**;node_modules\**;**\jspm_packages\**;jspm_packages\**;**\bower_components\**;bower_components\**;bin\Debug\/**;obj\Debug\/**;bin\/**;obj\/**;**/*.user") at C:\Program Files\dotnet\sdk\8.0.416\Sdks\Microsoft.NET.Sdk\targets\Microsoft.NET.Sdk.DefaultItems.targets (33,5)
       Property reassignment: $(DefaultItemExcludes)=";**\node_modules\**;node_modules\**;**\jspm_packages\**;jspm_packages\**;**\bower_components\**;bower_components\**;bin\Debug\/**;obj\Debug\/**;bin\/**;obj\/**;**/*.user;**/*.*proj;**/*.sln" (previous value: ";**\node_modules\**;node_modules\**;**\jspm_packages\**;jspm_packages\**;**\bower_components\**;bower_components\**;bin\Debug\/**;obj\Debug\/**;bin\/**;obj\/**;**/*.user;**/*.*proj") at C:\Program Files\dotnet\sdk\8.0.416\Sdks\Microsoft.NET.Sdk\targets\Microsoft.NET.Sdk.DefaultItems.targets (34,5)
       Property reassignment: $(DefaultItemExcludes)=";**\node_modules\**;node_modules\**;**\jspm_packages\**;jspm_packages\**;**\bower_components\**;bower_components\**;bin\Debug\/**;obj\Debug\/**;bin\/**;obj\/**;**/*.user;**/*.*proj;**/*.sln;**/*.vssscc" (previous value: ";**\node_modules\**;node_modules\**;**\jspm_packages\**;jspm_packages\**;**\bower_components\**;bower_components\**;bin\Debug\/**;obj\Debug\/**;bin\/**;obj\/**;**/*.user;**/*.*proj;**/*.sln") at C:\Program Files\dotnet\sdk\8.0.416\Sdks\Microsoft.NET.Sdk\targets\Microsoft.NET.Sdk.DefaultItems.targets (35,5)
       Property reassignment: $(DefaultItemExcludes)=";**\node_modules\**;node_modules\**;**\jspm_packages\**;jspm_packages\**;**\bower_components\**;bower_components\**;bin\Debug\/**;obj\Debug\/**;bin\/**;obj\/**;**/*.user;**/*.*proj;**/*.sln;**/*.vssscc;**/.DS_Store" (previous value: ";**\node_modules\**;node_modules\**;**\jspm_packages\**;jspm_packages\**;**\bower_components\**;bower_components\**;bin\Debug\/**;obj\Debug\/**;bin\/**;obj\/**;**/*.user;**/*.*proj;**/*.sln;**/*.vssscc") at C:\Program Files\dotnet\sdk\8.0.416\Sdks\Microsoft.NET.Sdk\targets\Microsoft.NET.Sdk.DefaultItems.targets (36,5)
       Property reassignment: $(ResolveAssemblyReferencesDependsOn)="
             
             
             ResolveProjectReferences;
             FindInvalidProjectReferences;
             GetFrameworkPaths;
             GetReferenceAssemblyPaths;
             PrepareForBuild;
             ResolveSDKReferences;
             ExpandSDKReferences;
           ;
             ResolvePackageDependenciesForBuild;
             _HandlePackageFileConflicts;
           ;
             ResolveTargetingPackAssets;
           " (previous value: "
             
             ResolveProjectReferences;
             FindInvalidProjectReferences;
             GetFrameworkPaths;
             GetReferenceAssemblyPaths;
             PrepareForBuild;
             ResolveSDKReferences;
             ExpandSDKReferences;
           ;
             ResolvePackageDependenciesForBuild;
             _HandlePackageFileConflicts;
           ") at C:\Program Files\dotnet\sdk\8.0.416\Sdks\Microsoft.NET.Sdk\targets\Microsoft.NET.Sdk.FrameworkReferenceResolution.targets (14,5)
       Property reassignment: $(_GenerateRuntimeConfigurationPropertyInputsCache)="F:\OJT-Review\MoneyTrackerApp\Expense-Manager\MoneyTrackerApp\MoneyTrackerApp\obj\Debug\net8.0\MoneyTrackerApp.genruntimeconfig.cache" (previous value: "obj\Debug\net8.0\MoneyTrackerApp.genruntimeconfig.cache") at C:\Program Files\dotnet\sdk\8.0.416\Sdks\Microsoft.NET.Sdk\targets\Microsoft.NET.Sdk.targets (44,5)
       Property reassignment: $(_GeneratePublishDependencyFilePropertyInputsCache)="F:\OJT-Review\MoneyTrackerApp\Expense-Manager\MoneyTrackerApp\MoneyTrackerApp\obj\Debug\net8.0\MoneyTrackerApp.genpublishdeps.cache" (previous value: "obj\Debug\net8.0\MoneyTrackerApp.genpublishdeps.cache") at C:\Program Files\dotnet\sdk\8.0.416\Sdks\Microsoft.NET.Sdk\targets\Microsoft.NET.Sdk.targets (46,5)
       Property reassignment: $(_GenerateSingleFileBundlePropertyInputsCache)="F:\OJT-Review\MoneyTrackerApp\Expense-Manager\MoneyTrackerApp\MoneyTrackerApp\obj\Debug\net8.0\MoneyTrackerApp.genbundle.cache" (previous value: "obj\Debug\net8.0\MoneyTrackerApp.genbundle.cache") at C:\Program Files\dotnet\sdk\8.0.416\Sdks\Microsoft.NET.Sdk\targets\Microsoft.NET.Sdk.targets (48,5)
       Property reassignment: $(GenerateRuntimeConfigDevFile)="false" (previous value: "true") at C:\Program Files\dotnet\sdk\8.0.416\Sdks\Microsoft.NET.Sdk\targets\Microsoft.NET.Sdk.targets (81,5)
       Property 'USERPROFILE' with value 'C:\Users\MY PC' expanded from the environment.
       Property reassignment: $(_DefaultUserProfileRuntimeStorePath)="C:\Users\MY PC" (previous value: "") at C:\Program Files\dotnet\sdk\8.0.416\Sdks\Microsoft.NET.Sdk\targets\Microsoft.NET.Sdk.targets (97,5)
       Property reassignment: $(_DefaultUserProfileRuntimeStorePath)="C:\Users\MY PC\.dotnet\store" (previous value: "C:\Users\MY PC") at C:\Program Files\dotnet\sdk\8.0.416\Sdks\Microsoft.NET.Sdk\targets\Microsoft.NET.Sdk.targets (98,5)
       Property reassignment: $(AvailablePlatforms)="Any CPU,x86,x64,ARM32" (previous value: "Any CPU,x86,x64") at C:\Program Files\dotnet\sdk\8.0.416\Sdks\Microsoft.NET.Sdk\targets\Microsoft.NET.Sdk.targets (136,5)
       Property reassignment: $(AvailablePlatforms)="Any CPU,x86,x64,ARM32,ARM64" (previous value: "Any CPU,x86,x64,ARM32") at C:\Program Files\dotnet\sdk\8.0.416\Sdks\Microsoft.NET.Sdk\targets\Microsoft.NET.Sdk.targets (140,5)
       Property reassignment: $(CoreBuildDependsOn)="
             _CheckForBuildWithNoBuild;
             
             BuildOnlySettings;
             PrepareForBuild;
             PreBuildEvent;
             ResolveReferences;
             PrepareResources;
             ResolveKeySource;
             Compile;
             ExportWindowsMDFile;
             UnmanagedUnregistration;
             GenerateSerializationAssemblies;
             CreateSatelliteAssemblies;
             GenerateManifests;
             GetTargetPath;
             PrepareForRun;
             UnmanagedRegistration;
             IncrementalClean;
             PostBuildEvent
           ;
             GenerateBuildDependencyFile;
             GenerateBuildRuntimeConfigurationFiles
           " (previous value: "
             BuildOnlySettings;
             PrepareForBuild;
             PreBuildEvent;
             ResolveReferences;
             PrepareResources;
             ResolveKeySource;
             Compile;
             ExportWindowsMDFile;
             UnmanagedUnregistration;
             GenerateSerializationAssemblies;
             CreateSatelliteAssemblies;
             GenerateManifests;
             GetTargetPath;
             PrepareForRun;
             UnmanagedRegistration;
             IncrementalClean;
             PostBuildEvent
           ") at C:\Program Files\dotnet\sdk\8.0.416\Sdks\Microsoft.NET.Sdk\targets\Microsoft.NET.Sdk.targets (197,5)
       Property reassignment: $(CoreCleanDependsOn)="
             _SdkBeforeClean;
             
           " (previous value: "") at C:\Program Files\dotnet\sdk\8.0.416\Sdks\Microsoft.NET.Sdk\targets\Microsoft.NET.Sdk.targets (206,5)
       Property reassignment: $(RebuildDependsOn)="
             _SdkBeforeRebuild;
             
             BeforeRebuild;
             Clean;
             Build;
             AfterRebuild;
           
           " (previous value: "
             BeforeRebuild;
             Clean;
             Build;
             AfterRebuild;
           ") at C:\Program Files\dotnet\sdk\8.0.416\Sdks\Microsoft.NET.Sdk\targets\Microsoft.NET.Sdk.targets (213,5)
       Property reassignment: $(CompileDependsOn)="
             
             ResolveReferences;
             ResolveKeySource;
             SetWin32ManifestProperties;
             _SetPreferNativeArm64Win32ManifestProperties;
             FindReferenceAssembliesForReferences;
             _GenerateCompileInputs;
             BeforeCompile;
             _TimeStampBeforeCompile;
             _GenerateCompileDependencyCache;
             CoreCompile;
             _TimeStampAfterCompile;
             AfterCompile;
           ;
             _CreateAppHost;
             _CreateComHost;
             _GetIjwHostPaths;
           " (previous value: "
             ResolveReferences;
             ResolveKeySource;
             SetWin32ManifestProperties;
             _SetPreferNativeArm64Win32ManifestProperties;
             FindReferenceAssembliesForReferences;
             _GenerateCompileInputs;
             BeforeCompile;
             _TimeStampBeforeCompile;
             _GenerateCompileDependencyCache;
             CoreCompile;
             _TimeStampAfterCompile;
             AfterCompile;
           ") at C:\Program Files\dotnet\sdk\8.0.416\Sdks\Microsoft.NET.Sdk\targets\Microsoft.NET.Sdk.targets (679,5)
       Property reassignment: $(CreateSatelliteAssembliesDependsOn)="
             
             ;
             _GenerateSatelliteAssemblyInputs;
             ComputeIntermediateSatelliteAssemblies;
             GenerateSatelliteAssemblies
           ;
             CoreGenerateSatelliteAssemblies
           " (previous value: "
             ;
             _GenerateSatelliteAssemblyInputs;
             ComputeIntermediateSatelliteAssemblies;
             GenerateSatelliteAssemblies
           ") at C:\Program Files\dotnet\sdk\8.0.416\Sdks\Microsoft.NET.Sdk\targets\Microsoft.NET.Sdk.targets (1065,5)
       Property reassignment: $(SourceLinkUrlInitializerTargets)=";_InitializeGitHubSourceLinkUrl;_InitializeGitLabSourceLinkUrl" (previous value: ";_InitializeGitHubSourceLinkUrl") at C:\Program Files\dotnet\sdk\8.0.416\Sdks\Microsoft.SourceLink.GitLab\build\Microsoft.SourceLink.GitLab.targets (12,5)
       Property reassignment: $(SourceControlManagerUrlTranslationTargets)=";TranslateGitHubUrlsInSourceControlInformation;TranslateGitLabUrlsInSourceControlInformation" (previous value: ";TranslateGitHubUrlsInSourceControlInformation") at C:\Program Files\dotnet\sdk\8.0.416\Sdks\Microsoft.SourceLink.GitLab\build\Microsoft.SourceLink.GitLab.targets (13,5)
       Property reassignment: $(SourceLinkUrlInitializerTargets)=";_InitializeGitHubSourceLinkUrl;_InitializeGitLabSourceLinkUrl;_InitializeAzureReposGitSourceLinkUrl" (previous value: ";_InitializeGitHubSourceLinkUrl;_InitializeGitLabSourceLinkUrl") at C:\Program Files\dotnet\sdk\8.0.416\Sdks\Microsoft.SourceLink.AzureRepos.Git\build\Microsoft.SourceLink.AzureRepos.Git.targets (12,5)
       Property reassignment: $(SourceControlManagerUrlTranslationTargets)=";TranslateGitHubUrlsInSourceControlInformation;TranslateGitLabUrlsInSourceControlInformation;TranslateAzureReposGitUrlsInSourceControlInformation" (previous value: ";TranslateGitHubUrlsInSourceControlInformation;TranslateGitLabUrlsInSourceControlInformation") at C:\Program Files\dotnet\sdk\8.0.416\Sdks\Microsoft.SourceLink.AzureRepos.Git\build\Microsoft.SourceLink.AzureRepos.Git.targets (13,5)
       Property reassignment: $(SourceLinkUrlInitializerTargets)=";_InitializeGitHubSourceLinkUrl;_InitializeGitLabSourceLinkUrl;_InitializeAzureReposGitSourceLinkUrl;_InitializeBitbucketGitSourceLinkUrl" (previous value: ";_InitializeGitHubSourceLinkUrl;_InitializeGitLabSourceLinkUrl;_InitializeAzureReposGitSourceLinkUrl") at C:\Program Files\dotnet\sdk\8.0.416\Sdks\Microsoft.SourceLink.Bitbucket.Git\build\Microsoft.SourceLink.Bitbucket.Git.targets (12,5)
       Property reassignment: $(SourceControlManagerUrlTranslationTargets)=";TranslateGitHubUrlsInSourceControlInformation;TranslateGitLabUrlsInSourceControlInformation;TranslateAzureReposGitUrlsInSourceControlInformation;TranslateBitbucketGitUrlsInSourceControlInformation" (previous value: ";TranslateGitHubUrlsInSourceControlInformation;TranslateGitLabUrlsInSourceControlInformation;TranslateAzureReposGitUrlsInSourceControlInformation") at C:\Program Files\dotnet\sdk\8.0.416\Sdks\Microsoft.SourceLink.Bitbucket.Git\build\Microsoft.SourceLink.Bitbucket.Git.targets (13,5)
       Property reassignment: $(DesignerRuntimeImplementationProjectOutputGroupDependsOn)="
             
             ;
             
             ;
             BuildOnlySettings;
             PrepareForBuild;
             AssignTargetPaths;
             ResolveReferences
           
           ;
             _GenerateDesignerDepsFile;
             _GenerateDesignerRuntimeConfigFile;
             GetCopyToOutputDirectoryItems;
             _GatherDesignerShadowCopyFiles;
           " (previous value: "
             ;
             
             ;
             BuildOnlySettings;
             PrepareForBuild;
             AssignTargetPaths;
             ResolveReferences
           
           ") at C:\Program Files\dotnet\sdk\8.0.416\Sdks\Microsoft.NET.Sdk\targets\Microsoft.NET.DesignerSupport.targets (21,5)
       Property reassignment: $(_GenerateToolsSettingsFileCacheFile)="F:\OJT-Review\MoneyTrackerApp\Expense-Manager\MoneyTrackerApp\MoneyTrackerApp\obj\Debug\net8.0\MoneyTrackerApp.toolssettingsinput.cache" (previous value: "obj\Debug\net8.0\MoneyTrackerApp.toolssettingsinput.cache") at C:\Program Files\dotnet\sdk\8.0.416\Sdks\Microsoft.NET.Sdk\targets\Microsoft.NET.PackTool.targets (68,5)
       Property reassignment: $(_ShimInputCacheFile)="F:\OJT-Review\MoneyTrackerApp\Expense-Manager\MoneyTrackerApp\MoneyTrackerApp\obj\Debug\net8.0\MoneyTrackerApp.shiminput.cache" (previous value: "obj\Debug\net8.0\MoneyTrackerApp.shiminput.cache") at C:\Program Files\dotnet\sdk\8.0.416\Sdks\Microsoft.NET.Sdk\targets\Microsoft.NET.PackTool.targets (137,5)
       Property reassignment: $(_ShimCreatedSentinelFile)="F:\OJT-Review\MoneyTrackerApp\Expense-Manager\MoneyTrackerApp\MoneyTrackerApp\obj\Debug\net8.0\MoneyTrackerApp.shimcreated.sentinel" (previous value: "obj\Debug\net8.0\MoneyTrackerApp.shimcreated.sentinel") at C:\Program Files\dotnet\sdk\8.0.416\Sdks\Microsoft.NET.Sdk\targets\Microsoft.NET.PackTool.targets (139,5)
       Property reassignment: $(DefineConstants)="TRACE;DEBUG" (previous value: "TRACE") at C:\Program Files\dotnet\sdk\8.0.416\Sdks\Microsoft.NET.Sdk\targets\Microsoft.NET.Sdk.CSharp.targets (31,5)
       Property reassignment: $(DefineConstants)="TRACE;DEBUG;NET;NET8_0;NETCOREAPP" (previous value: "TRACE;DEBUG") at C:\Program Files\dotnet\sdk\8.0.416\Sdks\Microsoft.NET.Sdk\targets\Microsoft.NET.Sdk.CSharp.targets (34,5)
       Property reassignment: $(WarningsAsErrors)=";NU1605;SYSLIB0011" (previous value: ";NU1605") at C:\Program Files\dotnet\sdk\8.0.416\Sdks\Microsoft.NET.Sdk\targets\Microsoft.NET.Sdk.CSharp.targets (48,5)
       Property reassignment: $(PackageDescription)="Package Description" (previous value: "") at C:\Program Files\dotnet\sdk\8.0.416\Sdks\NuGet.Build.Tasks.Pack\build\NuGet.Build.Tasks.Pack.targets (34,5)
       Property reassignment: $(GenerateNuspecDependsOn)="Build;_LoadPackInputItems; _GetTargetFrameworksOutput; _WalkEachTargetPerFramework; _GetPackageFiles; " (previous value: "_LoadPackInputItems; _GetTargetFrameworksOutput; _WalkEachTargetPerFramework; _GetPackageFiles; ") at C:\Program Files\dotnet\sdk\8.0.416\Sdks\NuGet.Build.Tasks.Pack\build\NuGet.Build.Tasks.Pack.targets (59,5)
       Property reassignment: $(_IsNotSetContainersTargetsDir)="true" (previous value: "false") at C:\Program Files\dotnet\sdk\8.0.416\Sdks\Microsoft.NET.Sdk\Sdk\Sdk.targets (59,5)
       Property reassignment: $(_IsSDKContainerAllowedVersion)="true" (previous value: "false") at C:\Program Files\dotnet\sdk\8.0.416\Containers\build\Microsoft.NET.Build.Containers.targets (5,5)
       Property reassignment: $(_ContainerIsTargetingNet8TFM)="true" (previous value: "false") at C:\Program Files\dotnet\sdk\8.0.416\Containers\build\Microsoft.NET.Build.Containers.targets (15,5)
       Property 'DOTNET_HOST_PATH' with value 'C:\Program Files\dotnet\dotnet.exe' expanded from the environment.
       Property reassignment: $(PrepareForRunDependsOn)="StaticWebAssetsPrepareForRun;
             CopyFilesToOutputDirectory
           " (previous value: "
             CopyFilesToOutputDirectory
           ") at C:\Program Files\dotnet\sdk\8.0.416\Sdks\Microsoft.NET.Sdk.StaticWebAssets\targets\Microsoft.NET.Sdk.StaticWebAssets.targets (255,5)
       Property reassignment: $(GetCopyToOutputDirectoryItemsDependsOn)="
             AssignTargetPaths;
             
             AssignProjectConfiguration;
             _SplitProjectReferencesByFileExistence
           ;
             _GetProjectReferenceTargetFrameworkProperties;
             _PopulateCommonStateForGetCopyToOutputDirectoryItems
           ;AddStaticWebAssetsManifest" (previous value: "
             AssignTargetPaths;
             
             AssignProjectConfiguration;
             _SplitProjectReferencesByFileExistence
           ;
             _GetProjectReferenceTargetFrameworkProperties;
             _PopulateCommonStateForGetCopyToOutputDirectoryItems
           ") at C:\Program Files\dotnet\sdk\8.0.416\Sdks\Microsoft.NET.Sdk.StaticWebAssets\targets\Microsoft.NET.Sdk.StaticWebAssets.targets (266,5)
       Property reassignment: $(GenerateNuspecDependsOn)="
             IncludeStaticWebAssetsPackItems;
             Build;_LoadPackInputItems; _GetTargetFrameworksOutput; _WalkEachTargetPerFramework; _GetPackageFiles; ;
           " (previous value: "Build;_LoadPackInputItems; _GetTargetFrameworksOutput; _WalkEachTargetPerFramework; _GetPackageFiles; ") at C:\Program Files\dotnet\sdk\8.0.416\Sdks\Microsoft.NET.Sdk.StaticWebAssets\targets\Microsoft.NET.Sdk.StaticWebAssets.Pack.targets (41,5)
       Property reassignment: $(IncludeStaticWebAssetsPackItemsDependsOn)="
             Build;
             ResolveStaticWebAssetsConfiguration;LoadStaticWebAssetsBuildManifest
           ;
           " (previous value: "
             ResolveStaticWebAssetsConfiguration;LoadStaticWebAssetsBuildManifest
           ") at C:\Program Files\dotnet\sdk\8.0.416\Sdks\Microsoft.NET.Sdk.StaticWebAssets\targets\Microsoft.NET.Sdk.StaticWebAssets.Pack.targets (50,5)
       Property reassignment: $(ResolveStaticWebAssetsInputsDependsOn)="
           UpdateExistingPackageStaticWebAssets;ResolveProjectStaticWebAssets;ResolveEmbeddedProjectsStaticWebAssets;ResolveReferencedProjectsStaticWebAssets;;
           UpdateLegacyPackageScopedCssBundles;
           _AddScopedCssBundles;
         " (previous value: "UpdateExistingPackageStaticWebAssets;ResolveProjectStaticWebAssets;ResolveEmbeddedProjectsStaticWebAssets;ResolveReferencedProjectsStaticWebAssets;") at C:\Program Files\dotnet\sdk\8.0.416\Sdks\Microsoft.NET.Sdk.StaticWebAssets\targets\Microsoft.NET.Sdk.StaticWebAssets.ScopedCss.targets (55,3)
       Property reassignment: $(GenerateComputedBuildStaticWebAssetsDependsOn)="
           ;
           _ResolveBundlingConfiguration;
           _GenerateScopedCssFiles;
           BundleScopedCssFiles;
         " (previous value: "") at C:\Program Files\dotnet\sdk\8.0.416\Sdks\Microsoft.NET.Sdk.StaticWebAssets\targets\Microsoft.NET.Sdk.StaticWebAssets.ScopedCss.targets (61,3)
       Property reassignment: $(ResolveStaticWebAssetsInputsDependsOn)="
             
           UpdateExistingPackageStaticWebAssets;ResolveProjectStaticWebAssets;ResolveEmbeddedProjectsStaticWebAssets;ResolveReferencedProjectsStaticWebAssets;;
           UpdateLegacyPackageScopedCssBundles;
           _AddScopedCssBundles;
         ;
             _AddJsModulesToStaticWebAssets;
           " (previous value: "
           UpdateExistingPackageStaticWebAssets;ResolveProjectStaticWebAssets;ResolveEmbeddedProjectsStaticWebAssets;ResolveReferencedProjectsStaticWebAssets;;
           UpdateLegacyPackageScopedCssBundles;
           _AddScopedCssBundles;
         ") at C:\Program Files\dotnet\sdk\8.0.416\Sdks\Microsoft.NET.Sdk.StaticWebAssets\targets\Microsoft.NET.Sdk.StaticWebAssets.JSModules.targets (36,5)
       Property reassignment: $(StaticWebAssetsPrepareForRunDependsOn)="
             ;GenerateStaticWebAssetsManifest;GenerateComputedBuildStaticWebAssets;CopyStaticWebAssetsToOutputDirectory;
             _GenerateBuildJsModuleManifest;
           " (previous value: ";GenerateStaticWebAssetsManifest;GenerateComputedBuildStaticWebAssets;CopyStaticWebAssetsToOutputDirectory") at C:\Program Files\dotnet\sdk\8.0.416\Sdks\Microsoft.NET.Sdk.StaticWebAssets\targets\Microsoft.NET.Sdk.StaticWebAssets.JSModules.targets (44,5)
       Property reassignment: $(StaticWebAssetsPrepareForPublishDependsOn)="
             ;ResolveStaticWebAssetsConfiguration;GenerateStaticWebAssetsPublishManifest;GenerateComputedPublishStaticWebAssets;
             _GeneratePublishJsModuleManifest;
           " (previous value: ";ResolveStaticWebAssetsConfiguration;GenerateStaticWebAssetsPublishManifest;GenerateComputedPublishStaticWebAssets") at C:\Program Files\dotnet\sdk\8.0.416\Sdks\Microsoft.NET.Sdk.StaticWebAssets\targets\Microsoft.NET.Sdk.StaticWebAssets.JSModules.targets (49,5)
       Property reassignment: $(ResolveStaticWebAssetsInputsDependsOn)="
             
             
           UpdateExistingPackageStaticWebAssets;ResolveProjectStaticWebAssets;ResolveEmbeddedProjectsStaticWebAssets;ResolveReferencedProjectsStaticWebAssets;;
           UpdateLegacyPackageScopedCssBundles;
           _AddScopedCssBundles;
         ;
             _AddJsModulesToStaticWebAssets;
           ;
             _AddBuildJsModuleManifest;
           " (previous value: "
             
           UpdateExistingPackageStaticWebAssets;ResolveProjectStaticWebAssets;ResolveEmbeddedProjectsStaticWebAssets;ResolveReferencedProjectsStaticWebAssets;;
           UpdateLegacyPackageScopedCssBundles;
           _AddScopedCssBundles;
         ;
             _AddJsModulesToStaticWebAssets;
           ") at C:\Program Files\dotnet\sdk\8.0.416\Sdks\Microsoft.NET.Sdk.StaticWebAssets\targets\Microsoft.NET.Sdk.StaticWebAssets.JSModules.targets (54,5)
       Property reassignment: $(ResolvePublishStaticWebAssetsDependsOn)="
             LoadStaticWebAssetsBuildManifest;ComputeReferencedProjectsEmbeddedPublishAssets;ComputeReferencedProjectsPublishAssets;;
             _AddPublishJsModuleManifest
           " (previous value: "LoadStaticWebAssetsBuildManifest;ComputeReferencedProjectsEmbeddedPublishAssets;ComputeReferencedProjectsPublishAssets;") at C:\Program Files\dotnet\sdk\8.0.416\Sdks\Microsoft.NET.Sdk.StaticWebAssets\targets\Microsoft.NET.Sdk.StaticWebAssets.JSModules.targets (59,5)
       Property reassignment: $(GenerateComputedBuildStaticWebAssetsDependsOn)="
             
           ;
           _ResolveBundlingConfiguration;
           _GenerateScopedCssFiles;
           BundleScopedCssFiles;
         ;
             _CompressFiles;
           " (previous value: "
           ;
           _ResolveBundlingConfiguration;
           _GenerateScopedCssFiles;
           BundleScopedCssFiles;
         ") at C:\Program Files\dotnet\sdk\8.0.416\Sdks\Microsoft.NET.Sdk.StaticWebAssets\targets\Microsoft.NET.Sdk.StaticWebAssets.Compression.targets (35,5)
       Property reassignment: $(GenerateComputedPublishStaticWebAssetsDependsOn)="
             ;
             _CompressFilesForPublish;
           " (previous value: "") at C:\Program Files\dotnet\sdk\8.0.416\Sdks\Microsoft.NET.Sdk.StaticWebAssets\targets\Microsoft.NET.Sdk.StaticWebAssets.Compression.targets (39,5)
       Property reassignment: $(StaticWebAssetsPrepareForPublishDependsOn)="
             
             ;ResolveStaticWebAssetsConfiguration;GenerateStaticWebAssetsPublishManifest;GenerateComputedPublishStaticWebAssets;
             _GeneratePublishJsModuleManifest;
           ;
             _CompressFilesForPublish;
           " (previous value: "
             ;ResolveStaticWebAssetsConfiguration;GenerateStaticWebAssetsPublishManifest;GenerateComputedPublishStaticWebAssets;
             _GeneratePublishJsModuleManifest;
           ") at C:\Program Files\dotnet\sdk\8.0.416\Sdks\Microsoft.NET.Sdk.StaticWebAssets\targets\Microsoft.NET.Sdk.StaticWebAssets.Compression.targets (43,5)
       Property reassignment: $(ResolveStaticWebAssetsInputsDependsOn)="
             
             
             
           UpdateExistingPackageStaticWebAssets;ResolveProjectStaticWebAssets;ResolveEmbeddedProjectsStaticWebAssets;ResolveReferencedProjectsStaticWebAssets;;
           UpdateLegacyPackageScopedCssBundles;
           _AddScopedCssBundles;
         ;
             _AddJsModulesToStaticWebAssets;
           ;
             _AddBuildJsModuleManifest;
           ;
             _ResolveCompressedFiles;
           " (previous value: "
             
             
           UpdateExistingPackageStaticWebAssets;ResolveProjectStaticWebAssets;ResolveEmbeddedProjectsStaticWebAssets;ResolveReferencedProjectsStaticWebAssets;;
           UpdateLegacyPackageScopedCssBundles;
           _AddScopedCssBundles;
         ;
             _AddJsModulesToStaticWebAssets;
           ;
             _AddBuildJsModuleManifest;
           ") at C:\Program Files\dotnet\sdk\8.0.416\Sdks\Microsoft.NET.Sdk.StaticWebAssets\targets\Microsoft.NET.Sdk.StaticWebAssets.Compression.targets (47,5)
       Property reassignment: $(ResolvePublishStaticWebAssetsDependsOn)="
             
             LoadStaticWebAssetsBuildManifest;ComputeReferencedProjectsEmbeddedPublishAssets;ComputeReferencedProjectsPublishAssets;;
             _AddPublishJsModuleManifest
           ;
             _ResolveCompressedFilesForPublish;
           " (previous value: "
             LoadStaticWebAssetsBuildManifest;ComputeReferencedProjectsEmbeddedPublishAssets;ComputeReferencedProjectsPublishAssets;;
             _AddPublishJsModuleManifest
           ") at C:\Program Files\dotnet\sdk\8.0.416\Sdks\Microsoft.NET.Sdk.StaticWebAssets\targets\Microsoft.NET.Sdk.StaticWebAssets.Compression.targets (51,5)
       Property reassignment: $(ResolveScopedCssOutputsDependsOn)="
             
           ;
         ;
             ResolveCssScopes;
           " (previous value: "
           ;
         ") at C:\Program Files\dotnet\sdk\8.0.416\Sdks\Microsoft.NET.Sdk.Razor\targets\Sdk.Razor.CurrentVersion.targets (188,5)
       Property reassignment: $(DebugSymbolsProjectOutputGroupDependsOn)="
             ;
             _RazorAddDebugSymbolsProjectOutputGroupOutput
           " (previous value: "") at C:\Program Files\dotnet\sdk\8.0.416\Sdks\Microsoft.NET.Sdk.Razor\targets\Sdk.Razor.CurrentVersion.targets (193,5)
       Property reassignment: $(PrepareForBuildDependsOn)="
             ;GetFrameworkPaths;GetReferenceAssemblyPaths;AssignLinkMetadata;
             ResolveRazorGenerateInputs
           " (previous value: ";GetFrameworkPaths;GetReferenceAssemblyPaths;AssignLinkMetadata") at C:\Program Files\dotnet\sdk\8.0.416\Sdks\Microsoft.NET.Sdk.Razor\targets\Sdk.Razor.CurrentVersion.targets (198,5)
       Property reassignment: $(GenerateNuspecDependsOn)="
             ResolveRazorGenerateInputs;
             
             IncludeStaticWebAssetsPackItems;
             Build;_LoadPackInputItems; _GetTargetFrameworksOutput; _WalkEachTargetPerFramework; _GetPackageFiles; ;
           
           " (previous value: "
             IncludeStaticWebAssetsPackItems;
             Build;_LoadPackInputItems; _GetTargetFrameworksOutput; _WalkEachTargetPerFramework; _GetPackageFiles; ;
           ") at C:\Program Files\dotnet\sdk\8.0.416\Sdks\Microsoft.NET.Sdk.Razor\targets\Sdk.Razor.CurrentVersion.targets (203,5)
       Property reassignment: $(PrepareForRunDependsOn)="
             _RazorPrepareForRun;
             StaticWebAssetsPrepareForRun;
             CopyFilesToOutputDirectory
           
           " (previous value: "StaticWebAssetsPrepareForRun;
             CopyFilesToOutputDirectory
           ") at C:\Program Files\dotnet\sdk\8.0.416\Sdks\Microsoft.NET.Sdk.Razor\targets\Sdk.Razor.CurrentVersion.targets (208,5)
       Property reassignment: $(UseRazorBuildServer)="true" (previous value: "") at C:\Program Files\dotnet\sdk\8.0.416\Sdks\Microsoft.NET.Sdk.Razor\targets\Sdk.Razor.CurrentVersion.targets (299,5)
       Property reassignment: $(_RazorDebugSymbolsProduced)="true" (previous value: "false") at C:\Program Files\dotnet\sdk\8.0.416\Sdks\Microsoft.NET.Sdk.Razor\targets\Sdk.Razor.CurrentVersion.targets (305,5)
       Property reassignment: $(GenerateRazorTargetAssemblyInfoDependsOn)="
             _ResolveMvcAssemblyAttributes;
             
             GetRazorTargetAssemblyAttributes;
             _CreateRazorTargetAssemblyInfoInputsCacheFile;
             CoreGenerateRazorTargetAssemblyInfo
           
           " (previous value: "
             GetRazorTargetAssemblyAttributes;
             _CreateRazorTargetAssemblyInfoInputsCacheFile;
             CoreGenerateRazorTargetAssemblyInfo
           ") at C:\Program Files\dotnet\sdk\8.0.416\Sdks\Microsoft.NET.Sdk.Razor\targets\Microsoft.NET.Sdk.Razor.GenerateAssemblyInfo.targets (36,5)
       Property reassignment: $(CoreCompileDependsOn)="
             ;_ComputeNonExistentFileProperty;ResolveCodeAnalysisRuleSet;
             _GenerateRazorAssemblyInfo
           " (previous value: ";_ComputeNonExistentFileProperty;ResolveCodeAnalysisRuleSet") at C:\Program Files\dotnet\sdk\8.0.416\Sdks\Microsoft.NET.Sdk.Razor\targets\Microsoft.NET.Sdk.Razor.GenerateAssemblyInfo.targets (181,5)
       Property reassignment: $(_GenerateRazorAssemblyInfoDependsOn)="
             _ResolveMvcAssemblyAttributes;
             RazorGetAssemblyAttributes;PrepareForBuild;_CoreGenerateRazorAssemblyInfo;
           " (previous value: "RazorGetAssemblyAttributes;PrepareForBuild;_CoreGenerateRazorAssemblyInfo") at C:\Program Files\dotnet\sdk\8.0.416\Sdks\Microsoft.NET.Sdk.Razor\targets\Microsoft.NET.Sdk.Razor.GenerateAssemblyInfo.targets (189,5)
       Property reassignment: $(CoreCompileDependsOn)="
             _DiscoverMvcApplicationParts;
             
             ;_ComputeNonExistentFileProperty;ResolveCodeAnalysisRuleSet;
             _GenerateRazorAssemblyInfo
           ;
           " (previous value: "
             ;_ComputeNonExistentFileProperty;ResolveCodeAnalysisRuleSet;
             _GenerateRazorAssemblyInfo
           ") at C:\Program Files\dotnet\sdk\8.0.416\Sdks\Microsoft.NET.Sdk.Razor\targets\Microsoft.NET.Sdk.Razor.MvcApplicationPartsDiscovery.targets (22,5)
       Property reassignment: $(RazorDesignTimeTargets)="C:\Program Files\dotnet\sdk\8.0.416\Sdks\Microsoft.NET.Sdk.Razor\targets\Microsoft.NET.Sdk.Razor.DesignTime.targets" (previous value: "C:\Program Files\dotnet\sdk\8.0.416\\Microsoft\VisualStudio\Razor\Microsoft.NET.Sdk.Razor.DesignTime.targets") at C:\Program Files\dotnet\sdk\8.0.416\Sdks\Microsoft.NET.Sdk.Razor\targets\Sdk.Razor.CurrentVersion.targets (779,5)
       Property reassignment: $(RunWorkingDirectory)="F:\OJT-Review\MoneyTrackerApp\Expense-Manager\MoneyTrackerApp\MoneyTrackerApp" (previous value: "") at C:\Program Files\dotnet\sdk\8.0.416\Sdks\Microsoft.NET.Sdk.Web.ProjectSystem\targets\Microsoft.NET.Sdk.Web.ProjectSystem.targets (21,5)
       Property reassignment: $(PublishProfileImported)="true" (previous value: "false") at C:\Program Files\dotnet\sdk\8.0.416\Sdks\Microsoft.NET.Sdk.Publish\targets\Microsoft.NET.Sdk.Publish.targets (60,5)
       Property reassignment: $(PublishConfiguration)="Debug" (previous value: "") at C:\Program Files\dotnet\sdk\8.0.416\Sdks\Microsoft.NET.Sdk.Publish\targets\Microsoft.NET.Sdk.Publish.targets (81,5)
       Property reassignment: $(BaseIntermediateOutputPath)="F:\OJT-Review\MoneyTrackerApp\Expense-Manager\MoneyTrackerApp\MoneyTrackerApp\obj\" (previous value: "obj\") at C:\Program Files\dotnet\sdk\8.0.416\Sdks\Microsoft.NET.Sdk.Publish\targets\Microsoft.NET.Sdk.Publish.targets (87,5)
       Overriding target "ResolveFrameworkReferences" in project "C:\Program Files\dotnet\sdk\8.0.416\Microsoft.Common.CurrentVersion.targets" with target "ResolveFrameworkReferences" from project "C:\Program Files\dotnet\sdk\8.0.416\Sdks\Microsoft.NET.Sdk\targets\Microsoft.NET.Sdk.FrameworkReferenceResolution.targets".
       Overriding target "Run" in project "C:\Program Files\dotnet\sdk\8.0.416\Microsoft.Common.CurrentVersion.targets" with target "Run" from project "C:\Program Files\dotnet\sdk\8.0.416\Sdks\Microsoft.NET.Sdk\targets\Microsoft.NET.Sdk.targets".
       Overriding target "GenerateSupportedTargetFrameworkAlias" in project "C:\Program Files\dotnet\sdk\8.0.416\Microsoft.Common.CurrentVersion.targets" with target "GenerateSupportedTargetFrameworkAlias" from project "C:\Program Files\dotnet\sdk\8.0.416\Sdks\Microsoft.NET.Sdk\targets\Microsoft.NET.Sdk.targets".
       Overriding target "GetReferenceAssemblyPaths" in project "C:\Program Files\dotnet\sdk\8.0.416\Microsoft.Common.CurrentVersion.targets" with target "GetReferenceAssemblyPaths" from project "C:\Program Files\dotnet\sdk\8.0.416\Sdks\Microsoft.NET.Sdk\targets\Microsoft.NET.DisableStandardFrameworkResolution.targets".
       Overriding target "GetFrameworkPaths" in project "C:\Program Files\dotnet\sdk\8.0.416\Microsoft.Common.CurrentVersion.targets" with target "GetFrameworkPaths" from project "C:\Program Files\dotnet\sdk\8.0.416\Sdks\Microsoft.NET.Sdk\targets\Microsoft.NET.DisableStandardFrameworkResolution.targets".
       Overriding target "DesignerRuntimeImplementationProjectOutputGroup" in project "C:\Program Files\dotnet\sdk\8.0.416\Microsoft.Common.CurrentVersion.targets" with target "DesignerRuntimeImplementationProjectOutputGroup" from project "C:\Program Files\dotnet\sdk\8.0.416\Sdks\Microsoft.NET.Sdk\targets\Microsoft.NET.DesignerSupport.targets".
       Overriding target "Publish" in project "C:\Program Files\dotnet\sdk\8.0.416\Microsoft.Common.CurrentVersion.targets" with target "Publish" from project "C:\Program Files\dotnet\sdk\8.0.416\Sdks\Microsoft.NET.Sdk\targets\Microsoft.NET.Publish.targets".
       Overriding target "ResolveReadyToRunCompilers" in project "C:\Program Files\dotnet\sdk\8.0.416\Sdks\Microsoft.NET.Sdk\targets\Microsoft.NET.CrossGen.targets" with target "ResolveReadyToRunCompilers" from project "C:\Program Files\dotnet\sdk\8.0.416\Sdks\Microsoft.NET.Sdk\targets\Microsoft.NET.Publish.targets".
       Overriding target "GetCopyToPublishDirectoryItems" in project "C:\Program Files\dotnet\sdk\8.0.416\Microsoft.Common.CurrentVersion.targets" with target "GetCopyToPublishDirectoryItems" from project "C:\Program Files\dotnet\sdk\8.0.416\Sdks\Microsoft.NET.Sdk\targets\Microsoft.NET.Publish.targets".
       Overriding target "BeforePublish" in project "C:\Program Files\dotnet\sdk\8.0.416\Microsoft.Common.CurrentVersion.targets" with target "BeforePublish" from project "C:\Program Files\dotnet\sdk\8.0.416\Sdks\Microsoft.NET.Sdk.Publish\targets\Microsoft.NET.Sdk.Publish.targets".
       Overriding target "AfterPublish" in project "C:\Program Files\dotnet\sdk\8.0.416\Microsoft.Common.CurrentVersion.targets" with target "AfterPublish" from project "C:\Program Files\dotnet\sdk\8.0.416\Sdks\Microsoft.NET.Sdk.Publish\targets\Microsoft.NET.Sdk.Publish.targets".
       The target "CollectUpToDateCheckInputDesignTime" listed in a BeforeTargets attribute at "C:\Program Files\dotnet\sdk\8.0.416\Sdks\Microsoft.NET.Sdk.StaticWebAssets\targets\Microsoft.NET.Sdk.StaticWebAssets.ScopedCss.targets (156,5)" does not exist in the project, and will be ignored.
       The target "CollectUpToDateCheckBuiltDesignTime" listed in a BeforeTargets attribute at "C:\Program Files\dotnet\sdk\8.0.416\Sdks\Microsoft.NET.Sdk.StaticWebAssets\targets\Microsoft.NET.Sdk.StaticWebAssets.ScopedCss.targets (156,5)" does not exist in the project, and will be ignored.
       The target "RazorGenerateComponentDeclaration" listed in an AfterTargets attribute at "C:\Program Files\dotnet\sdk\8.0.416\Sdks\Microsoft.NET.Sdk.Razor\targets\Microsoft.NET.Sdk.Razor.DesignTime.targets (55,53)" does not exist in the project, and will be ignored.
     1>Project "F:\OJT-Review\MoneyTrackerApp\Expense-Manager\MoneyTrackerApp\MoneyTrackerApp\MoneyTrackerApp.csproj" (1) is building "F:\OJT-Review\MoneyTrackerApp\Expense-Manager\MoneyTrackerApp\MoneyTrackerApp\MoneyTrackerApp.csproj" (1:2) on node 1 (_IsProjectRestoreSupported target(s)).
   1:2>Target "_IsProjectRestoreSupported" in file "C:\Program Files\dotnet\sdk\8.0.416\NuGet.targets" from project "F:\OJT-Review\MoneyTrackerApp\Expense-Manager\MoneyTrackerApp\MoneyTrackerApp\MoneyTrackerApp.csproj" (entry point):
   1:2>Done building target "_IsProjectRestoreSupported" in project "MoneyTrackerApp.csproj".
   1:2>Done Building Project "F:\OJT-Review\MoneyTrackerApp\Expense-Manager\MoneyTrackerApp\MoneyTrackerApp\MoneyTrackerApp.csproj" (_IsProjectRestoreSupported target(s)).
     1>Done executing task "MSBuild".
       Task "MSBuild" skipped, due to false condition; ( '$(RestoreUseSkipNonexistentTargets)' != 'true' ) was evaluated as ( 'true' != 'true' ).
       Assembly loaded during TaskRun: NuGet.Build.Tasks, Version=6.11.1.2, Culture=neutral, PublicKeyToken=31bf3856ad364e35 (location: C:\Program Files\dotnet\sdk\8.0.416\NuGet.Build.Tasks.dll, MVID: da6659e2-ab3c-4a1c-91d3-86fe81c4da96, AssemblyLoadContext: MSBuild plugin C:\Program Files\dotnet\sdk\8.0.416\NuGet.Build.Tasks.dll)
       Assembly loaded during TaskRun: NuGet.Common, Version=6.11.1.2, Culture=neutral, PublicKeyToken=31bf3856ad364e35 (location: C:\Program Files\dotnet\sdk\8.0.416\NuGet.Common.dll, MVID: 71662c50-4eea-46ea-82bf-b2edfd33a945, AssemblyLoadContext: MSBuild plugin C:\Program Files\dotnet\sdk\8.0.416\NuGet.Build.Tasks.dll)
       Assembly loaded during TaskRun: NuGet.Commands, Version=6.11.1.2, Culture=neutral, PublicKeyToken=31bf3856ad364e35 (location: C:\Program Files\dotnet\sdk\8.0.416\NuGet.Commands.dll, MVID: fd182425-a30a-445b-9628-b4c5f0ab1353, AssemblyLoadContext: MSBuild plugin C:\Program Files\dotnet\sdk\8.0.416\NuGet.Build.Tasks.dll)
       Assembly loaded during TaskRun: NuGet.ProjectModel, Version=6.11.1.2, Culture=neutral, PublicKeyToken=31bf3856ad364e35 (location: C:\Program Files\dotnet\sdk\8.0.416\NuGet.ProjectModel.dll, MVID: de1018f8-9cea-4ea5-aafd-eccdf5a6f888, AssemblyLoadContext: MSBuild plugin C:\Program Files\dotnet\sdk\8.0.416\NuGet.Build.Tasks.dll)
       Using "WarnForInvalidProjectsTask" task from assembly "C:\Program Files\dotnet\sdk\8.0.416\NuGet.Build.Tasks.dll".
       Task "WarnForInvalidProjectsTask"
       Done executing task "WarnForInvalidProjectsTask".
     1>Done building target "_FilterRestoreGraphProjectInputItems" in project "MoneyTrackerApp.csproj".
       Target "_FilterRestoreGraphProjectInputItems" skipped. Previously built successfully.
     1>Target "_GetAllRestoreProjectPathItems" in file "C:\Program Files\dotnet\sdk\8.0.416\NuGet.targets" from project "F:\OJT-Review\MoneyTrackerApp\Expense-Manager\MoneyTrackerApp\MoneyTrackerApp\MoneyTrackerApp.csproj" (target "_GenerateRestoreGraph" depends on it):
       Using "NuGetMessageTask" task from assembly "C:\Program Files\dotnet\sdk\8.0.416\NuGet.Build.Tasks.dll".
       Task "NuGetMessageTask"
         Determining projects to restore...
       Done executing task "NuGetMessageTask".
       Task "MSBuild"
         Global Properties:
           ExcludeRestorePackageImports=true
     1>Project "F:\OJT-Review\MoneyTrackerApp\Expense-Manager\MoneyTrackerApp\MoneyTrackerApp\MoneyTrackerApp.csproj" (1) is building "F:\OJT-Review\MoneyTrackerApp\Expense-Manager\MoneyTrackerApp\MoneyTrackerApp\MoneyTrackerApp.csproj" (1:3) on node 1 (_GenerateRestoreProjectPathWalk target(s)).
   1:3>Target "_GenerateRestoreProjectPathItemsAllFrameworks" skipped, due to false condition; ( '$(TargetFrameworks)' != '' ) was evaluated as ( '' != '' ).
   1:3>Target "_GenerateRestoreProjectPathItemsPerFramework" in file "C:\Program Files\dotnet\sdk\8.0.416\NuGet.targets" from project "F:\OJT-Review\MoneyTrackerApp\Expense-Manager\MoneyTrackerApp\MoneyTrackerApp\MoneyTrackerApp.csproj" (target "_GenerateRestoreProjectPathItemsCurrentProject" depends on it):
       Using "ConvertToAbsolutePath" task from assembly "Microsoft.Build.Tasks.Core, Version=15.1.0.0, Culture=neutral, PublicKeyToken=b03f5f7f11d50a3a".
       Task "ConvertToAbsolutePath"
       Done executing task "ConvertToAbsolutePath".
   1:3>Done building target "_GenerateRestoreProjectPathItemsPerFramework" in project "MoneyTrackerApp.csproj".
   1:3>Target "_GenerateRestoreProjectPathItemsCurrentProject" in file "C:\Program Files\dotnet\sdk\8.0.416\NuGet.targets" from project "F:\OJT-Review\MoneyTrackerApp\Expense-Manager\MoneyTrackerApp\MoneyTrackerApp\MoneyTrackerApp.csproj" (target "_GenerateRestoreProjectPathItems" depends on it):
   1:3>Done building target "_GenerateRestoreProjectPathItemsCurrentProject" in project "MoneyTrackerApp.csproj".
   1:3>Target "_GenerateRestoreProjectPathItems" in file "C:\Program Files\dotnet\sdk\8.0.416\NuGet.targets" from project "F:\OJT-Review\MoneyTrackerApp\Expense-Manager\MoneyTrackerApp\MoneyTrackerApp\MoneyTrackerApp.csproj" (target "_GenerateRestoreProjectPathWalk" depends on it):
       Task "RemoveDuplicates"
       Done executing task "RemoveDuplicates".
   1:3>Done building target "_GenerateRestoreProjectPathItems" in project "MoneyTrackerApp.csproj".
   1:3>Target "_GenerateRestoreProjectPathWalk" in file "C:\Program Files\dotnet\sdk\8.0.416\NuGet.targets" from project "F:\OJT-Review\MoneyTrackerApp\Expense-Manager\MoneyTrackerApp\MoneyTrackerApp\MoneyTrackerApp.csproj" (entry point):
       Task "MSBuild"
       Done executing task "MSBuild".
       Task "MSBuild" skipped, due to false condition; ( '$(RestoreUseSkipNonexistentTargets)' != 'true' ) was evaluated as ( 'true' != 'true' ).
       Task "RemoveDuplicates"
       Done executing task "RemoveDuplicates".
   1:3>Done building target "_GenerateRestoreProjectPathWalk" in project "MoneyTrackerApp.csproj".
   1:3>Done Building Project "F:\OJT-Review\MoneyTrackerApp\Expense-Manager\MoneyTrackerApp\MoneyTrackerApp\MoneyTrackerApp.csproj" (_GenerateRestoreProjectPathWalk target(s)).
     1>Done executing task "MSBuild".
       Task "MSBuild" skipped, due to false condition; ( '$(RestoreUseSkipNonexistentTargets)' != 'true' ) was evaluated as ( 'true' != 'true' ).
       Task "RemoveDuplicates"
       Done executing task "RemoveDuplicates".
       Task "MSBuild"
         Global Properties:
           ExcludeRestorePackageImports=true
     1>Project "F:\OJT-Review\MoneyTrackerApp\Expense-Manager\MoneyTrackerApp\MoneyTrackerApp\MoneyTrackerApp.csproj" (1) is building "F:\OJT-Review\MoneyTrackerApp\Expense-Manager\MoneyTrackerApp\MoneyTrackerApp\MoneyTrackerApp.csproj" (1:4) on node 1 (_IsProjectRestoreSupported target(s)).
   1:4>Target "_IsProjectRestoreSupported" skipped. Previously built successfully.
   1:4>Done Building Project "F:\OJT-Review\MoneyTrackerApp\Expense-Manager\MoneyTrackerApp\MoneyTrackerApp\MoneyTrackerApp.csproj" (_IsProjectRestoreSupported target(s)).
     1>Done executing task "MSBuild".
       Task "MSBuild" skipped, due to false condition; ( '$(RestoreUseSkipNonexistentTargets)' != 'true' ) was evaluated as ( 'true' != 'true' ).
     1>Done building target "_GetAllRestoreProjectPathItems" in project "MoneyTrackerApp.csproj".
     1>Target "_GenerateRestoreGraph" in file "C:\Program Files\dotnet\sdk\8.0.416\NuGet.targets" from project "F:\OJT-Review\MoneyTrackerApp\Expense-Manager\MoneyTrackerApp\MoneyTrackerApp\MoneyTrackerApp.csproj" (target "Restore" depends on it):
       Using "Message" task from assembly "Microsoft.Build.Tasks.Core, Version=15.1.0.0, Culture=neutral, PublicKeyToken=b03f5f7f11d50a3a".
       Task "Message"
         Generating dg file
       Done executing task "Message".
       Task "Message"
         F:\OJT-Review\MoneyTrackerApp\Expense-Manager\MoneyTrackerApp\MoneyTrackerApp\MoneyTrackerApp.csproj
       Done executing task "Message".
       Task "MSBuild"
         Global Properties:
           ExcludeRestorePackageImports=true
     1>Project "F:\OJT-Review\MoneyTrackerApp\Expense-Manager\MoneyTrackerApp\MoneyTrackerApp\MoneyTrackerApp.csproj" (1) is building "F:\OJT-Review\MoneyTrackerApp\Expense-Manager\MoneyTrackerApp\MoneyTrackerApp\MoneyTrackerApp.csproj" (1:5) on node 1 (_GenerateRestoreGraphProjectEntry target(s)).
   1:5>Target "_GetProjectJsonPath" in file "C:\Program Files\dotnet\sdk\8.0.416\NuGet.targets" from project "F:\OJT-Review\MoneyTrackerApp\Expense-Manager\MoneyTrackerApp\MoneyTrackerApp\MoneyTrackerApp.csproj" (target "_GetRestoreProjectStyle" depends on it):
   1:5>Task "GetRestoreProjectJsonPathTask" skipped, due to false condition; ( '$(RestoreProjectStyle)' == 'ProjectJson' OR '$(RestoreProjectStyle)' == '' ) was evaluated as ( 'PackageReference' == 'ProjectJson' OR 'PackageReference' == '' ).
   1:5>Done building target "_GetProjectJsonPath" in project "MoneyTrackerApp.csproj".
       Target "_CheckForUnsupportedTargetPlatformIdentifier" skipped, due to false condition; ('$(TargetPlatformIdentifier)' != '' and '$(TargetFrameworkIdentifier)' == '.NETCoreApp' and $([MSBuild]::VersionGreaterThanOrEquals($(TargetFrameworkVersion), 5.0)) And ('$(DesignTimeBuild)' != 'true' Or '@(MissingWorkloadPack)' == '')) was evaluated as ('' != '' and '.NETCoreApp' == '.NETCoreApp' and True And ('' != 'true' Or '' == '')).
       Target "_CheckForMissingWorkload" skipped, due to false condition; ('@(MissingWorkloadPack)' != '' And '$(DesignTimeBuild)' != 'true') was evaluated as ('' != '' And '' != 'true').
   1:5>Target "_CheckForUnsupportedNETCoreVersion" in file "C:\Program Files\dotnet\sdk\8.0.416\Sdks\Microsoft.NET.Sdk\targets\Microsoft.NET.TargetFrameworkInference.targets" from project "F:\OJT-Review\MoneyTrackerApp\Expense-Manager\MoneyTrackerApp\MoneyTrackerApp\MoneyTrackerApp.csproj" (target "CollectPackageReferences" depends on it):
       Task "NETSdkError" skipped, due to false condition; ('$(_TargetFrameworkVersionWithoutV)' > '$(NETCoreAppMaximumVersion)' and '$(DisplayVSMessage)' != 'true') was evaluated as ('8.0' > '8.0' and '' != 'true').
       Task "NETSdkError" skipped, due to false condition; ('$(DisplayVSMessage)' == 'true') was evaluated as ('' == 'true').
   1:5>Done building target "_CheckForUnsupportedNETCoreVersion" in project "MoneyTrackerApp.csproj".
       Target "_CheckForEolTargetFrameworks" skipped, due to false condition; ('@(_EolNetCoreTargetFrameworkVersions->AnyHaveMetadataValue('Identity', '$(_TargetFrameworkVersionWithoutV)'))' and '$(TargetFrameworkIdentifier)' == '.NETCoreApp' and '$(CheckEolTargetFramework)' == 'true') was evaluated as ('false' and '.NETCoreApp' == '.NETCoreApp' and 'true' == 'true').
       Target "_CheckForEolWorkloads" skipped, due to false condition; ('@(EolWorkload)' != '' and '$(CheckEolWorkloads)' == 'true') was evaluated as ('' != '' and 'true' == 'true').
   1:5>Target "_CheckForUnsupportedCppNETCoreVersion" in file "C:\Program Files\dotnet\sdk\8.0.416\Sdks\Microsoft.NET.Sdk\targets\Microsoft.NET.TargetFrameworkInference.targets" from project "F:\OJT-Review\MoneyTrackerApp\Expense-Manager\MoneyTrackerApp\MoneyTrackerApp\MoneyTrackerApp.csproj" (target "CollectPackageReferences" depends on it):
       Task "NETSdkError" skipped, due to false condition; ('$(TargetFrameworkIdentifier)' == '.NETCoreApp' and '$(_TargetFrameworkVersionWithoutV)' < '3.1' and ('$(Language)' == 'C++' and '$(_EnablePackageReferencesInVCProjects)' != 'true')) was evaluated as ('.NETCoreApp' == '.NETCoreApp' and '8.0' < '3.1' and ('C#' == 'C++' and '' != 'true')).
   1:5>Done building target "_CheckForUnsupportedCppNETCoreVersion" in project "MoneyTrackerApp.csproj".
       Target "_CheckForUnsupportedNETStandardVersion" skipped, due to false condition; ('$(TargetFrameworkIdentifier)' == '.NETStandard' And '$(NETStandardMaximumVersion)' != '') was evaluated as ('.NETCoreApp' == '.NETStandard' And '' != '').
       Target "_CheckForUnsupportedTargetFrameworkAndFeatureCombination" skipped, due to false condition; ('$(TargetFrameworkIdentifier)' == '.NETFramework') was evaluated as ('.NETCoreApp' == '.NETFramework').
   1:5>Target "UpdateAspNetToFrameworkReference" in file "C:\Program Files\dotnet\sdk\8.0.416\Sdks\Microsoft.NET.Sdk\targets\Microsoft.NET.Sdk.DefaultItems.Shared.targets" from project "F:\OJT-Review\MoneyTrackerApp\Expense-Manager\MoneyTrackerApp\MoneyTrackerApp\MoneyTrackerApp.csproj" (target "ApplyImplicitVersions" depends on it):
       Using "CheckIfPackageReferenceShouldBeFrameworkReference" task from assembly "C:\Program Files\dotnet\sdk\8.0.416\Sdks\Microsoft.NET.Sdk\targets\..\tools\net8.0\Microsoft.NET.Build.Tasks.dll".
       Task "CheckIfPackageReferenceShouldBeFrameworkReference"
       Done executing task "CheckIfPackageReferenceShouldBeFrameworkReference".
       Task "NETSdkError" skipped, due to false condition; ('$(_ShouldRemoveAspNetCoreAll)' == 'true') was evaluated as ('False' == 'true').
       Task "CheckIfPackageReferenceShouldBeFrameworkReference"
       Done executing task "CheckIfPackageReferenceShouldBeFrameworkReference".
       Task "NETSdkWarning" skipped, due to false condition; ('$(_ShouldRemoveAspNetCoreApp)' == 'true') was evaluated as ('False' == 'true').
   1:5>Done building target "UpdateAspNetToFrameworkReference" in project "MoneyTrackerApp.csproj".
       Target "IncludeTargetingPackReference" skipped, due to false condition; ('$(TargetFrameworkMoniker)' != '' and '$(TargetFrameworkIdentifier)' == '.NETFramework' and '$(AutomaticallyUseReferenceAssemblyPackages)' == 'true') was evaluated as ('.NETCoreApp,Version=v8.0' != '' and '.NETCoreApp' == '.NETFramework' and 'true' == 'true').
   1:5>Target "CheckForImplicitPackageReferenceOverrides" in file "C:\Program Files\dotnet\sdk\8.0.416\Sdks\Microsoft.NET.Sdk\targets\Microsoft.NET.Sdk.DefaultItems.Shared.targets" from project "F:\OJT-Review\MoneyTrackerApp\Expense-Manager\MoneyTrackerApp\MoneyTrackerApp\MoneyTrackerApp.csproj" (target "ApplyImplicitVersions" depends on it):
       Using "CheckForImplicitPackageReferenceOverrides" task from assembly "C:\Program Files\dotnet\sdk\8.0.416\Sdks\Microsoft.NET.Sdk\targets\..\tools\net8.0\Microsoft.NET.Build.Tasks.dll".
       Task "CheckForImplicitPackageReferenceOverrides"
       Done executing task "CheckForImplicitPackageReferenceOverrides".
   1:5>Done building target "CheckForImplicitPackageReferenceOverrides" in project "MoneyTrackerApp.csproj".
   1:5>Target "ApplyImplicitVersions" in file "C:\Program Files\dotnet\sdk\8.0.416\Sdks\Microsoft.NET.Sdk\targets\Microsoft.NET.Sdk.DefaultItems.Shared.targets" from project "F:\OJT-Review\MoneyTrackerApp\Expense-Manager\MoneyTrackerApp\MoneyTrackerApp\MoneyTrackerApp.csproj" (target "CollectPackageReferences" depends on it):
       Using "ApplyImplicitVersions" task from assembly "C:\Program Files\dotnet\sdk\8.0.416\Sdks\Microsoft.NET.Sdk\targets\..\tools\net8.0\Microsoft.NET.Build.Tasks.dll".
       Task "ApplyImplicitVersions"
       Done executing task "ApplyImplicitVersions".
   1:5>Done building target "ApplyImplicitVersions" in project "MoneyTrackerApp.csproj".
       Target "CheckForImplicitPackageReferenceOverrides" skipped. Previously built successfully.
       Target "AddWindowsSdkKnownFrameworkReferences" skipped, due to false condition; ('$(TargetFrameworkIdentifier)' == '.NETCoreApp' And '$(TargetPlatformIdentifier)' == 'Windows') was evaluated as ('.NETCoreApp' == '.NETCoreApp' And '' == 'Windows').
       Target "_NormalizeTargetPlatformVersion" skipped, due to false condition; ('$(TargetPlatformVersion)' != '' and '$(TargetFrameworkIdentifier)' == '.NETCoreApp' and $([MSBuild]::VersionGreaterThanOrEquals($(TargetFrameworkVersion), 5.0)) and ('$(Language)' != 'C++' or '$(_EnablePackageReferencesInVCProjects)' == 'true')) was evaluated as ('' != '' and '.NETCoreApp' == '.NETCoreApp' and True and ('C#' != 'C++' or '' == 'true')).
   1:5>Target "_CheckForLanguageAndFeatureCombinationSupport" in file "C:\Program Files\dotnet\sdk\8.0.416\Sdks\Microsoft.NET.Sdk\targets\Microsoft.NET.RuntimeIdentifierInference.targets" from project "F:\OJT-Review\MoneyTrackerApp\Expense-Manager\MoneyTrackerApp\MoneyTrackerApp\MoneyTrackerApp.csproj" (target "ProcessFrameworkReferences" depends on it):
       Task "NETSdkError" skipped, due to false condition; (('$(Language)' == 'C++' and '$(_EnablePackageReferencesInVCProjects)' != 'true') and $(OutputType) != 'library' and '$(TargetFrameworkIdentifier)' == '.NETCoreApp') was evaluated as (('C#' == 'C++' and '' != 'true') and Exe != 'library' and '.NETCoreApp' == '.NETCoreApp').
       Task "NETSdkError" skipped, due to false condition; (('$(Language)' == 'C++' and '$(_EnablePackageReferencesInVCProjects)' != 'true') and $(EnableComHosting) == 'true') was evaluated as (('C#' == 'C++' and '' != 'true') and  == 'true').
       Task "NETSdkError" skipped, due to false condition; (('$(Language)' == 'C++' and '$(_EnablePackageReferencesInVCProjects)' != 'true') and $(SelfContained) == 'true') was evaluated as (('C#' == 'C++' and '' != 'true') and false == 'true').
   1:5>Done building target "_CheckForLanguageAndFeatureCombinationSupport" in project "MoneyTrackerApp.csproj".
   1:5>Target "_ComputeToolPackInputsToProcessFrameworkReferences" in file "C:\Program Files\dotnet\sdk\8.0.416\Sdks\Microsoft.NET.Sdk\targets\Microsoft.NET.Publish.targets" from project "F:\OJT-Review\MoneyTrackerApp\Expense-Manager\MoneyTrackerApp\MoneyTrackerApp\MoneyTrackerApp.csproj" (target "ProcessFrameworkReferences" depends on it):
   1:5>Done building target "_ComputeToolPackInputsToProcessFrameworkReferences" in project "MoneyTrackerApp.csproj".
   1:5>Target "ProcessFrameworkReferences" in file "C:\Program Files\dotnet\sdk\8.0.416\Sdks\Microsoft.NET.Sdk\targets\Microsoft.NET.Sdk.FrameworkReferenceResolution.targets" from project "F:\OJT-Review\MoneyTrackerApp\Expense-Manager\MoneyTrackerApp\MoneyTrackerApp\MoneyTrackerApp.csproj" (target "CollectPackageReferences" depends on it):
       Using "CheckForDuplicateFrameworkReferences" task from assembly "C:\Program Files\dotnet\sdk\8.0.416\Sdks\Microsoft.NET.Sdk\targets\..\tools\net8.0\Microsoft.NET.Build.Tasks.dll".
       Task "CheckForDuplicateFrameworkReferences"
       Done executing task "CheckForDuplicateFrameworkReferences".
       Using "ProcessFrameworkReferences" task from assembly "C:\Program Files\dotnet\sdk\8.0.416\Sdks\Microsoft.NET.Sdk\targets\..\tools\net8.0\Microsoft.NET.Build.Tasks.dll".
       Task "ProcessFrameworkReferences"
       Done executing task "ProcessFrameworkReferences".
       Using "ResolveAppHosts" task from assembly "C:\Program Files\dotnet\sdk\8.0.416\Sdks\Microsoft.NET.Sdk\targets\..\tools\net8.0\Microsoft.NET.Build.Tasks.dll".
       Task "ResolveAppHosts"
       Done executing task "ResolveAppHosts".
   1:5>Done building target "ProcessFrameworkReferences" in project "MoneyTrackerApp.csproj".
       Target "IncludeTargetingPackReference" skipped, due to false condition; ('$(TargetFrameworkMoniker)' != '' and '$(TargetFrameworkIdentifier)' == '.NETFramework' and '$(AutomaticallyUseReferenceAssemblyPackages)' == 'true') was evaluated as ('.NETCoreApp,Version=v8.0' != '' and '.NETCoreApp' == '.NETFramework' and 'true' == 'true').
   1:5>Target "_AddMicrosoftNetCompilerToolsetFrameworkPackage" in file "C:\Program Files\dotnet\sdk\8.0.416\Sdks\Microsoft.NET.Sdk\targets\Microsoft.NET.Sdk.targets" from project "F:\OJT-Review\MoneyTrackerApp\Expense-Manager\MoneyTrackerApp\MoneyTrackerApp\MoneyTrackerApp.csproj" (target "CollectPackageReferences" depends on it):
       Task "NETSdkWarning" skipped, due to false condition; ('@(PackageReference->AnyHaveMetadataValue('Identity', 'Microsoft.Net.Compilers.Toolset.Framework'))' == 'true') was evaluated as ('false' == 'true').
   1:5>Done building target "_AddMicrosoftNetCompilerToolsetFrameworkPackage" in project "MoneyTrackerApp.csproj".
   1:5>Target "_CheckForObsoleteDotNetCliToolReferences" in file "C:\Program Files\dotnet\sdk\8.0.416\Sdks\Microsoft.NET.Sdk\targets\Microsoft.NET.ObsoleteReferences.targets" from project "F:\OJT-Review\MoneyTrackerApp\Expense-Manager\MoneyTrackerApp\MoneyTrackerApp\MoneyTrackerApp.csproj" (target "CollectPackageReferences" depends on it):
       Task "NETSdkWarning" skipped, due to false condition; ( '%(_ReferenceToObsoleteDotNetCliTool.Identity)' != '' ) was evaluated as ( '' != '' ).
   1:5>Done building target "_CheckForObsoleteDotNetCliToolReferences" in project "MoneyTrackerApp.csproj".
   1:5>Target "CollectPackageReferences" in file "C:\Program Files\dotnet\sdk\8.0.416\NuGet.targets" from project "F:\OJT-Review\MoneyTrackerApp\Expense-Manager\MoneyTrackerApp\MoneyTrackerApp\MoneyTrackerApp.csproj" (target "_GetRestoreProjectStyle" depends on it):
       Using "CheckForDuplicateNuGetItemsTask" task from assembly "C:\Program Files\dotnet\sdk\8.0.416\NuGet.Build.Tasks.dll".
       Task "CheckForDuplicateNuGetItemsTask"
       Done executing task "CheckForDuplicateNuGetItemsTask".
   1:5>Done building target "CollectPackageReferences" in project "MoneyTrackerApp.csproj".
   1:5>Target "_GetRestoreProjectStyle" in file "C:\Program Files\dotnet\sdk\8.0.416\NuGet.targets" from project "F:\OJT-Review\MoneyTrackerApp\Expense-Manager\MoneyTrackerApp\MoneyTrackerApp\MoneyTrackerApp.csproj" (target "_GenerateRestoreSpecs" depends on it):
       Using "GetRestoreProjectStyleTask" task from assembly "C:\Program Files\dotnet\sdk\8.0.416\NuGet.Build.Tasks.dll".
       Task "GetRestoreProjectStyleTask"
       Done executing task "GetRestoreProjectStyleTask".
   1:5>Done building target "_GetRestoreProjectStyle" in project "MoneyTrackerApp.csproj".
   1:5>Target "_GenerateRestoreSpecs" in file "C:\Program Files\dotnet\sdk\8.0.416\NuGet.targets" from project "F:\OJT-Review\MoneyTrackerApp\Expense-Manager\MoneyTrackerApp\MoneyTrackerApp\MoneyTrackerApp.csproj" (target "_GenerateRestoreGraphProjectEntry" depends on it):
       Task "Message"
         Restore entry point F:\OJT-Review\MoneyTrackerApp\Expense-Manager\MoneyTrackerApp\MoneyTrackerApp\MoneyTrackerApp.csproj
       Done executing task "Message".
   1:5>Done building target "_GenerateRestoreSpecs" in project "MoneyTrackerApp.csproj".
   1:5>Target "_GetRestoreSettingsOverrides" in file "C:\Program Files\dotnet\sdk\8.0.416\NuGet.targets" from project "F:\OJT-Review\MoneyTrackerApp\Expense-Manager\MoneyTrackerApp\MoneyTrackerApp\MoneyTrackerApp.csproj" (target "_GetRestoreSettings" depends on it):
       Task "MSBuild" skipped, due to false condition; ( '$(RestorePackagesPath)' != '' ) was evaluated as ( '' != '' ).
       Task "MSBuild" skipped, due to false condition; ( '$(RestoreRepositoryPathOverride)' != '' ) was evaluated as ( '' != '' ).
       Task "MSBuild" skipped, due to false condition; ( '$(RestoreSources)' != '' ) was evaluated as ( '' != '' ).
       Task "MSBuild" skipped, due to false condition; ( '$(RestoreFallbackFolders)' != '' ) was evaluated as ( '' != '' ).
   1:5>Done building target "_GetRestoreSettingsOverrides" in project "MoneyTrackerApp.csproj".
   1:5>Target "_GetRestoreSettingsPerFramework" in file "C:\Program Files\dotnet\sdk\8.0.416\NuGet.targets" from project "F:\OJT-Review\MoneyTrackerApp\Expense-Manager\MoneyTrackerApp\MoneyTrackerApp\MoneyTrackerApp.csproj" (target "_GetRestoreSettingsCurrentProject" depends on it):
   1:5>Done building target "_GetRestoreSettingsPerFramework" in project "MoneyTrackerApp.csproj".
   1:5>Target "_GetRestoreSettingsCurrentProject" in file "C:\Program Files\dotnet\sdk\8.0.416\NuGet.targets" from project "F:\OJT-Review\MoneyTrackerApp\Expense-Manager\MoneyTrackerApp\MoneyTrackerApp\MoneyTrackerApp.csproj" (target "_GetRestoreSettings" depends on it):
   1:5>Done building target "_GetRestoreSettingsCurrentProject" in project "MoneyTrackerApp.csproj".
       Target "_GetRestoreSettingsAllFrameworks" skipped, due to false condition; ( '$(TargetFrameworks)' != '' AND '$(PackageReferenceCompatibleProjectStyle)' == 'true' ) was evaluated as ( '' != '' AND 'True' == 'true' ).
   1:5>Target "_GetRestoreSettings" in file "C:\Program Files\dotnet\sdk\8.0.416\NuGet.targets" from project "F:\OJT-Review\MoneyTrackerApp\Expense-Manager\MoneyTrackerApp\MoneyTrackerApp\MoneyTrackerApp.csproj" (target "_GenerateDotnetCliToolReferenceSpecs" depends on it):
       Using "GetRestoreSettingsTask" task from assembly "C:\Program Files\dotnet\sdk\8.0.416\NuGet.Build.Tasks.dll".
       Task "GetRestoreSettingsTask"
         Assembly loaded during TaskRun (NuGet.Build.Tasks.GetRestoreSettingsTask): NuGet.Configuration, Version=6.11.1.2, Culture=neutral, PublicKeyToken=31bf3856ad364e35 (location: C:\Program Files\dotnet\sdk\8.0.416\NuGet.Configuration.dll, MVID: be7e3e57-42a2-4a9c-87cf-47833efa7f94, AssemblyLoadContext: MSBuild plugin C:\Program Files\dotnet\sdk\8.0.416\NuGet.Build.Tasks.dll)
       Done executing task "GetRestoreSettingsTask".
   1:5>Done building target "_GetRestoreSettings" in project "MoneyTrackerApp.csproj".
   1:5>Target "_GenerateDotnetCliToolReferenceSpecs" in file "C:\Program Files\dotnet\sdk\8.0.416\NuGet.targets" from project "F:\OJT-Review\MoneyTrackerApp\Expense-Manager\MoneyTrackerApp\MoneyTrackerApp\MoneyTrackerApp.csproj" (target "_GenerateRestoreGraphProjectEntry" depends on it):
       Using "GetRestoreDotnetCliToolsTask" task from assembly "C:\Program Files\dotnet\sdk\8.0.416\NuGet.Build.Tasks.dll".
       Task "GetRestoreDotnetCliToolsTask"
       Done executing task "GetRestoreDotnetCliToolsTask".
   1:5>Done building target "_GenerateDotnetCliToolReferenceSpecs" in project "MoneyTrackerApp.csproj".
   1:5>Target "_GenerateRestoreGraphProjectEntry" in file "C:\Program Files\dotnet\sdk\8.0.416\NuGet.targets" from project "F:\OJT-Review\MoneyTrackerApp\Expense-Manager\MoneyTrackerApp\MoneyTrackerApp\MoneyTrackerApp.csproj" (entry point):
   1:5>Done building target "_GenerateRestoreGraphProjectEntry" in project "MoneyTrackerApp.csproj".
   1:5>Done Building Project "F:\OJT-Review\MoneyTrackerApp\Expense-Manager\MoneyTrackerApp\MoneyTrackerApp\MoneyTrackerApp.csproj" (_GenerateRestoreGraphProjectEntry target(s)).
     1>Done executing task "MSBuild".
       Task "MSBuild"
         Global Properties:
           ExcludeRestorePackageImports=true
     1>Project "F:\OJT-Review\MoneyTrackerApp\Expense-Manager\MoneyTrackerApp\MoneyTrackerApp\MoneyTrackerApp.csproj" (1) is building "F:\OJT-Review\MoneyTrackerApp\Expense-Manager\MoneyTrackerApp\MoneyTrackerApp\MoneyTrackerApp.csproj" (1:6) on node 1 (_GenerateProjectRestoreGraph target(s)).
   1:6>Target "_GetRestoreProjectStyle" skipped. Previously built successfully.
       Target "_GetRestoreProjectStyle" skipped. Previously built successfully.
       Target "_GetRestoreProjectStyle" skipped. Previously built successfully.
   1:6>Target "_GetRestoreTargetFrameworkOverride" in file "C:\Program Files\dotnet\sdk\8.0.416\NuGet.targets" from project "F:\OJT-Review\MoneyTrackerApp\Expense-Manager\MoneyTrackerApp\MoneyTrackerApp\MoneyTrackerApp.csproj" (target "_GetRestoreTargetFrameworksOutput" depends on it):
       Task "GetGlobalPropertyValueTask" skipped, due to false condition; ( '$(TargetFrameworks)' != '' ) was evaluated as ( '' != '' ).
   1:6>Done building target "_GetRestoreTargetFrameworkOverride" in project "MoneyTrackerApp.csproj".
   1:6>Target "_GetRestoreTargetFrameworksOutput" in file "C:\Program Files\dotnet\sdk\8.0.416\NuGet.targets" from project "F:\OJT-Review\MoneyTrackerApp\Expense-Manager\MoneyTrackerApp\MoneyTrackerApp\MoneyTrackerApp.csproj" (target "_GenerateRestoreProjectSpec" depends on it):
       Using "GetProjectTargetFrameworksTask" task from assembly "C:\Program Files\dotnet\sdk\8.0.416\NuGet.Build.Tasks.dll".
       Task "GetProjectTargetFrameworksTask"
       Done executing task "GetProjectTargetFrameworksTask".
   1:6>Done building target "_GetRestoreTargetFrameworksOutput" in project "MoneyTrackerApp.csproj".
       Target "_GetRestoreSettings" skipped. Previously built successfully.
   1:6>Target "_GenerateRestoreProjectSpec" in file "C:\Program Files\dotnet\sdk\8.0.416\NuGet.targets" from project "F:\OJT-Review\MoneyTrackerApp\Expense-Manager\MoneyTrackerApp\MoneyTrackerApp\MoneyTrackerApp.csproj" (target "_GenerateProjectRestoreGraph" depends on it):
       Task "ConvertToAbsolutePath"
       Done executing task "ConvertToAbsolutePath".
   1:6>Done building target "_GenerateRestoreProjectSpec" in project "MoneyTrackerApp.csproj".
       Target "_GenerateProjectRestoreGraphAllFrameworks" skipped, due to false condition; ( '$(TargetFrameworks)' != '' ) was evaluated as ( '' != '' ).
       Target "_GetRestoreProjectStyle" skipped. Previously built successfully.
       Target "CollectPackageReferences" skipped. Previously built successfully.
   1:6>Target "CollectPackageDownloads" in file "C:\Program Files\dotnet\sdk\8.0.416\NuGet.targets" from project "F:\OJT-Review\MoneyTrackerApp\Expense-Manager\MoneyTrackerApp\MoneyTrackerApp\MoneyTrackerApp.csproj" (target "_CollectRestoreInputs" depends on it):
       Task "CheckForDuplicateNuGetItemsTask"
       Done executing task "CheckForDuplicateNuGetItemsTask".
   1:6>Done building target "CollectPackageDownloads" in project "MoneyTrackerApp.csproj".
   1:6>Target "CollectFrameworkReferences" in file "C:\Program Files\dotnet\sdk\8.0.416\NuGet.targets" from project "F:\OJT-Review\MoneyTrackerApp\Expense-Manager\MoneyTrackerApp\MoneyTrackerApp\MoneyTrackerApp.csproj" (target "_CollectRestoreInputs" depends on it):
   1:6>Done building target "CollectFrameworkReferences" in project "MoneyTrackerApp.csproj".
   1:6>Target "CollectCentralPackageVersions" in file "C:\Program Files\dotnet\sdk\8.0.416\NuGet.targets" from project "F:\OJT-Review\MoneyTrackerApp\Expense-Manager\MoneyTrackerApp\MoneyTrackerApp\MoneyTrackerApp.csproj" (target "_CollectRestoreInputs" depends on it):
       Task "CheckForDuplicateNuGetItemsTask"
       Done executing task "CheckForDuplicateNuGetItemsTask".
   1:6>Done building target "CollectCentralPackageVersions" in project "MoneyTrackerApp.csproj".
   1:6>Target "CollectNuGetAuditSuppressions" in file "C:\Program Files\dotnet\sdk\8.0.416\NuGet.targets" from project "F:\OJT-Review\MoneyTrackerApp\Expense-Manager\MoneyTrackerApp\MoneyTrackerApp\MoneyTrackerApp.csproj" (target "_CollectRestoreInputs" depends on it):
       Task "CheckForDuplicateNuGetItemsTask"
       Done executing task "CheckForDuplicateNuGetItemsTask".
   1:6>Done building target "CollectNuGetAuditSuppressions" in project "MoneyTrackerApp.csproj".
   1:6>Target "_CollectRestoreInputs" in file "C:\Program Files\dotnet\sdk\8.0.416\NuGet.targets" from project "F:\OJT-Review\MoneyTrackerApp\Expense-Manager\MoneyTrackerApp\MoneyTrackerApp\MoneyTrackerApp.csproj" (target "_GenerateProjectRestoreGraphPerFramework" depends on it):
   1:6>Done building target "_CollectRestoreInputs" in project "MoneyTrackerApp.csproj".
       Target "PrepRestoreForStoreProjects" skipped, due to false condition; ('$(StorePackageName)' != '') was evaluated as ('' != '').
   1:6>Target "_GenerateProjectRestoreGraphPerFramework" in file "C:\Program Files\dotnet\sdk\8.0.416\NuGet.targets" from project "F:\OJT-Review\MoneyTrackerApp\Expense-Manager\MoneyTrackerApp\MoneyTrackerApp\MoneyTrackerApp.csproj" (target "_GenerateProjectRestoreGraphCurrentProject" depends on it):
       Using "GetRestoreProjectReferencesTask" task from assembly "C:\Program Files\dotnet\sdk\8.0.416\NuGet.Build.Tasks.dll".
       Task "GetRestoreProjectReferencesTask"
       Done executing task "GetRestoreProjectReferencesTask".
       Using "GetRestorePackageReferencesTask" task from assembly "C:\Program Files\dotnet\sdk\8.0.416\NuGet.Build.Tasks.dll".
       Task "GetRestorePackageReferencesTask"
       Done executing task "GetRestorePackageReferencesTask".
       Task "GetCentralPackageVersionsTask" skipped, due to false condition; ( '$(PackageReferenceCompatibleProjectStyle)' == 'true' AND '$(_CentralPackageVersionsEnabled)' == 'true' ) was evaluated as ( 'True' == 'true' AND '' == 'true' ).
       Using "GetRestorePackageDownloadsTask" task from assembly "C:\Program Files\dotnet\sdk\8.0.416\NuGet.Build.Tasks.dll".
       Task "GetRestorePackageDownloadsTask"
       Done executing task "GetRestorePackageDownloadsTask".
       Using "GetRestoreFrameworkReferencesTask" task from assembly "C:\Program Files\dotnet\sdk\8.0.416\NuGet.Build.Tasks.dll".
       Task "GetRestoreFrameworkReferencesTask"
       Done executing task "GetRestoreFrameworkReferencesTask".
       Using "GetRestoreNuGetAuditSuppressionsTask" task from assembly "C:\Program Files\dotnet\sdk\8.0.416\NuGet.Build.Tasks.dll".
       Task "GetRestoreNuGetAuditSuppressionsTask"
       Done executing task "GetRestoreNuGetAuditSuppressionsTask".
   1:6>Done building target "_GenerateProjectRestoreGraphPerFramework" in project "MoneyTrackerApp.csproj".
   1:6>Target "_GenerateProjectRestoreGraphCurrentProject" in file "C:\Program Files\dotnet\sdk\8.0.416\NuGet.targets" from project "F:\OJT-Review\MoneyTrackerApp\Expense-Manager\MoneyTrackerApp\MoneyTrackerApp\MoneyTrackerApp.csproj" (target "_GenerateRestoreDependencies" depends on it):
   1:6>Done building target "_GenerateProjectRestoreGraphCurrentProject" in project "MoneyTrackerApp.csproj".
   1:6>Target "_GenerateRestoreDependencies" in file "C:\Program Files\dotnet\sdk\8.0.416\NuGet.targets" from project "F:\OJT-Review\MoneyTrackerApp\Expense-Manager\MoneyTrackerApp\MoneyTrackerApp\MoneyTrackerApp.csproj" (target "_GenerateProjectRestoreGraph" depends on it):
   1:6>Done building target "_GenerateRestoreDependencies" in project "MoneyTrackerApp.csproj".
   1:6>Target "_GenerateProjectRestoreGraph" in file "C:\Program Files\dotnet\sdk\8.0.416\NuGet.targets" from project "F:\OJT-Review\MoneyTrackerApp\Expense-Manager\MoneyTrackerApp\MoneyTrackerApp\MoneyTrackerApp.csproj" (entry point):
   1:6>Done building target "_GenerateProjectRestoreGraph" in project "MoneyTrackerApp.csproj".
   1:6>Done Building Project "F:\OJT-Review\MoneyTrackerApp\Expense-Manager\MoneyTrackerApp\MoneyTrackerApp\MoneyTrackerApp.csproj" (_GenerateProjectRestoreGraph target(s)).
     1>Done executing task "MSBuild".
     1>Done building target "_GenerateRestoreGraph" in project "MoneyTrackerApp.csproj".
       Target "_CheckForUnsupportedTargetFramework" skipped, due to false condition; ('$(_UnsupportedTargetFrameworkError)' == 'true') was evaluated as ('' == 'true').
     1>Target "_CollectTargetFrameworkForTelemetry" in file "C:\Program Files\dotnet\sdk\8.0.416\Sdks\Microsoft.NET.Sdk\targets\Microsoft.NET.TargetFrameworkInference.targets" from project "F:\OJT-Review\MoneyTrackerApp\Expense-Manager\MoneyTrackerApp\MoneyTrackerApp\MoneyTrackerApp.csproj" (target "Restore" depends on it):
       Using "AllowEmptyTelemetry" task from assembly "C:\Program Files\dotnet\sdk\8.0.416\Sdks\Microsoft.NET.Sdk\targets\..\tools\net8.0\Microsoft.NET.Build.Tasks.dll".
       Task "AllowEmptyTelemetry"
       Done executing task "AllowEmptyTelemetry".
     1>Done building target "_CollectTargetFrameworkForTelemetry" in project "MoneyTrackerApp.csproj".
     1>Target "_CheckForUnsupportedNETCoreVersion" in file "C:\Program Files\dotnet\sdk\8.0.416\Sdks\Microsoft.NET.Sdk\targets\Microsoft.NET.TargetFrameworkInference.targets" from project "F:\OJT-Review\MoneyTrackerApp\Expense-Manager\MoneyTrackerApp\MoneyTrackerApp\MoneyTrackerApp.csproj" (target "Restore" depends on it):
       Task "NETSdkError" skipped, due to false condition; ('$(_TargetFrameworkVersionWithoutV)' > '$(NETCoreAppMaximumVersion)' and '$(DisplayVSMessage)' != 'true') was evaluated as ('8.0' > '8.0' and '' != 'true').
       Task "NETSdkError" skipped, due to false condition; ('$(DisplayVSMessage)' == 'true') was evaluated as ('' == 'true').
     1>Done building target "_CheckForUnsupportedNETCoreVersion" in project "MoneyTrackerApp.csproj".
       Target "_CheckForEolTargetFrameworks" skipped, due to false condition; ('@(_EolNetCoreTargetFrameworkVersions->AnyHaveMetadataValue('Identity', '$(_TargetFrameworkVersionWithoutV)'))' and '$(TargetFrameworkIdentifier)' == '.NETCoreApp' and '$(CheckEolTargetFramework)' == 'true') was evaluated as ('false' and '.NETCoreApp' == '.NETCoreApp' and 'true' == 'true').
       Target "_CheckForEolWorkloads" skipped, due to false condition; ('@(EolWorkload)' != '' and '$(CheckEolWorkloads)' == 'true') was evaluated as ('' != '' and 'true' == 'true').
     1>Target "_CheckForUnsupportedCppNETCoreVersion" in file "C:\Program Files\dotnet\sdk\8.0.416\Sdks\Microsoft.NET.Sdk\targets\Microsoft.NET.TargetFrameworkInference.targets" from project "F:\OJT-Review\MoneyTrackerApp\Expense-Manager\MoneyTrackerApp\MoneyTrackerApp\MoneyTrackerApp.csproj" (target "Restore" depends on it):
       Task "NETSdkError" skipped, due to false condition; ('$(TargetFrameworkIdentifier)' == '.NETCoreApp' and '$(_TargetFrameworkVersionWithoutV)' < '3.1' and ('$(Language)' == 'C++' and '$(_EnablePackageReferencesInVCProjects)' != 'true')) was evaluated as ('.NETCoreApp' == '.NETCoreApp' and '8.0' < '3.1' and ('C#' == 'C++' and '' != 'true')).
     1>Done building target "_CheckForUnsupportedCppNETCoreVersion" in project "MoneyTrackerApp.csproj".
       Target "_CheckForUnsupportedNETStandardVersion" skipped, due to false condition; ('$(TargetFrameworkIdentifier)' == '.NETStandard' And '$(NETStandardMaximumVersion)' != '') was evaluated as ('.NETCoreApp' == '.NETStandard' And '' != '').
       Target "_CheckForUnsupportedTargetFrameworkAndFeatureCombination" skipped, due to false condition; ('$(TargetFrameworkIdentifier)' == '.NETFramework') was evaluated as ('.NETCoreApp' == '.NETFramework').
     1>Target "Restore" in file "C:\Program Files\dotnet\sdk\8.0.416\NuGet.targets" from project "F:\OJT-Review\MoneyTrackerApp\Expense-Manager\MoneyTrackerApp\MoneyTrackerApp\MoneyTrackerApp.csproj" (entry point):
       Task "RemoveDuplicates"
       Done executing task "RemoveDuplicates".
       Using "RestoreTask" task from assembly "C:\Program Files\dotnet\sdk\8.0.416\NuGet.Build.Tasks.dll".
       Task "RestoreTask"
         Assembly loaded during TaskRun (NuGet.Build.Tasks.RestoreTask): NuGet.Packaging, Version=6.11.1.2, Culture=neutral, PublicKeyToken=31bf3856ad364e35 (location: C:\Program Files\dotnet\sdk\8.0.416\NuGet.Packaging.dll, MVID: c3569465-2284-4cdc-80fa-53f23ad5a901, AssemblyLoadContext: MSBuild plugin C:\Program Files\dotnet\sdk\8.0.416\NuGet.Build.Tasks.dll)
         Assembly loaded during TaskRun (NuGet.Build.Tasks.RestoreTask): NuGet.LibraryModel, Version=6.11.1.2, Culture=neutral, PublicKeyToken=31bf3856ad364e35 (location: C:\Program Files\dotnet\sdk\8.0.416\NuGet.LibraryModel.dll, MVID: 9c74e240-a36b-4261-ae2d-466984d97095, AssemblyLoadContext: MSBuild plugin C:\Program Files\dotnet\sdk\8.0.416\NuGet.Build.Tasks.dll)
         Assembly loaded during TaskRun (NuGet.Build.Tasks.RestoreTask): NuGet.Versioning, Version=6.11.1.2, Culture=neutral, PublicKeyToken=31bf3856ad364e35 (location: C:\Program Files\dotnet\sdk\8.0.416\NuGet.Versioning.dll, MVID: 0ff30a8a-7983-4ede-bc2f-f9d2f526b309, AssemblyLoadContext: MSBuild plugin C:\Program Files\dotnet\sdk\8.0.416\NuGet.Build.Tasks.dll)
         Assembly loaded during TaskRun (NuGet.Build.Tasks.RestoreTask): NuGet.Frameworks, Version=6.11.1.2, Culture=neutral, PublicKeyToken=31bf3856ad364e35 (location: C:\Program Files\dotnet\sdk\8.0.416\NuGet.Frameworks.dll, MVID: 36fa17a1-abb6-4cce-b85c-dd32a6dcc45f, AssemblyLoadContext: MSBuild plugin C:\Program Files\dotnet\sdk\8.0.416\NuGet.Build.Tasks.dll)
         Assembly loaded during TaskRun (NuGet.Build.Tasks.RestoreTask): NuGet.Protocol, Version=6.11.1.2, Culture=neutral, PublicKeyToken=31bf3856ad364e35 (location: C:\Program Files\dotnet\sdk\8.0.416\NuGet.Protocol.dll, MVID: 65288774-e726-408e-8bb6-d22100f75eed, AssemblyLoadContext: MSBuild plugin C:\Program Files\dotnet\sdk\8.0.416\NuGet.Build.Tasks.dll)
         Assembly loaded during TaskRun (NuGet.Build.Tasks.RestoreTask): NuGet.Credentials, Version=6.11.1.2, Culture=neutral, PublicKeyToken=31bf3856ad364e35 (location: C:\Program Files\dotnet\sdk\8.0.416\NuGet.Credentials.dll, MVID: 07a91a3f-265a-4226-985e-876d1036d338, AssemblyLoadContext: MSBuild plugin C:\Program Files\dotnet\sdk\8.0.416\NuGet.Build.Tasks.dll)
         X.509 certificate chain validation will use the default trust store selected by .NET for code signing.
         X.509 certificate chain validation will use the default trust store selected by .NET for timestamping.
         Assembly loaded during TaskRun (NuGet.Build.Tasks.RestoreTask): NuGet.DependencyResolver.Core, Version=6.11.1.2, Culture=neutral, PublicKeyToken=31bf3856ad364e35 (location: C:\Program Files\dotnet\sdk\8.0.416\NuGet.DependencyResolver.Core.dll, MVID: 70f2641a-4895-4758-a37b-70be48187b22, AssemblyLoadContext: MSBuild plugin C:\Program Files\dotnet\sdk\8.0.416\NuGet.Build.Tasks.dll)
         Running restore with 12 concurrent jobs.
         Reading project file F:\OJT-Review\MoneyTrackerApp\Expense-Manager\MoneyTrackerApp\MoneyTrackerApp\MoneyTrackerApp.csproj.
         Assembly loaded during TaskRun (NuGet.Build.Tasks.RestoreTask): Newtonsoft.Json, Version=13.0.0.0, Culture=neutral, PublicKeyToken=30ad4fe6b2a6aeed (location: C:\Program Files\dotnet\sdk\8.0.416\Newtonsoft.Json.dll, MVID: 7e62198b-eab2-4380-bbac-29171862d1d8, AssemblyLoadContext: MSBuild plugin C:\Program Files\dotnet\sdk\8.0.416\NuGet.Build.Tasks.dll)
         Assembly loaded during TaskRun (NuGet.Build.Tasks.RestoreTask): System.Runtime.Serialization.Primitives, Version=8.0.0.0, Culture=neutral, PublicKeyToken=b03f5f7f11d50a3a (location: C:\Program Files\dotnet\shared\Microsoft.NETCore.App\8.0.22\System.Runtime.Serialization.Primitives.dll, MVID: fda1de46-3b4d-441b-977b-bbed766c8dc5, AssemblyLoadContext: Default)
         Assembly loaded during TaskRun (NuGet.Build.Tasks.RestoreTask): System.Runtime.Numerics, Version=8.0.0.0, Culture=neutral, PublicKeyToken=b03f5f7f11d50a3a (location: C:\Program Files\dotnet\shared\Microsoft.NETCore.App\8.0.22\System.Runtime.Numerics.dll, MVID: e33315da-9e7b-4e71-ac35-07eafdffc34e, AssemblyLoadContext: Default)
         The restore inputs for 'MoneyTrackerApp' have not changed. No further actions are required to complete the restore.
     1>F:\OJT-Review\MoneyTrackerApp\Expense-Manager\MoneyTrackerApp\MoneyTrackerApp\MoneyTrackerApp.csproj : warning NU1903: Package 'SixLabors.ImageSharp' 3.1.6 has a known high severity vulnerability, https://github.com/advisories/GHSA-2cmq-823j-5qj8
     1>F:\OJT-Review\MoneyTrackerApp\Expense-Manager\MoneyTrackerApp\MoneyTrackerApp\MoneyTrackerApp.csproj : warning NU1902: Package 'SixLabors.ImageSharp' 3.1.6 has a known moderate severity vulnerability, https://github.com/advisories/GHSA-rxmq-m78w-7wmc
         Committing restore...
         Assets file has not changed. Skipping assets file writing. Path: F:\OJT-Review\MoneyTrackerApp\Expense-Manager\MoneyTrackerApp\MoneyTrackerApp\obj\project.assets.json
         No-Op restore. The cache will not be updated. Path: F:\OJT-Review\MoneyTrackerApp\Expense-Manager\MoneyTrackerApp\MoneyTrackerApp\obj\project.nuget.cache
         Restored F:\OJT-Review\MoneyTrackerApp\Expense-Manager\MoneyTrackerApp\MoneyTrackerApp\MoneyTrackerApp.csproj (in 37 ms).
         
         NuGet Config files used:
             C:\Users\MY PC\AppData\Roaming\NuGet\NuGet.Config
             C:\Program Files (x86)\NuGet\Config\Microsoft.VisualStudio.FallbackLocation.config
             C:\Program Files (x86)\NuGet\Config\Microsoft.VisualStudio.Offline.config
         
         Feeds used:
             https://api.nuget.org/v3/index.json
             C:\Program Files (x86)\Microsoft SDKs\NuGetPackages\
             C:\Program Files\dotnet\library-packs
         All projects are up-to-date for restore.
       Done executing task "RestoreTask".
     1>Done building target "Restore" in project "MoneyTrackerApp.csproj".
     1>Done Building Project "F:\OJT-Review\MoneyTrackerApp\Expense-Manager\MoneyTrackerApp\MoneyTrackerApp\MoneyTrackerApp.csproj" (Restore target(s)).
     0>The SDK "Microsoft.NET.Sdk.Web" was successfully resolved by the "DefaultSdkResolver" resolver to location "C:\Program Files\dotnet\sdk\8.0.416\Sdks\Microsoft.NET.Sdk.Web\Sdk" and version "".
       The SDK "Microsoft.NET.Sdk" was successfully resolved by the "DefaultSdkResolver" resolver to location "C:\Program Files\dotnet\sdk\8.0.416\Sdks\Microsoft.NET.Sdk\Sdk" and version "".
       Property 'MSBuildExtensionsPath' with value 'C:\Program Files\dotnet\sdk\8.0.416\' expanded from the environment.
       Property reassignment: $(MSBuildProjectExtensionsPath)="F:\OJT-Review\MoneyTrackerApp\Expense-Manager\MoneyTrackerApp\MoneyTrackerApp\obj\" (previous value: "obj\") at C:\Program Files\dotnet\sdk\8.0.416\Current\Microsoft.Common.props (60,5)
       Property 'USERPROFILE' with value 'C:\Users\MY PC' expanded from the environment.
       Property 'MSBuildUserExtensionsPath' with value 'C:\Users\MY PC\AppData\Local\Microsoft\MSBuild' expanded from the environment.
       Property reassignment: $(AssemblySearchPaths)="{CandidateAssemblyFiles};{HintPathFromItem}" (previous value: "{CandidateAssemblyFiles}") at C:\Program Files\dotnet\sdk\8.0.416\Sdks\Microsoft.NET.Sdk\targets\Microsoft.NET.Sdk.props (91,5)
       Property reassignment: $(AssemblySearchPaths)="{CandidateAssemblyFiles};{HintPathFromItem};{TargetFrameworkDirectory}" (previous value: "{CandidateAssemblyFiles};{HintPathFromItem}") at C:\Program Files\dotnet\sdk\8.0.416\Sdks\Microsoft.NET.Sdk\targets\Microsoft.NET.Sdk.props (92,5)
       Property reassignment: $(AssemblySearchPaths)="{CandidateAssemblyFiles};{HintPathFromItem};{TargetFrameworkDirectory};{RawFileName}" (previous value: "{CandidateAssemblyFiles};{HintPathFromItem};{TargetFrameworkDirectory}") at C:\Program Files\dotnet\sdk\8.0.416\Sdks\Microsoft.NET.Sdk\targets\Microsoft.NET.Sdk.props (93,5)
       The "DefaultSdkResolver" resolver attempted to resolve the SDK "Microsoft.NET.SDK.WorkloadAutoImportPropsLocator".
       Warnings: null
       Errors: MSB4276: The default SDK resolver failed to resolve SDK "Microsoft.NET.SDK.WorkloadAutoImportPropsLocator" because directory "C:\Program Files\dotnet\sdk\8.0.416\Sdks\Microsoft.NET.SDK.WorkloadAutoImportPropsLocator\Sdk" did not exist.
       The SDK "Microsoft.NET.SDK.WorkloadAutoImportPropsLocator" was successfully resolved by the "Microsoft.DotNet.MSBuildWorkloadSdkResolver" resolver to location "null" and version "null".
       Property reassignment: $(TargetsForTfmSpecificContentInPackage)=";PackTool;_PackProjectToolValidation" (previous value: ";PackTool") at C:\Program Files\dotnet\sdk\8.0.416\Sdks\Microsoft.NET.Sdk\targets\Microsoft.NET.PackProjectTool.props (15,5)
       The SDK "Microsoft.NET.Sdk.Razor" was successfully resolved by the "DefaultSdkResolver" resolver to location "C:\Program Files\dotnet\sdk\8.0.416\Sdks\Microsoft.NET.Sdk.Razor\Sdk" and version "".
       The SDK "Microsoft.NET.Sdk.StaticWebAssets" was successfully resolved by the "DefaultSdkResolver" resolver to location "C:\Program Files\dotnet\sdk\8.0.416\Sdks\Microsoft.NET.Sdk.StaticWebAssets\Sdk" and version "".
       Property reassignment: $(DefaultItemExcludes)=";**\node_modules\**;node_modules\**;**\jspm_packages\**;jspm_packages\**" (previous value: ";**\node_modules\**;node_modules\**") at C:\Program Files\dotnet\sdk\8.0.416\Sdks\Microsoft.NET.Sdk.StaticWebAssets\Sdk\Sdk.StaticWebAssets.StaticAssets.ProjectSystem.props (23,5)
       Property reassignment: $(DefaultItemExcludes)=";**\node_modules\**;node_modules\**;**\jspm_packages\**;jspm_packages\**;**\bower_components\**;bower_components\**" (previous value: ";**\node_modules\**;node_modules\**;**\jspm_packages\**;jspm_packages\**") at C:\Program Files\dotnet\sdk\8.0.416\Sdks\Microsoft.NET.Sdk.StaticWebAssets\Sdk\Sdk.StaticWebAssets.StaticAssets.ProjectSystem.props (24,5)
       The SDK "Microsoft.NET.Sdk.Web.ProjectSystem" was successfully resolved by the "DefaultSdkResolver" resolver to location "C:\Program Files\dotnet\sdk\8.0.416\Sdks\Microsoft.NET.Sdk.Web.ProjectSystem\Sdk" and version "".
       Property reassignment: $(OutputType)="Exe" (previous value: "Library") at C:\Program Files\dotnet\sdk\8.0.416\Sdks\Microsoft.NET.Sdk.Web.ProjectSystem\targets\Microsoft.NET.Sdk.Web.ProjectSystem.props (16,5)
       The SDK "Microsoft.NET.Sdk.Publish" was successfully resolved by the "DefaultSdkResolver" resolver to location "C:\Program Files\dotnet\sdk\8.0.416\Sdks\Microsoft.NET.Sdk.Publish\Sdk" and version "".
       Property reassignment: $(PublishProfileImported)="false" (previous value: "true") at C:\Program Files\dotnet\sdk\8.0.416\Sdks\Microsoft.NET.Sdk\targets\Microsoft.NET.Sdk.ImportPublishProfile.targets (28,5)
       Property reassignment: $(TargetPlatformVersion)="" (previous value: "0.0") at C:\Program Files\dotnet\sdk\8.0.416\Sdks\Microsoft.NET.Sdk\targets\Microsoft.NET.TargetFrameworkInference.targets (69,5)
       Property reassignment: $(DefaultItemExcludes)=";**\node_modules\**;node_modules\**;**\jspm_packages\**;jspm_packages\**;**\bower_components\**;bower_components\**;bin\Debug\/**" (previous value: ";**\node_modules\**;node_modules\**;**\jspm_packages\**;jspm_packages\**;**\bower_components\**;bower_components\**") at C:\Program Files\dotnet\sdk\8.0.416\Sdks\Microsoft.NET.Sdk\targets\Microsoft.NET.DefaultOutputPaths.targets (121,5)
       Property reassignment: $(DefaultItemExcludes)=";**\node_modules\**;node_modules\**;**\jspm_packages\**;jspm_packages\**;**\bower_components\**;bower_components\**;bin\Debug\/**;obj\Debug\/**" (previous value: ";**\node_modules\**;node_modules\**;**\jspm_packages\**;jspm_packages\**;**\bower_components\**;bower_components\**;bin\Debug\/**") at C:\Program Files\dotnet\sdk\8.0.416\Sdks\Microsoft.NET.Sdk\targets\Microsoft.NET.DefaultOutputPaths.targets (122,5)
       Property reassignment: $(OutputPath)="bin\Debug\net8.0\" (previous value: "bin\Debug\") at C:\Program Files\dotnet\sdk\8.0.416\Sdks\Microsoft.NET.Sdk\targets\Microsoft.NET.DefaultOutputPaths.targets (137,5)
       Property reassignment: $(IntermediateOutputPath)="obj\Debug\net8.0\" (previous value: "obj\Debug\") at C:\Program Files\dotnet\sdk\8.0.416\Sdks\Microsoft.NET.Sdk\targets\Microsoft.NET.DefaultOutputPaths.targets (142,5)
       The "DefaultSdkResolver" resolver attempted to resolve the SDK "Microsoft.NET.SDK.WorkloadManifestTargetsLocator".
       Warnings: null
       Errors: MSB4276: The default SDK resolver failed to resolve SDK "Microsoft.NET.SDK.WorkloadManifestTargetsLocator" because directory "C:\Program Files\dotnet\sdk\8.0.416\Sdks\Microsoft.NET.SDK.WorkloadManifestTargetsLocator\Sdk" did not exist.
       The SDK "Microsoft.NET.SDK.WorkloadManifestTargetsLocator" was successfully resolved by the "Microsoft.DotNet.MSBuildWorkloadSdkResolver" resolver to location "C:\Program Files\dotnet\sdk-manifests\8.0.100\microsoft.net.sdk.android\34.0.43" and version "null".
       Property reassignment: $(_FrameworkIdentifierForImplicitDefine)="NET" (previous value: "NETCOREAPP") at C:\Program Files\dotnet\sdk\8.0.416\Sdks\Microsoft.NET.Sdk\targets\Microsoft.NET.Sdk.BeforeCommon.targets (187,5)
       Property reassignment: $(_FrameworkVersionForImplicitDefine)="8_0" (previous value: "8.0") at C:\Program Files\dotnet\sdk\8.0.416\Sdks\Microsoft.NET.Sdk\targets\Microsoft.NET.Sdk.BeforeCommon.targets (192,5)
       Property reassignment: $(CommandLineArgsForDesignTimeEvaluation)="-langversion:12.0 -define:TRACE" (previous value: "-langversion:12.0") at C:\Program Files\dotnet\sdk\8.0.416\Roslyn\Microsoft.CSharp.Core.targets (200,5)
       Property reassignment: $(_DebugSymbolsProduced)="true" (previous value: "false") at C:\Program Files\dotnet\sdk\8.0.416\Microsoft.Common.CurrentVersion.targets (175,5)
       Property reassignment: $(_DocumentationFileProduced)="false" (previous value: "true") at C:\Program Files\dotnet\sdk\8.0.416\Microsoft.Common.CurrentVersion.targets (185,5)
       Property reassignment: $(MSBuildCopyMarkerName)="MoneyTra.B0A6294C" (previous value: "MoneyTrackerApp.csproj") at C:\Program Files\dotnet\sdk\8.0.416\Microsoft.Common.CurrentVersion.targets (392,5)
       Property reassignment: $(MSBuildCopyMarkerName)="MoneyTra.B0A6294C.Up2Date" (previous value: "MoneyTra.B0A6294C") at C:\Program Files\dotnet\sdk\8.0.416\Microsoft.Common.CurrentVersion.targets (393,5)
       Property reassignment: $(ProcessorArchitecture)="msil" (previous value: "") at C:\Program Files\dotnet\sdk\8.0.416\Microsoft.Common.CurrentVersion.targets (541,5)
       Property reassignment: $(DelaySign)="" (previous value: "false") at C:\Program Files\dotnet\sdk\8.0.416\Microsoft.Common.CurrentVersion.targets (580,5)
       Property 'LOCALAPPDATA' with value 'C:\Users\MY PC\AppData\Local' expanded from the environment.
       Property reassignment: $(_SGenGenerateSerializationAssembliesConfig)="Auto" (previous value: "") at C:\Program Files\dotnet\sdk\8.0.416\Microsoft.Common.CurrentVersion.targets (3896,5)
       Property reassignment: $(_SGenGenerateSerializationAssembliesConfig)="Off" (previous value: "Auto") at C:\Program Files\dotnet\sdk\8.0.416\Microsoft.Common.CurrentVersion.targets (3897,5)
       Property reassignment: $(_TargetsThatPrepareProjectReferences)="
             AssignProjectConfiguration;
             _SplitProjectReferencesByFileExistence
           " (previous value: "_SplitProjectReferencesByFileExistence") at C:\Program Files\dotnet\sdk\8.0.416\Microsoft.Common.CurrentVersion.targets (5099,5)
       Property 'MSBuildExtensionsPath32' with value 'C:\Program Files\dotnet\sdk\8.0.416' expanded from the environment.
       Property reassignment: $(ProjectAssetsCacheFile)="F:\OJT-Review\MoneyTrackerApp\Expense-Manager\MoneyTrackerApp\MoneyTrackerApp\obj\Debug\net8.0\MoneyTrackerApp.assets.cache" (previous value: "obj\Debug\net8.0\MoneyTrackerApp.assets.cache") at C:\Program Files\dotnet\sdk\8.0.416\Sdks\Microsoft.NET.Sdk\targets\Microsoft.PackageDependencyResolution.targets (29,5)
       Property reassignment: $(ResolveAssemblyReferencesDependsOn)="
             
             ResolveProjectReferences;
             FindInvalidProjectReferences;
             GetFrameworkPaths;
             GetReferenceAssemblyPaths;
             PrepareForBuild;
             ResolveSDKReferences;
             ExpandSDKReferences;
           ;
             ResolvePackageDependenciesForBuild;
             _HandlePackageFileConflicts;
           " (previous value: "
             ResolveProjectReferences;
             FindInvalidProjectReferences;
             GetFrameworkPaths;
             GetReferenceAssemblyPaths;
             PrepareForBuild;
             ResolveSDKReferences;
             ExpandSDKReferences;
           ") at C:\Program Files\dotnet\sdk\8.0.416\Sdks\Microsoft.NET.Sdk\targets\Microsoft.PackageDependencyResolution.targets (80,5)
       Property reassignment: $(PrepareResourcesDependsOn)="
             ResolvePackageDependenciesForBuild;
             _HandlePackageFileConflicts;
             
             ;
             PrepareResourceNames;
             ResGen;
             CompileLicxFiles
           
           " (previous value: "
             ;
             PrepareResourceNames;
             ResGen;
             CompileLicxFiles
           ") at C:\Program Files\dotnet\sdk\8.0.416\Sdks\Microsoft.NET.Sdk\targets\Microsoft.PackageDependencyResolution.targets (86,5)
       Property reassignment: $(DefaultItemExcludes)=";**\node_modules\**;node_modules\**;**\jspm_packages\**;jspm_packages\**;**\bower_components\**;bower_components\**;bin\Debug\/**;obj\Debug\/**;bin\/**" (previous value: ";**\node_modules\**;node_modules\**;**\jspm_packages\**;jspm_packages\**;**\bower_components\**;bower_components\**;bin\Debug\/**;obj\Debug\/**") at C:\Program Files\dotnet\sdk\8.0.416\Sdks\Microsoft.NET.Sdk\targets\Microsoft.NET.Sdk.DefaultItems.targets (27,5)
       Property reassignment: $(DefaultItemExcludes)=";**\node_modules\**;node_modules\**;**\jspm_packages\**;jspm_packages\**;**\bower_components\**;bower_components\**;bin\Debug\/**;obj\Debug\/**;bin\/**;obj\/**" (previous value: ";**\node_modules\**;node_modules\**;**\jspm_packages\**;jspm_packages\**;**\bower_components\**;bower_components\**;bin\Debug\/**;obj\Debug\/**;bin\/**") at C:\Program Files\dotnet\sdk\8.0.416\Sdks\Microsoft.NET.Sdk\targets\Microsoft.NET.Sdk.DefaultItems.targets (29,5)
       Property reassignment: $(DefaultItemExcludes)=";**\node_modules\**;node_modules\**;**\jspm_packages\**;jspm_packages\**;**\bower_components\**;bower_components\**;bin\Debug\/**;obj\Debug\/**;bin\/**;obj\/**;**/*.user" (previous value: ";**\node_modules\**;node_modules\**;**\jspm_packages\**;jspm_packages\**;**\bower_components\**;bower_components\**;bin\Debug\/**;obj\Debug\/**;bin\/**;obj\/**") at C:\Program Files\dotnet\sdk\8.0.416\Sdks\Microsoft.NET.Sdk\targets\Microsoft.NET.Sdk.DefaultItems.targets (32,5)
       Property reassignment: $(DefaultItemExcludes)=";**\node_modules\**;node_modules\**;**\jspm_packages\**;jspm_packages\**;**\bower_components\**;bower_components\**;bin\Debug\/**;obj\Debug\/**;bin\/**;obj\/**;**/*.user;**/*.*proj" (previous value: ";**\node_modules\**;node_modules\**;**\jspm_packages\**;jspm_packages\**;**\bower_components\**;bower_components\**;bin\Debug\/**;obj\Debug\/**;bin\/**;obj\/**;**/*.user") at C:\Program Files\dotnet\sdk\8.0.416\Sdks\Microsoft.NET.Sdk\targets\Microsoft.NET.Sdk.DefaultItems.targets (33,5)
       Property reassignment: $(DefaultItemExcludes)=";**\node_modules\**;node_modules\**;**\jspm_packages\**;jspm_packages\**;**\bower_components\**;bower_components\**;bin\Debug\/**;obj\Debug\/**;bin\/**;obj\/**;**/*.user;**/*.*proj;**/*.sln" (previous value: ";**\node_modules\**;node_modules\**;**\jspm_packages\**;jspm_packages\**;**\bower_components\**;bower_components\**;bin\Debug\/**;obj\Debug\/**;bin\/**;obj\/**;**/*.user;**/*.*proj") at C:\Program Files\dotnet\sdk\8.0.416\Sdks\Microsoft.NET.Sdk\targets\Microsoft.NET.Sdk.DefaultItems.targets (34,5)
       Property reassignment: $(DefaultItemExcludes)=";**\node_modules\**;node_modules\**;**\jspm_packages\**;jspm_packages\**;**\bower_components\**;bower_components\**;bin\Debug\/**;obj\Debug\/**;bin\/**;obj\/**;**/*.user;**/*.*proj;**/*.sln;**/*.vssscc" (previous value: ";**\node_modules\**;node_modules\**;**\jspm_packages\**;jspm_packages\**;**\bower_components\**;bower_components\**;bin\Debug\/**;obj\Debug\/**;bin\/**;obj\/**;**/*.user;**/*.*proj;**/*.sln") at C:\Program Files\dotnet\sdk\8.0.416\Sdks\Microsoft.NET.Sdk\targets\Microsoft.NET.Sdk.DefaultItems.targets (35,5)
       Property reassignment: $(DefaultItemExcludes)=";**\node_modules\**;node_modules\**;**\jspm_packages\**;jspm_packages\**;**\bower_components\**;bower_components\**;bin\Debug\/**;obj\Debug\/**;bin\/**;obj\/**;**/*.user;**/*.*proj;**/*.sln;**/*.vssscc;**/.DS_Store" (previous value: ";**\node_modules\**;node_modules\**;**\jspm_packages\**;jspm_packages\**;**\bower_components\**;bower_components\**;bin\Debug\/**;obj\Debug\/**;bin\/**;obj\/**;**/*.user;**/*.*proj;**/*.sln;**/*.vssscc") at C:\Program Files\dotnet\sdk\8.0.416\Sdks\Microsoft.NET.Sdk\targets\Microsoft.NET.Sdk.DefaultItems.targets (36,5)
       Property reassignment: $(ResolveAssemblyReferencesDependsOn)="
             
             
             ResolveProjectReferences;
             FindInvalidProjectReferences;
             GetFrameworkPaths;
             GetReferenceAssemblyPaths;
             PrepareForBuild;
             ResolveSDKReferences;
             ExpandSDKReferences;
           ;
             ResolvePackageDependenciesForBuild;
             _HandlePackageFileConflicts;
           ;
             ResolveTargetingPackAssets;
           " (previous value: "
             
             ResolveProjectReferences;
             FindInvalidProjectReferences;
             GetFrameworkPaths;
             GetReferenceAssemblyPaths;
             PrepareForBuild;
             ResolveSDKReferences;
             ExpandSDKReferences;
           ;
             ResolvePackageDependenciesForBuild;
             _HandlePackageFileConflicts;
           ") at C:\Program Files\dotnet\sdk\8.0.416\Sdks\Microsoft.NET.Sdk\targets\Microsoft.NET.Sdk.FrameworkReferenceResolution.targets (14,5)
       Property reassignment: $(_GenerateRuntimeConfigurationPropertyInputsCache)="F:\OJT-Review\MoneyTrackerApp\Expense-Manager\MoneyTrackerApp\MoneyTrackerApp\obj\Debug\net8.0\MoneyTrackerApp.genruntimeconfig.cache" (previous value: "obj\Debug\net8.0\MoneyTrackerApp.genruntimeconfig.cache") at C:\Program Files\dotnet\sdk\8.0.416\Sdks\Microsoft.NET.Sdk\targets\Microsoft.NET.Sdk.targets (44,5)
       Property reassignment: $(_GeneratePublishDependencyFilePropertyInputsCache)="F:\OJT-Review\MoneyTrackerApp\Expense-Manager\MoneyTrackerApp\MoneyTrackerApp\obj\Debug\net8.0\MoneyTrackerApp.genpublishdeps.cache" (previous value: "obj\Debug\net8.0\MoneyTrackerApp.genpublishdeps.cache") at C:\Program Files\dotnet\sdk\8.0.416\Sdks\Microsoft.NET.Sdk\targets\Microsoft.NET.Sdk.targets (46,5)
       Property reassignment: $(_GenerateSingleFileBundlePropertyInputsCache)="F:\OJT-Review\MoneyTrackerApp\Expense-Manager\MoneyTrackerApp\MoneyTrackerApp\obj\Debug\net8.0\MoneyTrackerApp.genbundle.cache" (previous value: "obj\Debug\net8.0\MoneyTrackerApp.genbundle.cache") at C:\Program Files\dotnet\sdk\8.0.416\Sdks\Microsoft.NET.Sdk\targets\Microsoft.NET.Sdk.targets (48,5)
       Property reassignment: $(GenerateRuntimeConfigDevFile)="false" (previous value: "true") at C:\Program Files\dotnet\sdk\8.0.416\Sdks\Microsoft.NET.Sdk\targets\Microsoft.NET.Sdk.targets (81,5)
       Property reassignment: $(_DefaultUserProfileRuntimeStorePath)="C:\Users\MY PC" (previous value: "") at C:\Program Files\dotnet\sdk\8.0.416\Sdks\Microsoft.NET.Sdk\targets\Microsoft.NET.Sdk.targets (97,5)
       Property reassignment: $(_DefaultUserProfileRuntimeStorePath)="C:\Users\MY PC\.dotnet\store" (previous value: "C:\Users\MY PC") at C:\Program Files\dotnet\sdk\8.0.416\Sdks\Microsoft.NET.Sdk\targets\Microsoft.NET.Sdk.targets (98,5)
       Property reassignment: $(AvailablePlatforms)="Any CPU,x86,x64,ARM32" (previous value: "Any CPU,x86,x64") at C:\Program Files\dotnet\sdk\8.0.416\Sdks\Microsoft.NET.Sdk\targets\Microsoft.NET.Sdk.targets (136,5)
       Property reassignment: $(AvailablePlatforms)="Any CPU,x86,x64,ARM32,ARM64" (previous value: "Any CPU,x86,x64,ARM32") at C:\Program Files\dotnet\sdk\8.0.416\Sdks\Microsoft.NET.Sdk\targets\Microsoft.NET.Sdk.targets (140,5)
       Property reassignment: $(CoreBuildDependsOn)="
             _CheckForBuildWithNoBuild;
             
             BuildOnlySettings;
             PrepareForBuild;
             PreBuildEvent;
             ResolveReferences;
             PrepareResources;
             ResolveKeySource;
             Compile;
             ExportWindowsMDFile;
             UnmanagedUnregistration;
             GenerateSerializationAssemblies;
             CreateSatelliteAssemblies;
             GenerateManifests;
             GetTargetPath;
             PrepareForRun;
             UnmanagedRegistration;
             IncrementalClean;
             PostBuildEvent
           ;
             GenerateBuildDependencyFile;
             GenerateBuildRuntimeConfigurationFiles
           " (previous value: "
             BuildOnlySettings;
             PrepareForBuild;
             PreBuildEvent;
             ResolveReferences;
             PrepareResources;
             ResolveKeySource;
             Compile;
             ExportWindowsMDFile;
             UnmanagedUnregistration;
             GenerateSerializationAssemblies;
             CreateSatelliteAssemblies;
             GenerateManifests;
             GetTargetPath;
             PrepareForRun;
             UnmanagedRegistration;
             IncrementalClean;
             PostBuildEvent
           ") at C:\Program Files\dotnet\sdk\8.0.416\Sdks\Microsoft.NET.Sdk\targets\Microsoft.NET.Sdk.targets (197,5)
       Property reassignment: $(CoreCleanDependsOn)="
             _SdkBeforeClean;
             
           " (previous value: "") at C:\Program Files\dotnet\sdk\8.0.416\Sdks\Microsoft.NET.Sdk\targets\Microsoft.NET.Sdk.targets (206,5)
       Property reassignment: $(RebuildDependsOn)="
             _SdkBeforeRebuild;
             
             BeforeRebuild;
             Clean;
             Build;
             AfterRebuild;
           
           " (previous value: "
             BeforeRebuild;
             Clean;
             Build;
             AfterRebuild;
           ") at C:\Program Files\dotnet\sdk\8.0.416\Sdks\Microsoft.NET.Sdk\targets\Microsoft.NET.Sdk.targets (213,5)
       Property reassignment: $(CompileDependsOn)="
             
             ResolveReferences;
             ResolveKeySource;
             SetWin32ManifestProperties;
             _SetPreferNativeArm64Win32ManifestProperties;
             FindReferenceAssembliesForReferences;
             _GenerateCompileInputs;
             BeforeCompile;
             _TimeStampBeforeCompile;
             _GenerateCompileDependencyCache;
             CoreCompile;
             _TimeStampAfterCompile;
             AfterCompile;
           ;
             _CreateAppHost;
             _CreateComHost;
             _GetIjwHostPaths;
           " (previous value: "
             ResolveReferences;
             ResolveKeySource;
             SetWin32ManifestProperties;
             _SetPreferNativeArm64Win32ManifestProperties;
             FindReferenceAssembliesForReferences;
             _GenerateCompileInputs;
             BeforeCompile;
             _TimeStampBeforeCompile;
             _GenerateCompileDependencyCache;
             CoreCompile;
             _TimeStampAfterCompile;
             AfterCompile;
           ") at C:\Program Files\dotnet\sdk\8.0.416\Sdks\Microsoft.NET.Sdk\targets\Microsoft.NET.Sdk.targets (679,5)
       Property reassignment: $(CreateSatelliteAssembliesDependsOn)="
             
             ;
             _GenerateSatelliteAssemblyInputs;
             ComputeIntermediateSatelliteAssemblies;
             GenerateSatelliteAssemblies
           ;
             CoreGenerateSatelliteAssemblies
           " (previous value: "
             ;
             _GenerateSatelliteAssemblyInputs;
             ComputeIntermediateSatelliteAssemblies;
             GenerateSatelliteAssemblies
           ") at C:\Program Files\dotnet\sdk\8.0.416\Sdks\Microsoft.NET.Sdk\targets\Microsoft.NET.Sdk.targets (1065,5)
       Property reassignment: $(SourceLinkUrlInitializerTargets)=";_InitializeGitHubSourceLinkUrl;_InitializeGitLabSourceLinkUrl" (previous value: ";_InitializeGitHubSourceLinkUrl") at C:\Program Files\dotnet\sdk\8.0.416\Sdks\Microsoft.SourceLink.GitLab\build\Microsoft.SourceLink.GitLab.targets (12,5)
       Property reassignment: $(SourceControlManagerUrlTranslationTargets)=";TranslateGitHubUrlsInSourceControlInformation;TranslateGitLabUrlsInSourceControlInformation" (previous value: ";TranslateGitHubUrlsInSourceControlInformation") at C:\Program Files\dotnet\sdk\8.0.416\Sdks\Microsoft.SourceLink.GitLab\build\Microsoft.SourceLink.GitLab.targets (13,5)
       Property reassignment: $(SourceLinkUrlInitializerTargets)=";_InitializeGitHubSourceLinkUrl;_InitializeGitLabSourceLinkUrl;_InitializeAzureReposGitSourceLinkUrl" (previous value: ";_InitializeGitHubSourceLinkUrl;_InitializeGitLabSourceLinkUrl") at C:\Program Files\dotnet\sdk\8.0.416\Sdks\Microsoft.SourceLink.AzureRepos.Git\build\Microsoft.SourceLink.AzureRepos.Git.targets (12,5)
       Property reassignment: $(SourceControlManagerUrlTranslationTargets)=";TranslateGitHubUrlsInSourceControlInformation;TranslateGitLabUrlsInSourceControlInformation;TranslateAzureReposGitUrlsInSourceControlInformation" (previous value: ";TranslateGitHubUrlsInSourceControlInformation;TranslateGitLabUrlsInSourceControlInformation") at C:\Program Files\dotnet\sdk\8.0.416\Sdks\Microsoft.SourceLink.AzureRepos.Git\build\Microsoft.SourceLink.AzureRepos.Git.targets (13,5)
       Property reassignment: $(SourceLinkUrlInitializerTargets)=";_InitializeGitHubSourceLinkUrl;_InitializeGitLabSourceLinkUrl;_InitializeAzureReposGitSourceLinkUrl;_InitializeBitbucketGitSourceLinkUrl" (previous value: ";_InitializeGitHubSourceLinkUrl;_InitializeGitLabSourceLinkUrl;_InitializeAzureReposGitSourceLinkUrl") at C:\Program Files\dotnet\sdk\8.0.416\Sdks\Microsoft.SourceLink.Bitbucket.Git\build\Microsoft.SourceLink.Bitbucket.Git.targets (12,5)
       Property reassignment: $(SourceControlManagerUrlTranslationTargets)=";TranslateGitHubUrlsInSourceControlInformation;TranslateGitLabUrlsInSourceControlInformation;TranslateAzureReposGitUrlsInSourceControlInformation;TranslateBitbucketGitUrlsInSourceControlInformation" (previous value: ";TranslateGitHubUrlsInSourceControlInformation;TranslateGitLabUrlsInSourceControlInformation;TranslateAzureReposGitUrlsInSourceControlInformation") at C:\Program Files\dotnet\sdk\8.0.416\Sdks\Microsoft.SourceLink.Bitbucket.Git\build\Microsoft.SourceLink.Bitbucket.Git.targets (13,5)
       Property reassignment: $(DesignerRuntimeImplementationProjectOutputGroupDependsOn)="
             
             ;
             
             ;
             BuildOnlySettings;
             PrepareForBuild;
             AssignTargetPaths;
             ResolveReferences
           
           ;
             _GenerateDesignerDepsFile;
             _GenerateDesignerRuntimeConfigFile;
             GetCopyToOutputDirectoryItems;
             _GatherDesignerShadowCopyFiles;
           " (previous value: "
             ;
             
             ;
             BuildOnlySettings;
             PrepareForBuild;
             AssignTargetPaths;
             ResolveReferences
           
           ") at C:\Program Files\dotnet\sdk\8.0.416\Sdks\Microsoft.NET.Sdk\targets\Microsoft.NET.DesignerSupport.targets (21,5)
       Property reassignment: $(_GenerateToolsSettingsFileCacheFile)="F:\OJT-Review\MoneyTrackerApp\Expense-Manager\MoneyTrackerApp\MoneyTrackerApp\obj\Debug\net8.0\MoneyTrackerApp.toolssettingsinput.cache" (previous value: "obj\Debug\net8.0\MoneyTrackerApp.toolssettingsinput.cache") at C:\Program Files\dotnet\sdk\8.0.416\Sdks\Microsoft.NET.Sdk\targets\Microsoft.NET.PackTool.targets (68,5)
       Property reassignment: $(_ShimInputCacheFile)="F:\OJT-Review\MoneyTrackerApp\Expense-Manager\MoneyTrackerApp\MoneyTrackerApp\obj\Debug\net8.0\MoneyTrackerApp.shiminput.cache" (previous value: "obj\Debug\net8.0\MoneyTrackerApp.shiminput.cache") at C:\Program Files\dotnet\sdk\8.0.416\Sdks\Microsoft.NET.Sdk\targets\Microsoft.NET.PackTool.targets (137,5)
       Property reassignment: $(_ShimCreatedSentinelFile)="F:\OJT-Review\MoneyTrackerApp\Expense-Manager\MoneyTrackerApp\MoneyTrackerApp\obj\Debug\net8.0\MoneyTrackerApp.shimcreated.sentinel" (previous value: "obj\Debug\net8.0\MoneyTrackerApp.shimcreated.sentinel") at C:\Program Files\dotnet\sdk\8.0.416\Sdks\Microsoft.NET.Sdk\targets\Microsoft.NET.PackTool.targets (139,5)
       Property reassignment: $(DefineConstants)="TRACE;DEBUG" (previous value: "TRACE") at C:\Program Files\dotnet\sdk\8.0.416\Sdks\Microsoft.NET.Sdk\targets\Microsoft.NET.Sdk.CSharp.targets (31,5)
       Property reassignment: $(DefineConstants)="TRACE;DEBUG;NET;NET8_0;NETCOREAPP" (previous value: "TRACE;DEBUG") at C:\Program Files\dotnet\sdk\8.0.416\Sdks\Microsoft.NET.Sdk\targets\Microsoft.NET.Sdk.CSharp.targets (34,5)
       Property reassignment: $(WarningsAsErrors)=";NU1605;SYSLIB0011" (previous value: ";NU1605") at C:\Program Files\dotnet\sdk\8.0.416\Sdks\Microsoft.NET.Sdk\targets\Microsoft.NET.Sdk.CSharp.targets (48,5)
       Property reassignment: $(PackageDescription)="Package Description" (previous value: "") at C:\Program Files\dotnet\sdk\8.0.416\Sdks\NuGet.Build.Tasks.Pack\build\NuGet.Build.Tasks.Pack.targets (34,5)
       Property reassignment: $(GenerateNuspecDependsOn)="Build;_LoadPackInputItems; _GetTargetFrameworksOutput; _WalkEachTargetPerFramework; _GetPackageFiles; " (previous value: "_LoadPackInputItems; _GetTargetFrameworksOutput; _WalkEachTargetPerFramework; _GetPackageFiles; ") at C:\Program Files\dotnet\sdk\8.0.416\Sdks\NuGet.Build.Tasks.Pack\build\NuGet.Build.Tasks.Pack.targets (59,5)
       Property reassignment: $(_IsNotSetContainersTargetsDir)="true" (previous value: "false") at C:\Program Files\dotnet\sdk\8.0.416\Sdks\Microsoft.NET.Sdk\Sdk\Sdk.targets (59,5)
       Property reassignment: $(_IsSDKContainerAllowedVersion)="true" (previous value: "false") at C:\Program Files\dotnet\sdk\8.0.416\Containers\build\Microsoft.NET.Build.Containers.targets (5,5)
       Property reassignment: $(_ContainerIsTargetingNet8TFM)="true" (previous value: "false") at C:\Program Files\dotnet\sdk\8.0.416\Containers\build\Microsoft.NET.Build.Containers.targets (15,5)
       Property 'DOTNET_HOST_PATH' with value 'C:\Program Files\dotnet\dotnet.exe' expanded from the environment.
       Property reassignment: $(PrepareForRunDependsOn)="StaticWebAssetsPrepareForRun;
             CopyFilesToOutputDirectory
           " (previous value: "
             CopyFilesToOutputDirectory
           ") at C:\Program Files\dotnet\sdk\8.0.416\Sdks\Microsoft.NET.Sdk.StaticWebAssets\targets\Microsoft.NET.Sdk.StaticWebAssets.targets (255,5)
       Property reassignment: $(GetCopyToOutputDirectoryItemsDependsOn)="
             AssignTargetPaths;
             
             AssignProjectConfiguration;
             _SplitProjectReferencesByFileExistence
           ;
             _GetProjectReferenceTargetFrameworkProperties;
             _PopulateCommonStateForGetCopyToOutputDirectoryItems
           ;AddStaticWebAssetsManifest" (previous value: "
             AssignTargetPaths;
             
             AssignProjectConfiguration;
             _SplitProjectReferencesByFileExistence
           ;
             _GetProjectReferenceTargetFrameworkProperties;
             _PopulateCommonStateForGetCopyToOutputDirectoryItems
           ") at C:\Program Files\dotnet\sdk\8.0.416\Sdks\Microsoft.NET.Sdk.StaticWebAssets\targets\Microsoft.NET.Sdk.StaticWebAssets.targets (266,5)
       Property reassignment: $(GenerateNuspecDependsOn)="
             IncludeStaticWebAssetsPackItems;
             Build;_LoadPackInputItems; _GetTargetFrameworksOutput; _WalkEachTargetPerFramework; _GetPackageFiles; ;
           " (previous value: "Build;_LoadPackInputItems; _GetTargetFrameworksOutput; _WalkEachTargetPerFramework; _GetPackageFiles; ") at C:\Program Files\dotnet\sdk\8.0.416\Sdks\Microsoft.NET.Sdk.StaticWebAssets\targets\Microsoft.NET.Sdk.StaticWebAssets.Pack.targets (41,5)
       Property reassignment: $(IncludeStaticWebAssetsPackItemsDependsOn)="
             Build;
             ResolveStaticWebAssetsConfiguration;LoadStaticWebAssetsBuildManifest
           ;
           " (previous value: "
             ResolveStaticWebAssetsConfiguration;LoadStaticWebAssetsBuildManifest
           ") at C:\Program Files\dotnet\sdk\8.0.416\Sdks\Microsoft.NET.Sdk.StaticWebAssets\targets\Microsoft.NET.Sdk.StaticWebAssets.Pack.targets (50,5)
       Property reassignment: $(ResolveStaticWebAssetsInputsDependsOn)="
           UpdateExistingPackageStaticWebAssets;ResolveProjectStaticWebAssets;ResolveEmbeddedProjectsStaticWebAssets;ResolveReferencedProjectsStaticWebAssets;;
           UpdateLegacyPackageScopedCssBundles;
           _AddScopedCssBundles;
         " (previous value: "UpdateExistingPackageStaticWebAssets;ResolveProjectStaticWebAssets;ResolveEmbeddedProjectsStaticWebAssets;ResolveReferencedProjectsStaticWebAssets;") at C:\Program Files\dotnet\sdk\8.0.416\Sdks\Microsoft.NET.Sdk.StaticWebAssets\targets\Microsoft.NET.Sdk.StaticWebAssets.ScopedCss.targets (55,3)
       Property reassignment: $(GenerateComputedBuildStaticWebAssetsDependsOn)="
           ;
           _ResolveBundlingConfiguration;
           _GenerateScopedCssFiles;
           BundleScopedCssFiles;
         " (previous value: "") at C:\Program Files\dotnet\sdk\8.0.416\Sdks\Microsoft.NET.Sdk.StaticWebAssets\targets\Microsoft.NET.Sdk.StaticWebAssets.ScopedCss.targets (61,3)
       Property reassignment: $(ResolveStaticWebAssetsInputsDependsOn)="
             
           UpdateExistingPackageStaticWebAssets;ResolveProjectStaticWebAssets;ResolveEmbeddedProjectsStaticWebAssets;ResolveReferencedProjectsStaticWebAssets;;
           UpdateLegacyPackageScopedCssBundles;
           _AddScopedCssBundles;
         ;
             _AddJsModulesToStaticWebAssets;
           " (previous value: "
           UpdateExistingPackageStaticWebAssets;ResolveProjectStaticWebAssets;ResolveEmbeddedProjectsStaticWebAssets;ResolveReferencedProjectsStaticWebAssets;;
           UpdateLegacyPackageScopedCssBundles;
           _AddScopedCssBundles;
         ") at C:\Program Files\dotnet\sdk\8.0.416\Sdks\Microsoft.NET.Sdk.StaticWebAssets\targets\Microsoft.NET.Sdk.StaticWebAssets.JSModules.targets (36,5)
       Property reassignment: $(StaticWebAssetsPrepareForRunDependsOn)="
             ;GenerateStaticWebAssetsManifest;GenerateComputedBuildStaticWebAssets;CopyStaticWebAssetsToOutputDirectory;
             _GenerateBuildJsModuleManifest;
           " (previous value: ";GenerateStaticWebAssetsManifest;GenerateComputedBuildStaticWebAssets;CopyStaticWebAssetsToOutputDirectory") at C:\Program Files\dotnet\sdk\8.0.416\Sdks\Microsoft.NET.Sdk.StaticWebAssets\targets\Microsoft.NET.Sdk.StaticWebAssets.JSModules.targets (44,5)
       Property reassignment: $(StaticWebAssetsPrepareForPublishDependsOn)="
             ;ResolveStaticWebAssetsConfiguration;GenerateStaticWebAssetsPublishManifest;GenerateComputedPublishStaticWebAssets;
             _GeneratePublishJsModuleManifest;
           " (previous value: ";ResolveStaticWebAssetsConfiguration;GenerateStaticWebAssetsPublishManifest;GenerateComputedPublishStaticWebAssets") at C:\Program Files\dotnet\sdk\8.0.416\Sdks\Microsoft.NET.Sdk.StaticWebAssets\targets\Microsoft.NET.Sdk.StaticWebAssets.JSModules.targets (49,5)
       Property reassignment: $(ResolveStaticWebAssetsInputsDependsOn)="
             
             
           UpdateExistingPackageStaticWebAssets;ResolveProjectStaticWebAssets;ResolveEmbeddedProjectsStaticWebAssets;ResolveReferencedProjectsStaticWebAssets;;
           UpdateLegacyPackageScopedCssBundles;
           _AddScopedCssBundles;
         ;
             _AddJsModulesToStaticWebAssets;
           ;
             _AddBuildJsModuleManifest;
           " (previous value: "
             
           UpdateExistingPackageStaticWebAssets;ResolveProjectStaticWebAssets;ResolveEmbeddedProjectsStaticWebAssets;ResolveReferencedProjectsStaticWebAssets;;
           UpdateLegacyPackageScopedCssBundles;
           _AddScopedCssBundles;
         ;
             _AddJsModulesToStaticWebAssets;
           ") at C:\Program Files\dotnet\sdk\8.0.416\Sdks\Microsoft.NET.Sdk.StaticWebAssets\targets\Microsoft.NET.Sdk.StaticWebAssets.JSModules.targets (54,5)
       Property reassignment: $(ResolvePublishStaticWebAssetsDependsOn)="
             LoadStaticWebAssetsBuildManifest;ComputeReferencedProjectsEmbeddedPublishAssets;ComputeReferencedProjectsPublishAssets;;
             _AddPublishJsModuleManifest
           " (previous value: "LoadStaticWebAssetsBuildManifest;ComputeReferencedProjectsEmbeddedPublishAssets;ComputeReferencedProjectsPublishAssets;") at C:\Program Files\dotnet\sdk\8.0.416\Sdks\Microsoft.NET.Sdk.StaticWebAssets\targets\Microsoft.NET.Sdk.StaticWebAssets.JSModules.targets (59,5)
       Property reassignment: $(GenerateComputedBuildStaticWebAssetsDependsOn)="
             
           ;
           _ResolveBundlingConfiguration;
           _GenerateScopedCssFiles;
           BundleScopedCssFiles;
         ;
             _CompressFiles;
           " (previous value: "
           ;
           _ResolveBundlingConfiguration;
           _GenerateScopedCssFiles;
           BundleScopedCssFiles;
         ") at C:\Program Files\dotnet\sdk\8.0.416\Sdks\Microsoft.NET.Sdk.StaticWebAssets\targets\Microsoft.NET.Sdk.StaticWebAssets.Compression.targets (35,5)
       Property reassignment: $(GenerateComputedPublishStaticWebAssetsDependsOn)="
             ;
             _CompressFilesForPublish;
           " (previous value: "") at C:\Program Files\dotnet\sdk\8.0.416\Sdks\Microsoft.NET.Sdk.StaticWebAssets\targets\Microsoft.NET.Sdk.StaticWebAssets.Compression.targets (39,5)
       Property reassignment: $(StaticWebAssetsPrepareForPublishDependsOn)="
             
             ;ResolveStaticWebAssetsConfiguration;GenerateStaticWebAssetsPublishManifest;GenerateComputedPublishStaticWebAssets;
             _GeneratePublishJsModuleManifest;
           ;
             _CompressFilesForPublish;
           " (previous value: "
             ;ResolveStaticWebAssetsConfiguration;GenerateStaticWebAssetsPublishManifest;GenerateComputedPublishStaticWebAssets;
             _GeneratePublishJsModuleManifest;
           ") at C:\Program Files\dotnet\sdk\8.0.416\Sdks\Microsoft.NET.Sdk.StaticWebAssets\targets\Microsoft.NET.Sdk.StaticWebAssets.Compression.targets (43,5)
       Property reassignment: $(ResolveStaticWebAssetsInputsDependsOn)="
             
             
             
           UpdateExistingPackageStaticWebAssets;ResolveProjectStaticWebAssets;ResolveEmbeddedProjectsStaticWebAssets;ResolveReferencedProjectsStaticWebAssets;;
           UpdateLegacyPackageScopedCssBundles;
           _AddScopedCssBundles;
         ;
             _AddJsModulesToStaticWebAssets;
           ;
             _AddBuildJsModuleManifest;
           ;
             _ResolveCompressedFiles;
           " (previous value: "
             
             
           UpdateExistingPackageStaticWebAssets;ResolveProjectStaticWebAssets;ResolveEmbeddedProjectsStaticWebAssets;ResolveReferencedProjectsStaticWebAssets;;
           UpdateLegacyPackageScopedCssBundles;
           _AddScopedCssBundles;
         ;
             _AddJsModulesToStaticWebAssets;
           ;
             _AddBuildJsModuleManifest;
           ") at C:\Program Files\dotnet\sdk\8.0.416\Sdks\Microsoft.NET.Sdk.StaticWebAssets\targets\Microsoft.NET.Sdk.StaticWebAssets.Compression.targets (47,5)
       Property reassignment: $(ResolvePublishStaticWebAssetsDependsOn)="
             
             LoadStaticWebAssetsBuildManifest;ComputeReferencedProjectsEmbeddedPublishAssets;ComputeReferencedProjectsPublishAssets;;
             _AddPublishJsModuleManifest
           ;
             _ResolveCompressedFilesForPublish;
           " (previous value: "
             LoadStaticWebAssetsBuildManifest;ComputeReferencedProjectsEmbeddedPublishAssets;ComputeReferencedProjectsPublishAssets;;
             _AddPublishJsModuleManifest
           ") at C:\Program Files\dotnet\sdk\8.0.416\Sdks\Microsoft.NET.Sdk.StaticWebAssets\targets\Microsoft.NET.Sdk.StaticWebAssets.Compression.targets (51,5)
       Property reassignment: $(ResolveScopedCssOutputsDependsOn)="
             
           ;
         ;
             ResolveCssScopes;
           " (previous value: "
           ;
         ") at C:\Program Files\dotnet\sdk\8.0.416\Sdks\Microsoft.NET.Sdk.Razor\targets\Sdk.Razor.CurrentVersion.targets (188,5)
       Property reassignment: $(DebugSymbolsProjectOutputGroupDependsOn)="
             ;
             _RazorAddDebugSymbolsProjectOutputGroupOutput
           " (previous value: "") at C:\Program Files\dotnet\sdk\8.0.416\Sdks\Microsoft.NET.Sdk.Razor\targets\Sdk.Razor.CurrentVersion.targets (193,5)
       Property reassignment: $(PrepareForBuildDependsOn)="
             ;GetFrameworkPaths;GetReferenceAssemblyPaths;AssignLinkMetadata;
             ResolveRazorGenerateInputs
           " (previous value: ";GetFrameworkPaths;GetReferenceAssemblyPaths;AssignLinkMetadata") at C:\Program Files\dotnet\sdk\8.0.416\Sdks\Microsoft.NET.Sdk.Razor\targets\Sdk.Razor.CurrentVersion.targets (198,5)
       Property reassignment: $(GenerateNuspecDependsOn)="
             ResolveRazorGenerateInputs;
             
             IncludeStaticWebAssetsPackItems;
             Build;_LoadPackInputItems; _GetTargetFrameworksOutput; _WalkEachTargetPerFramework; _GetPackageFiles; ;
           
           " (previous value: "
             IncludeStaticWebAssetsPackItems;
             Build;_LoadPackInputItems; _GetTargetFrameworksOutput; _WalkEachTargetPerFramework; _GetPackageFiles; ;
           ") at C:\Program Files\dotnet\sdk\8.0.416\Sdks\Microsoft.NET.Sdk.Razor\targets\Sdk.Razor.CurrentVersion.targets (203,5)
       Property reassignment: $(PrepareForRunDependsOn)="
             _RazorPrepareForRun;
             StaticWebAssetsPrepareForRun;
             CopyFilesToOutputDirectory
           
           " (previous value: "StaticWebAssetsPrepareForRun;
             CopyFilesToOutputDirectory
           ") at C:\Program Files\dotnet\sdk\8.0.416\Sdks\Microsoft.NET.Sdk.Razor\targets\Sdk.Razor.CurrentVersion.targets (208,5)
       Property reassignment: $(UseRazorBuildServer)="true" (previous value: "") at C:\Program Files\dotnet\sdk\8.0.416\Sdks\Microsoft.NET.Sdk.Razor\targets\Sdk.Razor.CurrentVersion.targets (299,5)
       Property reassignment: $(_RazorDebugSymbolsProduced)="true" (previous value: "false") at C:\Program Files\dotnet\sdk\8.0.416\Sdks\Microsoft.NET.Sdk.Razor\targets\Sdk.Razor.CurrentVersion.targets (305,5)
       Property reassignment: $(GenerateRazorTargetAssemblyInfoDependsOn)="
             _ResolveMvcAssemblyAttributes;
             
             GetRazorTargetAssemblyAttributes;
             _CreateRazorTargetAssemblyInfoInputsCacheFile;
             CoreGenerateRazorTargetAssemblyInfo
           
           " (previous value: "
             GetRazorTargetAssemblyAttributes;
             _CreateRazorTargetAssemblyInfoInputsCacheFile;
             CoreGenerateRazorTargetAssemblyInfo
           ") at C:\Program Files\dotnet\sdk\8.0.416\Sdks\Microsoft.NET.Sdk.Razor\targets\Microsoft.NET.Sdk.Razor.GenerateAssemblyInfo.targets (36,5)
       Property reassignment: $(CoreCompileDependsOn)="
             ;_ComputeNonExistentFileProperty;ResolveCodeAnalysisRuleSet;
             _GenerateRazorAssemblyInfo
           " (previous value: ";_ComputeNonExistentFileProperty;ResolveCodeAnalysisRuleSet") at C:\Program Files\dotnet\sdk\8.0.416\Sdks\Microsoft.NET.Sdk.Razor\targets\Microsoft.NET.Sdk.Razor.GenerateAssemblyInfo.targets (181,5)
       Property reassignment: $(_GenerateRazorAssemblyInfoDependsOn)="
             _ResolveMvcAssemblyAttributes;
             RazorGetAssemblyAttributes;PrepareForBuild;_CoreGenerateRazorAssemblyInfo;
           " (previous value: "RazorGetAssemblyAttributes;PrepareForBuild;_CoreGenerateRazorAssemblyInfo") at C:\Program Files\dotnet\sdk\8.0.416\Sdks\Microsoft.NET.Sdk.Razor\targets\Microsoft.NET.Sdk.Razor.GenerateAssemblyInfo.targets (189,5)
       Property reassignment: $(CoreCompileDependsOn)="
             _DiscoverMvcApplicationParts;
             
             ;_ComputeNonExistentFileProperty;ResolveCodeAnalysisRuleSet;
             _GenerateRazorAssemblyInfo
           ;
           " (previous value: "
             ;_ComputeNonExistentFileProperty;ResolveCodeAnalysisRuleSet;
             _GenerateRazorAssemblyInfo
           ") at C:\Program Files\dotnet\sdk\8.0.416\Sdks\Microsoft.NET.Sdk.Razor\targets\Microsoft.NET.Sdk.Razor.MvcApplicationPartsDiscovery.targets (22,5)
       Property reassignment: $(RazorDesignTimeTargets)="C:\Program Files\dotnet\sdk\8.0.416\Sdks\Microsoft.NET.Sdk.Razor\targets\Microsoft.NET.Sdk.Razor.DesignTime.targets" (previous value: "C:\Program Files\dotnet\sdk\8.0.416\\Microsoft\VisualStudio\Razor\Microsoft.NET.Sdk.Razor.DesignTime.targets") at C:\Program Files\dotnet\sdk\8.0.416\Sdks\Microsoft.NET.Sdk.Razor\targets\Sdk.Razor.CurrentVersion.targets (779,5)
       Property reassignment: $(RunWorkingDirectory)="F:\OJT-Review\MoneyTrackerApp\Expense-Manager\MoneyTrackerApp\MoneyTrackerApp" (previous value: "") at C:\Program Files\dotnet\sdk\8.0.416\Sdks\Microsoft.NET.Sdk.Web.ProjectSystem\targets\Microsoft.NET.Sdk.Web.ProjectSystem.targets (21,5)
       Property reassignment: $(PublishProfileImported)="true" (previous value: "false") at C:\Program Files\dotnet\sdk\8.0.416\Sdks\Microsoft.NET.Sdk.Publish\targets\Microsoft.NET.Sdk.Publish.targets (60,5)
       Property reassignment: $(PublishConfiguration)="Debug" (previous value: "") at C:\Program Files\dotnet\sdk\8.0.416\Sdks\Microsoft.NET.Sdk.Publish\targets\Microsoft.NET.Sdk.Publish.targets (81,5)
       Property reassignment: $(BaseIntermediateOutputPath)="F:\OJT-Review\MoneyTrackerApp\Expense-Manager\MoneyTrackerApp\MoneyTrackerApp\obj\" (previous value: "obj\") at C:\Program Files\dotnet\sdk\8.0.416\Sdks\Microsoft.NET.Sdk.Publish\targets\Microsoft.NET.Sdk.Publish.targets (87,5)
       Overriding target "ResolveFrameworkReferences" in project "C:\Program Files\dotnet\sdk\8.0.416\Microsoft.Common.CurrentVersion.targets" with target "ResolveFrameworkReferences" from project "C:\Program Files\dotnet\sdk\8.0.416\Sdks\Microsoft.NET.Sdk\targets\Microsoft.NET.Sdk.FrameworkReferenceResolution.targets".
       Overriding target "Run" in project "C:\Program Files\dotnet\sdk\8.0.416\Microsoft.Common.CurrentVersion.targets" with target "Run" from project "C:\Program Files\dotnet\sdk\8.0.416\Sdks\Microsoft.NET.Sdk\targets\Microsoft.NET.Sdk.targets".
       Overriding target "GenerateSupportedTargetFrameworkAlias" in project "C:\Program Files\dotnet\sdk\8.0.416\Microsoft.Common.CurrentVersion.targets" with target "GenerateSupportedTargetFrameworkAlias" from project "C:\Program Files\dotnet\sdk\8.0.416\Sdks\Microsoft.NET.Sdk\targets\Microsoft.NET.Sdk.targets".
       Overriding target "GetReferenceAssemblyPaths" in project "C:\Program Files\dotnet\sdk\8.0.416\Microsoft.Common.CurrentVersion.targets" with target "GetReferenceAssemblyPaths" from project "C:\Program Files\dotnet\sdk\8.0.416\Sdks\Microsoft.NET.Sdk\targets\Microsoft.NET.DisableStandardFrameworkResolution.targets".
       Overriding target "GetFrameworkPaths" in project "C:\Program Files\dotnet\sdk\8.0.416\Microsoft.Common.CurrentVersion.targets" with target "GetFrameworkPaths" from project "C:\Program Files\dotnet\sdk\8.0.416\Sdks\Microsoft.NET.Sdk\targets\Microsoft.NET.DisableStandardFrameworkResolution.targets".
       Overriding target "DesignerRuntimeImplementationProjectOutputGroup" in project "C:\Program Files\dotnet\sdk\8.0.416\Microsoft.Common.CurrentVersion.targets" with target "DesignerRuntimeImplementationProjectOutputGroup" from project "C:\Program Files\dotnet\sdk\8.0.416\Sdks\Microsoft.NET.Sdk\targets\Microsoft.NET.DesignerSupport.targets".
       Overriding target "Publish" in project "C:\Program Files\dotnet\sdk\8.0.416\Microsoft.Common.CurrentVersion.targets" with target "Publish" from project "C:\Program Files\dotnet\sdk\8.0.416\Sdks\Microsoft.NET.Sdk\targets\Microsoft.NET.Publish.targets".
       Overriding target "ResolveReadyToRunCompilers" in project "C:\Program Files\dotnet\sdk\8.0.416\Sdks\Microsoft.NET.Sdk\targets\Microsoft.NET.CrossGen.targets" with target "ResolveReadyToRunCompilers" from project "C:\Program Files\dotnet\sdk\8.0.416\Sdks\Microsoft.NET.Sdk\targets\Microsoft.NET.Publish.targets".
       Overriding target "GetCopyToPublishDirectoryItems" in project "C:\Program Files\dotnet\sdk\8.0.416\Microsoft.Common.CurrentVersion.targets" with target "GetCopyToPublishDirectoryItems" from project "C:\Program Files\dotnet\sdk\8.0.416\Sdks\Microsoft.NET.Sdk\targets\Microsoft.NET.Publish.targets".
       Overriding target "BeforePublish" in project "C:\Program Files\dotnet\sdk\8.0.416\Microsoft.Common.CurrentVersion.targets" with target "BeforePublish" from project "C:\Program Files\dotnet\sdk\8.0.416\Sdks\Microsoft.NET.Sdk.Publish\targets\Microsoft.NET.Sdk.Publish.targets".
       Overriding target "AfterPublish" in project "C:\Program Files\dotnet\sdk\8.0.416\Microsoft.Common.CurrentVersion.targets" with target "AfterPublish" from project "C:\Program Files\dotnet\sdk\8.0.416\Sdks\Microsoft.NET.Sdk.Publish\targets\Microsoft.NET.Sdk.Publish.targets".
       The target "ResolveNuGetPackageAssets" listed in an AfterTargets attribute at "C:\Users\MY PC\.nuget\packages\system.text.json\8.0.4\buildTransitive\net6.0\System.Text.Json.targets (11,11)" does not exist in the project, and will be ignored.
       The target "ResolveNuGetPackageAssets" listed in an AfterTargets attribute at "C:\Users\MY PC\.nuget\packages\system.text.json\8.0.4\buildTransitive\net6.0\System.Text.Json.targets (23,11)" does not exist in the project, and will be ignored.
       The target "ResolveNuGetPackageAssets" listed in an AfterTargets attribute at "C:\Users\MY PC\.nuget\packages\microsoft.extensions.options\8.0.0\buildTransitive\net6.0\Microsoft.Extensions.Options.targets (11,11)" does not exist in the project, and will be ignored.
       The target "ResolveNuGetPackageAssets" listed in an AfterTargets attribute at "C:\Users\MY PC\.nuget\packages\microsoft.extensions.options\8.0.0\buildTransitive\net6.0\Microsoft.Extensions.Options.targets (23,11)" does not exist in the project, and will be ignored.
       The target "ResolveNuGetPackageAssets" listed in an AfterTargets attribute at "C:\Users\MY PC\.nuget\packages\microsoft.extensions.logging.abstractions\8.0.0\buildTransitive\net6.0\Microsoft.Extensions.Logging.Abstractions.targets (11,11)" does not exist in the project, and will be ignored.
       The target "ResolveNuGetPackageAssets" listed in an AfterTargets attribute at "C:\Users\MY PC\.nuget\packages\microsoft.extensions.logging.abstractions\8.0.0\buildTransitive\net6.0\Microsoft.Extensions.Logging.Abstractions.targets (23,11)" does not exist in the project, and will be ignored.
       The target "CollectUpToDateCheckInputDesignTime" listed in a BeforeTargets attribute at "C:\Program Files\dotnet\sdk\8.0.416\Sdks\Microsoft.NET.Sdk.StaticWebAssets\targets\Microsoft.NET.Sdk.StaticWebAssets.ScopedCss.targets (156,5)" does not exist in the project, and will be ignored.
       The target "CollectUpToDateCheckBuiltDesignTime" listed in a BeforeTargets attribute at "C:\Program Files\dotnet\sdk\8.0.416\Sdks\Microsoft.NET.Sdk.StaticWebAssets\targets\Microsoft.NET.Sdk.StaticWebAssets.ScopedCss.targets (156,5)" does not exist in the project, and will be ignored.
       The target "RazorGenerateComponentDeclaration" listed in an AfterTargets attribute at "C:\Program Files\dotnet\sdk\8.0.416\Sdks\Microsoft.NET.Sdk.Razor\targets\Microsoft.NET.Sdk.Razor.DesignTime.targets (55,53)" does not exist in the project, and will be ignored.
   1:7>Project "F:\OJT-Review\MoneyTrackerApp\Expense-Manager\MoneyTrackerApp\MoneyTrackerApp\MoneyTrackerApp.csproj" on node 1 (default targets).
   1:7>Target "_CheckForUnsupportedTargetFramework" skipped, due to false condition; ('$(_UnsupportedTargetFrameworkError)' == 'true') was evaluated as ('' == 'true').
   1:7>Target "_CollectTargetFrameworkForTelemetry" in file "C:\Program Files\dotnet\sdk\8.0.416\Sdks\Microsoft.NET.Sdk\targets\Microsoft.NET.TargetFrameworkInference.targets" from project "F:\OJT-Review\MoneyTrackerApp\Expense-Manager\MoneyTrackerApp\MoneyTrackerApp\MoneyTrackerApp.csproj" (target "_CheckForInvalidConfigurationAndPlatform" depends on it):
       Using "AllowEmptyTelemetry" task from assembly "C:\Program Files\dotnet\sdk\8.0.416\Sdks\Microsoft.NET.Sdk\targets\..\tools\net8.0\Microsoft.NET.Build.Tasks.dll".
       Task "AllowEmptyTelemetry"
       Done executing task "AllowEmptyTelemetry".
   1:7>Done building target "_CollectTargetFrameworkForTelemetry" in project "MoneyTrackerApp.csproj".
       Target "_CheckForUnsupportedTargetPlatformIdentifier" skipped, due to false condition; ('$(TargetPlatformIdentifier)' != '' and '$(TargetFrameworkIdentifier)' == '.NETCoreApp' and $([MSBuild]::VersionGreaterThanOrEquals($(TargetFrameworkVersion), 5.0)) And ('$(DesignTimeBuild)' != 'true' Or '@(MissingWorkloadPack)' == '')) was evaluated as ('' != '' and '.NETCoreApp' == '.NETCoreApp' and True And ('' != 'true' Or '' == '')).
       Target "_CheckForMissingWorkload" skipped, due to false condition; ('@(MissingWorkloadPack)' != '' And '$(DesignTimeBuild)' != 'true') was evaluated as ('' != '' And '' != 'true').
   1:7>Target "_CheckForUnsupportedNETCoreVersion" in file "C:\Program Files\dotnet\sdk\8.0.416\Sdks\Microsoft.NET.Sdk\targets\Microsoft.NET.TargetFrameworkInference.targets" from project "F:\OJT-Review\MoneyTrackerApp\Expense-Manager\MoneyTrackerApp\MoneyTrackerApp\MoneyTrackerApp.csproj" (target "_CheckForInvalidConfigurationAndPlatform" depends on it):
       Task "NETSdkError" skipped, due to false condition; ('$(_TargetFrameworkVersionWithoutV)' > '$(NETCoreAppMaximumVersion)' and '$(DisplayVSMessage)' != 'true') was evaluated as ('8.0' > '8.0' and '' != 'true').
       Task "NETSdkError" skipped, due to false condition; ('$(DisplayVSMessage)' == 'true') was evaluated as ('' == 'true').
   1:7>Done building target "_CheckForUnsupportedNETCoreVersion" in project "MoneyTrackerApp.csproj".
       Target "_CheckForEolTargetFrameworks" skipped, due to false condition; ('@(_EolNetCoreTargetFrameworkVersions->AnyHaveMetadataValue('Identity', '$(_TargetFrameworkVersionWithoutV)'))' and '$(TargetFrameworkIdentifier)' == '.NETCoreApp' and '$(CheckEolTargetFramework)' == 'true') was evaluated as ('false' and '.NETCoreApp' == '.NETCoreApp' and 'true' == 'true').
       Target "_CheckForEolWorkloads" skipped, due to false condition; ('@(EolWorkload)' != '' and '$(CheckEolWorkloads)' == 'true') was evaluated as ('' != '' and 'true' == 'true').
   1:7>Target "_CheckForUnsupportedCppNETCoreVersion" in file "C:\Program Files\dotnet\sdk\8.0.416\Sdks\Microsoft.NET.Sdk\targets\Microsoft.NET.TargetFrameworkInference.targets" from project "F:\OJT-Review\MoneyTrackerApp\Expense-Manager\MoneyTrackerApp\MoneyTrackerApp\MoneyTrackerApp.csproj" (target "_CheckForInvalidConfigurationAndPlatform" depends on it):
       Task "NETSdkError" skipped, due to false condition; ('$(TargetFrameworkIdentifier)' == '.NETCoreApp' and '$(_TargetFrameworkVersionWithoutV)' < '3.1' and ('$(Language)' == 'C++' and '$(_EnablePackageReferencesInVCProjects)' != 'true')) was evaluated as ('.NETCoreApp' == '.NETCoreApp' and '8.0' < '3.1' and ('C#' == 'C++' and '' != 'true')).
   1:7>Done building target "_CheckForUnsupportedCppNETCoreVersion" in project "MoneyTrackerApp.csproj".
       Target "_CheckForUnsupportedNETStandardVersion" skipped, due to false condition; ('$(TargetFrameworkIdentifier)' == '.NETStandard' And '$(NETStandardMaximumVersion)' != '') was evaluated as ('.NETCoreApp' == '.NETStandard' And '' != '').
       Target "_CheckForUnsupportedTargetFrameworkAndFeatureCombination" skipped, due to false condition; ('$(TargetFrameworkIdentifier)' == '.NETFramework') was evaluated as ('.NETCoreApp' == '.NETFramework').
       Target "_CheckForSupportedOSPlatformVersionHigherThanTargetPlatformVersion" skipped, due to false condition; ('$(TargetPlatformVersion)' != '' and '$(TargetFrameworkIdentifier)' == '.NETCoreApp' and $([MSBuild]::VersionGreaterThanOrEquals($(TargetFrameworkVersion), 5.0))) was evaluated as ('' != '' and '.NETCoreApp' == '.NETCoreApp' and True).
       Target "_CheckForInvalidTargetPlatformVersion" skipped, due to false condition; ('$(TargetPlatformVersion)' != '' and '$(TargetFrameworkIdentifier)' == '.NETCoreApp' and $([MSBuild]::VersionGreaterThanOrEquals($(TargetFrameworkVersion), 5.0)) and ('$(Language)' != 'C++' or '$(_EnablePackageReferencesInVCProjects)' == 'true')) was evaluated as ('' != '' and '.NETCoreApp' == '.NETCoreApp' and True and ('C#' != 'C++' or '' == 'true')).
   1:7>Target "_CheckForUnsupportedArtifactsPath" in file "C:\Program Files\dotnet\sdk\8.0.416\Sdks\Microsoft.NET.Sdk\targets\Microsoft.NET.DefaultOutputPaths.targets" from project "F:\OJT-Review\MoneyTrackerApp\Expense-Manager\MoneyTrackerApp\MoneyTrackerApp\MoneyTrackerApp.csproj" (target "_CheckForInvalidConfigurationAndPlatform" depends on it):
       Task "NetSdkError" skipped, due to false condition; ('$(UseArtifactsOutput)' == 'true' and '$(_ArtifactsPathSetEarly)' != 'true') was evaluated as ('' == 'true' and '' != 'true').
       Task "NetSdkError" skipped, due to false condition; ('$(_ArtifactsPathLocationType)' == 'ProjectFolder') was evaluated as ('' == 'ProjectFolder').
   1:7>Done building target "_CheckForUnsupportedArtifactsPath" in project "MoneyTrackerApp.csproj".
       Target "_CheckForMissingWorkload" skipped, due to false condition; ('@(MissingWorkloadPack)' != '' And '$(DesignTimeBuild)' != 'true') was evaluated as ('' != '' And '' != 'true').
   1:7>Target "_CheckForUnsupportedAppHostUsage" in file "C:\Program Files\dotnet\sdk\8.0.416\Sdks\Microsoft.NET.Sdk\targets\Microsoft.NET.RuntimeIdentifierInference.targets" from project "F:\OJT-Review\MoneyTrackerApp\Expense-Manager\MoneyTrackerApp\MoneyTrackerApp\MoneyTrackerApp.csproj" (target "_CheckForInvalidConfigurationAndPlatform" depends on it):
       Task "NETSdkError" skipped, due to false condition; ('$(SelfContained)' == 'true' and '$(RuntimeIdentifier)' == '' and '$(AllowSelfContainedWithoutRuntimeIdentifier)' != 'true') was evaluated as ('false' == 'true' and '' == '' and '' != 'true').
       Task "NETSdkError" skipped, due to false condition; ('$(PublishReadyToRun)' == 'true' and '$(RuntimeIdentifier)' == '' and '$(_IsPublishing)' == 'true') was evaluated as ('' == 'true' and '' == '' and '' == 'true').
       Task "NETSdkError" skipped, due to false condition; ('$(PublishSingleFile)' == 'true' and '$(RuntimeIdentifier)' == '' and '$(_IsPublishing)' == 'true') was evaluated as ('' == 'true' and '' == '' and '' == 'true').
       Task "NETSdkError" skipped, due to false condition; ('$(PublishAot)' == 'true' and '$(RuntimeIdentifier)' == '' and '$(_IsPublishing)' == 'true' and '$(AllowPublishAotWithoutRuntimeIdentifier)' != 'true') was evaluated as ('' == 'true' and '' == '' and '' == 'true' and '' != 'true').
       Task "NETSdkError" skipped, due to false condition; ('$(PublishSelfContained)' != 'true' and '$(PublishSelfContained)' != 'false' and '$(PublishSelfContained)' != '') was evaluated as ('' != 'true' and '' != 'false' and '' != '').
       Task "NETSdkError" skipped, due to false condition; ('$(SelfContained)' == 'true' and '$(UseAppHost)' != 'true' and '$(_RuntimeIdentifierUsesAppHost)' == 'true') was evaluated as ('false' == 'true' and 'true' != 'true' and 'true' == 'true').
       Task "NETSdkError" skipped, due to false condition; ('$(SelfContained)' != 'true' and '$(UseAppHost)' == 'true' and '$(_TargetFrameworkVersionWithoutV)' < '2.1') was evaluated as ('false' != 'true' and 'true' == 'true' and '8.0' < '2.1').
       Task "NETSdkError" skipped, due to false condition; ('$(PublishSingleFile)' == 'true' and '$(_TargetFrameworkVersionWithoutV)' < '3.0') was evaluated as ('' == 'true' and '8.0' < '3.0').
       Task "NETSdkWarning" skipped, due to false condition; ('$(PublishReadyToRun)' == 'true' and '$(_TargetFrameworkVersionWithoutV)' < '3.0') was evaluated as ('' == 'true' and '8.0' < '3.0').
       Task "NETSdkWarning" skipped, due to false condition; ('$(RuntimeIdentifier)' != '' and '$(_TargetFrameworkVersionWithoutV)' != '' and $([MSBuild]::VersionLessThan($(_TargetFrameworkVersionWithoutV), '8.0')) and '$(_SelfContainedWasSpecified)' != 'true') was evaluated as ('' != '' and '8.0' != '' and False and '' != 'true').
       Task "NetSdkError" skipped, due to false condition; (('$(UseWindowsForms)' == 'true') and ('$(PublishTrimmed)' == 'true') and ('$(_SuppressWinFormsTrimError)' != 'true')) was evaluated as (('' == 'true') and ('' == 'true') and ('' != 'true')).
       Task "NetSdkError" skipped, due to false condition; (('$(UseWpf)' == 'true') and ('$(PublishTrimmed)' == 'true') and ('$(_SuppressWpfTrimError)' != 'true')) was evaluated as (('' == 'true') and ('' == 'true') and ('' != 'true')).
   1:7>Done building target "_CheckForUnsupportedAppHostUsage" in project "MoneyTrackerApp.csproj".
   1:7>Target "_CheckForUnsupportedHostingUsage" in file "C:\Program Files\dotnet\sdk\8.0.416\Sdks\Microsoft.NET.Sdk\targets\Microsoft.NET.RuntimeIdentifierInference.targets" from project "F:\OJT-Review\MoneyTrackerApp\Expense-Manager\MoneyTrackerApp\MoneyTrackerApp\MoneyTrackerApp.csproj" (target "_CheckForInvalidConfigurationAndPlatform" depends on it):
       Task "NETSdkWarning" skipped, due to false condition; ('$(SelfContained)' == 'true' and '$(EnableComHosting)' == 'true') was evaluated as ('false' == 'true' and '' == 'true').
   1:7>Done building target "_CheckForUnsupportedHostingUsage" in project "MoneyTrackerApp.csproj".
   1:7>Target "_CheckAndUnsetUnsupportedPrefer32Bit" in file "C:\Program Files\dotnet\sdk\8.0.416\Sdks\Microsoft.NET.Sdk\targets\Microsoft.NET.RuntimeIdentifierInference.targets" from project "F:\OJT-Review\MoneyTrackerApp\Expense-Manager\MoneyTrackerApp\MoneyTrackerApp\MoneyTrackerApp.csproj" (target "_CheckForInvalidConfigurationAndPlatform" depends on it):
       Task "NETSdkWarning" skipped, due to false condition; ('$(Prefer32Bit)' == 'true') was evaluated as ('false' == 'true').
   1:7>Done building target "_CheckAndUnsetUnsupportedPrefer32Bit" in project "MoneyTrackerApp.csproj".
       Target "_CheckForMismatchingPlatform" skipped, due to false condition; ('$(RuntimeIdentifier)' != '' and '$(PlatformTarget)' != '') was evaluated as ('' != '' and '' != '').
   1:7>Target "_CheckForLanguageAndFeatureCombinationSupport" in file "C:\Program Files\dotnet\sdk\8.0.416\Sdks\Microsoft.NET.Sdk\targets\Microsoft.NET.RuntimeIdentifierInference.targets" from project "F:\OJT-Review\MoneyTrackerApp\Expense-Manager\MoneyTrackerApp\MoneyTrackerApp\MoneyTrackerApp.csproj" (target "_CheckForInvalidConfigurationAndPlatform" depends on it):
       Task "NETSdkError" skipped, due to false condition; (('$(Language)' == 'C++' and '$(_EnablePackageReferencesInVCProjects)' != 'true') and $(OutputType) != 'library' and '$(TargetFrameworkIdentifier)' == '.NETCoreApp') was evaluated as (('C#' == 'C++' and '' != 'true') and Exe != 'library' and '.NETCoreApp' == '.NETCoreApp').
       Task "NETSdkError" skipped, due to false condition; (('$(Language)' == 'C++' and '$(_EnablePackageReferencesInVCProjects)' != 'true') and $(EnableComHosting) == 'true') was evaluated as (('C#' == 'C++' and '' != 'true') and  == 'true').
       Task "NETSdkError" skipped, due to false condition; (('$(Language)' == 'C++' and '$(_EnablePackageReferencesInVCProjects)' != 'true') and $(SelfContained) == 'true') was evaluated as (('C#' == 'C++' and '' != 'true') and false == 'true').
   1:7>Done building target "_CheckForLanguageAndFeatureCombinationSupport" in project "MoneyTrackerApp.csproj".
       Target "_CheckForNETCoreSdkIsPreview" skipped, due to false condition; ( '$(_NETCoreSdkIsPreview)' == 'true' AND '$(SuppressNETCoreSdkPreviewMessage)' != 'true' ) was evaluated as ( 'false' == 'true' AND '' != 'true' ).
   1:7>Target "_GetProjectJsonPath" in file "C:\Program Files\dotnet\sdk\8.0.416\NuGet.targets" from project "F:\OJT-Review\MoneyTrackerApp\Expense-Manager\MoneyTrackerApp\MoneyTrackerApp\MoneyTrackerApp.csproj" (target "_GetRestoreProjectStyle" depends on it):
       Task "GetRestoreProjectJsonPathTask" skipped, due to false condition; ( '$(RestoreProjectStyle)' == 'ProjectJson' OR '$(RestoreProjectStyle)' == '' ) was evaluated as ( 'PackageReference' == 'ProjectJson' OR 'PackageReference' == '' ).
   1:7>Done building target "_GetProjectJsonPath" in project "MoneyTrackerApp.csproj".
       Target "_CheckForUnsupportedTargetPlatformIdentifier" skipped, due to false condition; ('$(TargetPlatformIdentifier)' != '' and '$(TargetFrameworkIdentifier)' == '.NETCoreApp' and $([MSBuild]::VersionGreaterThanOrEquals($(TargetFrameworkVersion), 5.0)) And ('$(DesignTimeBuild)' != 'true' Or '@(MissingWorkloadPack)' == '')) was evaluated as ('' != '' and '.NETCoreApp' == '.NETCoreApp' and True And ('' != 'true' Or '' == '')).
       Target "_CheckForMissingWorkload" skipped, due to false condition; ('@(MissingWorkloadPack)' != '' And '$(DesignTimeBuild)' != 'true') was evaluated as ('' != '' And '' != 'true').
       Target "_CheckForUnsupportedNETStandardVersion" skipped, due to false condition; ('$(TargetFrameworkIdentifier)' == '.NETStandard' And '$(NETStandardMaximumVersion)' != '') was evaluated as ('.NETCoreApp' == '.NETStandard' And '' != '').
       Target "_CheckForUnsupportedTargetFrameworkAndFeatureCombination" skipped, due to false condition; ('$(TargetFrameworkIdentifier)' == '.NETFramework') was evaluated as ('.NETCoreApp' == '.NETFramework').
   1:7>Target "UpdateAspNetToFrameworkReference" in file "C:\Program Files\dotnet\sdk\8.0.416\Sdks\Microsoft.NET.Sdk\targets\Microsoft.NET.Sdk.DefaultItems.Shared.targets" from project "F:\OJT-Review\MoneyTrackerApp\Expense-Manager\MoneyTrackerApp\MoneyTrackerApp\MoneyTrackerApp.csproj" (target "ApplyImplicitVersions" depends on it):
       Using "CheckIfPackageReferenceShouldBeFrameworkReference" task from assembly "C:\Program Files\dotnet\sdk\8.0.416\Sdks\Microsoft.NET.Sdk\targets\..\tools\net8.0\Microsoft.NET.Build.Tasks.dll".
       Task "CheckIfPackageReferenceShouldBeFrameworkReference"
       Done executing task "CheckIfPackageReferenceShouldBeFrameworkReference".
       Task "NETSdkError" skipped, due to false condition; ('$(_ShouldRemoveAspNetCoreAll)' == 'true') was evaluated as ('False' == 'true').
       Task "CheckIfPackageReferenceShouldBeFrameworkReference"
       Done executing task "CheckIfPackageReferenceShouldBeFrameworkReference".
       Task "NETSdkWarning" skipped, due to false condition; ('$(_ShouldRemoveAspNetCoreApp)' == 'true') was evaluated as ('False' == 'true').
   1:7>Done building target "UpdateAspNetToFrameworkReference" in project "MoneyTrackerApp.csproj".
       Target "IncludeTargetingPackReference" skipped, due to false condition; ('$(TargetFrameworkMoniker)' != '' and '$(TargetFrameworkIdentifier)' == '.NETFramework' and '$(AutomaticallyUseReferenceAssemblyPackages)' == 'true') was evaluated as ('.NETCoreApp,Version=v8.0' != '' and '.NETCoreApp' == '.NETFramework' and 'true' == 'true').
   1:7>Target "CheckForImplicitPackageReferenceOverrides" in file "C:\Program Files\dotnet\sdk\8.0.416\Sdks\Microsoft.NET.Sdk\targets\Microsoft.NET.Sdk.DefaultItems.Shared.targets" from project "F:\OJT-Review\MoneyTrackerApp\Expense-Manager\MoneyTrackerApp\MoneyTrackerApp\MoneyTrackerApp.csproj" (target "ApplyImplicitVersions" depends on it):
       Using "CheckForImplicitPackageReferenceOverrides" task from assembly "C:\Program Files\dotnet\sdk\8.0.416\Sdks\Microsoft.NET.Sdk\targets\..\tools\net8.0\Microsoft.NET.Build.Tasks.dll".
       Task "CheckForImplicitPackageReferenceOverrides"
       Done executing task "CheckForImplicitPackageReferenceOverrides".
   1:7>Done building target "CheckForImplicitPackageReferenceOverrides" in project "MoneyTrackerApp.csproj".
   1:7>Target "ApplyImplicitVersions" in file "C:\Program Files\dotnet\sdk\8.0.416\Sdks\Microsoft.NET.Sdk\targets\Microsoft.NET.Sdk.DefaultItems.Shared.targets" from project "F:\OJT-Review\MoneyTrackerApp\Expense-Manager\MoneyTrackerApp\MoneyTrackerApp\MoneyTrackerApp.csproj" (target "CollectPackageReferences" depends on it):
       Using "ApplyImplicitVersions" task from assembly "C:\Program Files\dotnet\sdk\8.0.416\Sdks\Microsoft.NET.Sdk\targets\..\tools\net8.0\Microsoft.NET.Build.Tasks.dll".
       Task "ApplyImplicitVersions"
       Done executing task "ApplyImplicitVersions".
   1:7>Done building target "ApplyImplicitVersions" in project "MoneyTrackerApp.csproj".
       Target "CheckForImplicitPackageReferenceOverrides" skipped. Previously built successfully.
       Target "AddWindowsSdkKnownFrameworkReferences" skipped, due to false condition; ('$(TargetFrameworkIdentifier)' == '.NETCoreApp' And '$(TargetPlatformIdentifier)' == 'Windows') was evaluated as ('.NETCoreApp' == '.NETCoreApp' And '' == 'Windows').
       Target "_NormalizeTargetPlatformVersion" skipped, due to false condition; ('$(TargetPlatformVersion)' != '' and '$(TargetFrameworkIdentifier)' == '.NETCoreApp' and $([MSBuild]::VersionGreaterThanOrEquals($(TargetFrameworkVersion), 5.0)) and ('$(Language)' != 'C++' or '$(_EnablePackageReferencesInVCProjects)' == 'true')) was evaluated as ('' != '' and '.NETCoreApp' == '.NETCoreApp' and True and ('C#' != 'C++' or '' == 'true')).
   1:7>Target "_ComputeToolPackInputsToProcessFrameworkReferences" in file "C:\Program Files\dotnet\sdk\8.0.416\Sdks\Microsoft.NET.Sdk\targets\Microsoft.NET.Publish.targets" from project "F:\OJT-Review\MoneyTrackerApp\Expense-Manager\MoneyTrackerApp\MoneyTrackerApp\MoneyTrackerApp.csproj" (target "ProcessFrameworkReferences" depends on it):
   1:7>Done building target "_ComputeToolPackInputsToProcessFrameworkReferences" in project "MoneyTrackerApp.csproj".
   1:7>Target "ProcessFrameworkReferences" in file "C:\Program Files\dotnet\sdk\8.0.416\Sdks\Microsoft.NET.Sdk\targets\Microsoft.NET.Sdk.FrameworkReferenceResolution.targets" from project "F:\OJT-Review\MoneyTrackerApp\Expense-Manager\MoneyTrackerApp\MoneyTrackerApp\MoneyTrackerApp.csproj" (target "CollectPackageReferences" depends on it):
       Using "CheckForDuplicateFrameworkReferences" task from assembly "C:\Program Files\dotnet\sdk\8.0.416\Sdks\Microsoft.NET.Sdk\targets\..\tools\net8.0\Microsoft.NET.Build.Tasks.dll".
       Task "CheckForDuplicateFrameworkReferences"
       Done executing task "CheckForDuplicateFrameworkReferences".
       Using "ProcessFrameworkReferences" task from assembly "C:\Program Files\dotnet\sdk\8.0.416\Sdks\Microsoft.NET.Sdk\targets\..\tools\net8.0\Microsoft.NET.Build.Tasks.dll".
       Task "ProcessFrameworkReferences"
       Done executing task "ProcessFrameworkReferences".
       Using "ResolveAppHosts" task from assembly "C:\Program Files\dotnet\sdk\8.0.416\Sdks\Microsoft.NET.Sdk\targets\..\tools\net8.0\Microsoft.NET.Build.Tasks.dll".
       Task "ResolveAppHosts"
       Done executing task "ResolveAppHosts".
   1:7>Done building target "ProcessFrameworkReferences" in project "MoneyTrackerApp.csproj".
       Target "IncludeTargetingPackReference" skipped, due to false condition; ('$(TargetFrameworkMoniker)' != '' and '$(TargetFrameworkIdentifier)' == '.NETFramework' and '$(AutomaticallyUseReferenceAssemblyPackages)' == 'true') was evaluated as ('.NETCoreApp,Version=v8.0' != '' and '.NETCoreApp' == '.NETFramework' and 'true' == 'true').
   1:7>Target "_AddMicrosoftNetCompilerToolsetFrameworkPackage" in file "C:\Program Files\dotnet\sdk\8.0.416\Sdks\Microsoft.NET.Sdk\targets\Microsoft.NET.Sdk.targets" from project "F:\OJT-Review\MoneyTrackerApp\Expense-Manager\MoneyTrackerApp\MoneyTrackerApp\MoneyTrackerApp.csproj" (target "CollectPackageReferences" depends on it):
       Task "NETSdkWarning" skipped, due to false condition; ('@(PackageReference->AnyHaveMetadataValue('Identity', 'Microsoft.Net.Compilers.Toolset.Framework'))' == 'true') was evaluated as ('false' == 'true').
   1:7>Done building target "_AddMicrosoftNetCompilerToolsetFrameworkPackage" in project "MoneyTrackerApp.csproj".
   1:7>Target "_CheckForObsoleteDotNetCliToolReferences" in file "C:\Program Files\dotnet\sdk\8.0.416\Sdks\Microsoft.NET.Sdk\targets\Microsoft.NET.ObsoleteReferences.targets" from project "F:\OJT-Review\MoneyTrackerApp\Expense-Manager\MoneyTrackerApp\MoneyTrackerApp\MoneyTrackerApp.csproj" (target "CollectPackageReferences" depends on it):
       Task "NETSdkWarning" skipped, due to false condition; ( '%(_ReferenceToObsoleteDotNetCliTool.Identity)' != '' ) was evaluated as ( '' != '' ).
   1:7>Done building target "_CheckForObsoleteDotNetCliToolReferences" in project "MoneyTrackerApp.csproj".
   1:7>Target "CollectPackageReferences" in file "C:\Program Files\dotnet\sdk\8.0.416\NuGet.targets" from project "F:\OJT-Review\MoneyTrackerApp\Expense-Manager\MoneyTrackerApp\MoneyTrackerApp\MoneyTrackerApp.csproj" (target "_GetRestoreProjectStyle" depends on it):
       Using "CheckForDuplicateNuGetItemsTask" task from assembly "C:\Program Files\dotnet\sdk\8.0.416\NuGet.Build.Tasks.dll".
       Task "CheckForDuplicateNuGetItemsTask"
       Done executing task "CheckForDuplicateNuGetItemsTask".
   1:7>Done building target "CollectPackageReferences" in project "MoneyTrackerApp.csproj".
   1:7>Target "_GetRestoreProjectStyle" in file "C:\Program Files\dotnet\sdk\8.0.416\NuGet.targets" from project "F:\OJT-Review\MoneyTrackerApp\Expense-Manager\MoneyTrackerApp\MoneyTrackerApp\MoneyTrackerApp.csproj" (target "EnableIntermediateOutputPathMismatchWarning" depends on it):
       Using "GetRestoreProjectStyleTask" task from assembly "C:\Program Files\dotnet\sdk\8.0.416\NuGet.Build.Tasks.dll".
       Task "GetRestoreProjectStyleTask"
       Done executing task "GetRestoreProjectStyleTask".
   1:7>Done building target "_GetRestoreProjectStyle" in project "MoneyTrackerApp.csproj".
   1:7>Target "EnableIntermediateOutputPathMismatchWarning" in file "C:\Program Files\dotnet\sdk\8.0.416\NuGet.targets" from project "F:\OJT-Review\MoneyTrackerApp\Expense-Manager\MoneyTrackerApp\MoneyTrackerApp\MoneyTrackerApp.csproj" (target "_CheckForInvalidConfigurationAndPlatform" depends on it):
   1:7>Done building target "EnableIntermediateOutputPathMismatchWarning" in project "MoneyTrackerApp.csproj".
       Target "ApplyImplicitVersions" skipped. Previously built successfully.
       Target "CheckForImplicitPackageReferenceOverrides" skipped. Previously built successfully.
   1:7>Target "CheckForDuplicateItems" in file "C:\Program Files\dotnet\sdk\8.0.416\Sdks\Microsoft.NET.Sdk\targets\Microsoft.NET.Sdk.DefaultItems.Shared.targets" from project "F:\OJT-Review\MoneyTrackerApp\Expense-Manager\MoneyTrackerApp\MoneyTrackerApp\MoneyTrackerApp.csproj" (target "_CheckForInvalidConfigurationAndPlatform" depends on it):
       Using "CheckForDuplicateItems" task from assembly "C:\Program Files\dotnet\sdk\8.0.416\Sdks\Microsoft.NET.Sdk\targets\..\tools\net8.0\Microsoft.NET.Build.Tasks.dll".
       Task "CheckForDuplicateItems"
       Done executing task "CheckForDuplicateItems".
       Task "CheckForDuplicateItems"
       Done executing task "CheckForDuplicateItems".
       Task "CheckForDuplicateItems"
       Done executing task "CheckForDuplicateItems".
   1:7>Done building target "CheckForDuplicateItems" in project "MoneyTrackerApp.csproj".
       Target "WarnForExplicitVersions" skipped, due to false condition; ('@(SdkBuildWarning)' != '') was evaluated as ('' != '').
       Target "_CheckForFailedSDKResolution" skipped, due to false condition; ('$(SdkResolverHonoredGlobalJson)' == 'false') was evaluated as ('' == 'false').
       Target "_WarnWhenUsingNET8AndVSPriorTo178" skipped, due to false condition; ($([MSBuild]::VersionLessThan($(MSBuildVersion), '17.8.0')) and '$(TargetFrameworkIdentifier)' == '.NETCoreApp' and $([MSBuild]::VersionGreaterThanOrEquals($(_TargetFrameworkVersionWithoutV), '8.0'))) was evaluated as (False and '.NETCoreApp' == '.NETCoreApp' and True).
       Target "_CheckForInvalidWindowsDesktopTargetingConfiguration" skipped, due to false condition; ('$(TargetFrameworkIdentifier)' == '.NETCoreApp' and $([MSBuild]::VersionGreaterThanOrEquals($(_TargetFrameworkVersionWithoutV), '5.0')) and ('$(UseWindowsForms)' == 'true' or '$(UseWPF)' == 'true')) was evaluated as ('.NETCoreApp' == '.NETCoreApp' and True and ('' == 'true' or '' == 'true')).
       Target "_CheckForUnnecessaryWindowsDesktopSDK" skipped, due to false condition; ('$(TargetFrameworkIdentifier)' == '.NETCoreApp' and $([MSBuild]::VersionGreaterThanOrEquals($(_TargetFrameworkVersionWithoutV), '5.0')) and '$(_MicrosoftWindowsDesktopSdkImported)' == 'true' and '$(TargetFrameworks)' == '') was evaluated as ('.NETCoreApp' == '.NETCoreApp' and True and '' == 'true' and '' == '').
       Target "ProcessFrameworkReferences" skipped. Previously built successfully.
       Target "IncludeTargetingPackReference" skipped, due to false condition; ('$(TargetFrameworkMoniker)' != '' and '$(TargetFrameworkIdentifier)' == '.NETFramework' and '$(AutomaticallyUseReferenceAssemblyPackages)' == 'true') was evaluated as ('.NETCoreApp,Version=v8.0' != '' and '.NETCoreApp' == '.NETFramework' and 'true' == 'true').
   1:7>Target "_CheckForInvalidConfigurationAndPlatform" in file "C:\Program Files\dotnet\sdk\8.0.416\Microsoft.Common.CurrentVersion.targets" from project "F:\OJT-Review\MoneyTrackerApp\Expense-Manager\MoneyTrackerApp\MoneyTrackerApp\MoneyTrackerApp.csproj" (target "BeforeBuild" depends on it):
       Task "Error" skipped, due to false condition; ( '$(_InvalidConfigurationError)' == 'true' ) was evaluated as ( '' == 'true' ).
       Task "Warning" skipped, due to false condition; ( '$(_InvalidConfigurationWarning)' == 'true' ) was evaluated as ( '' == 'true' ).
       Task "Message"
         Configuration=Debug
       Done executing task "Message".
       Task "Message"
         Platform=AnyCPU
       Done executing task "Message".
       Task "Error" skipped, due to false condition; ('$(OutDir)' != '' and !HasTrailingSlash('$(OutDir)')) was evaluated as ('bin\Debug\net8.0\' != '' and !HasTrailingSlash('bin\Debug\net8.0\')).
       Task "Error" skipped, due to false condition; ('$(IntermediateOutputPath)' != '' and !HasTrailingSlash('$(IntermediateOutputPath)')) was evaluated as ('obj\Debug\net8.0\' != '' and !HasTrailingSlash('obj\Debug\net8.0\')).
       Task "Error" skipped, due to false condition; ('$(BaseIntermediateOutputPath)' != '' and !HasTrailingSlash('$(BaseIntermediateOutputPath)')) was evaluated as ('F:\OJT-Review\MoneyTrackerApp\Expense-Manager\MoneyTrackerApp\MoneyTrackerApp\obj\' != '' and !HasTrailingSlash('F:\OJT-Review\MoneyTrackerApp\Expense-Manager\MoneyTrackerApp\MoneyTrackerApp\obj\')).
       Task "MSBuildInternalMessage" skipped, due to false condition; ( '$(Prefer32Bit)' == 'true' and '$(PreferNativeArm64)' == 'true' ) was evaluated as ( 'false' == 'true' and '' == 'true' ).
       Task "MSBuildInternalMessage" skipped, due to false condition; ( '$(NoWin32Manifest)' == 'true' and '$(PreferNativeArm64)' == 'true' ) was evaluated as ( '' == 'true' and '' == 'true' ).
       Task "MSBuildInternalMessage" skipped, due to false condition; ( '$(PreferNativeArm64)' == 'true' and '$(Platform)' != 'AnyCPU' ) was evaluated as ( '' == 'true' and 'AnyCPU' != 'AnyCPU' ).
       Task "Error" skipped, due to false condition; ( '$(_InitialMSBuildProjectExtensionsPath)' != '' And '$(MSBuildProjectExtensionsPath)' != '$(_InitialMSBuildProjectExtensionsPath)' ) was evaluated as ( 'F:\OJT-Review\MoneyTrackerApp\Expense-Manager\MoneyTrackerApp\MoneyTrackerApp\obj\' != '' And 'F:\OJT-Review\MoneyTrackerApp\Expense-Manager\MoneyTrackerApp\MoneyTrackerApp\obj\' != 'F:\OJT-Review\MoneyTrackerApp\Expense-Manager\MoneyTrackerApp\MoneyTrackerApp\obj\' ).
       Task "Warning" skipped, due to false condition; ( '$(EnableBaseIntermediateOutputPathMismatchWarning)' == 'true' And '$(_InitialBaseIntermediateOutputPath)' != '$(BaseIntermediateOutputPath)' And '$(BaseIntermediateOutputPath)' != '$(MSBuildProjectExtensionsPath)' ) was evaluated as ( 'true' == 'true' And 'obj\' != 'F:\OJT-Review\MoneyTrackerApp\Expense-Manager\MoneyTrackerApp\MoneyTrackerApp\obj\' And 'F:\OJT-Review\MoneyTrackerApp\Expense-Manager\MoneyTrackerApp\MoneyTrackerApp\obj\' != 'F:\OJT-Review\MoneyTrackerApp\Expense-Manager\MoneyTrackerApp\MoneyTrackerApp\obj\' ).
   1:7>Done building target "_CheckForInvalidConfigurationAndPlatform" in project "MoneyTrackerApp.csproj".
   1:7>Target "ValidateCommandLineProperties" in file "C:\Program Files\dotnet\sdk\8.0.416\Sdks\Microsoft.NET.Sdk\targets\Microsoft.NET.Sdk.targets" from project "F:\OJT-Review\MoneyTrackerApp\Expense-Manager\MoneyTrackerApp\MoneyTrackerApp\MoneyTrackerApp.csproj" (target "BeforeBuild" depends on it):
   1:7>Done building target "ValidateCommandLineProperties" in project "MoneyTrackerApp.csproj".
   1:7>Target "BeforeBuild" in file "C:\Program Files\dotnet\sdk\8.0.416\Microsoft.Common.CurrentVersion.targets" from project "F:\OJT-Review\MoneyTrackerApp\Expense-Manager\MoneyTrackerApp\MoneyTrackerApp\MoneyTrackerApp.csproj" (target "Build" depends on it):
   1:7>Done building target "BeforeBuild" in project "MoneyTrackerApp.csproj".
       Target "_CheckForBuildWithNoBuild" skipped, due to false condition; ('$(NoBuild)' == 'true' and '$(GeneratePackageOnBuild)' != 'true') was evaluated as ('' == 'true' and 'false' != 'true').
   1:7>Target "BuildOnlySettings" in file "C:\Program Files\dotnet\sdk\8.0.416\Microsoft.Common.CurrentVersion.targets" from project "F:\OJT-Review\MoneyTrackerApp\Expense-Manager\MoneyTrackerApp\MoneyTrackerApp\MoneyTrackerApp.csproj" (target "CoreBuild" depends on it):
   1:7>Done building target "BuildOnlySettings" in project "MoneyTrackerApp.csproj".
       Target "_CheckForUnsupportedTargetFramework" skipped, due to false condition; ('$(_UnsupportedTargetFrameworkError)' == 'true') was evaluated as ('' == 'true').
       Target "_CheckForUnsupportedTargetPlatformIdentifier" skipped, due to false condition; ('$(TargetPlatformIdentifier)' != '' and '$(TargetFrameworkIdentifier)' == '.NETCoreApp' and $([MSBuild]::VersionGreaterThanOrEquals($(TargetFrameworkVersion), 5.0)) And ('$(DesignTimeBuild)' != 'true' Or '@(MissingWorkloadPack)' == '')) was evaluated as ('' != '' and '.NETCoreApp' == '.NETCoreApp' and True And ('' != 'true' Or '' == '')).
       Target "_CheckForMissingWorkload" skipped, due to false condition; ('@(MissingWorkloadPack)' != '' And '$(DesignTimeBuild)' != 'true') was evaluated as ('' != '' And '' != 'true').
   1:7>Target "GetFrameworkPaths" in file "C:\Program Files\dotnet\sdk\8.0.416\Sdks\Microsoft.NET.Sdk\targets\Microsoft.NET.DisableStandardFrameworkResolution.targets" from project "F:\OJT-Review\MoneyTrackerApp\Expense-Manager\MoneyTrackerApp\MoneyTrackerApp\MoneyTrackerApp.csproj" (target "PrepareForBuild" depends on it):
   1:7>Done building target "GetFrameworkPaths" in project "MoneyTrackerApp.csproj".
       Target "_CheckForUnsupportedTargetFramework" skipped, due to false condition; ('$(_UnsupportedTargetFrameworkError)' == 'true') was evaluated as ('' == 'true').
       Target "_CheckForUnsupportedTargetPlatformIdentifier" skipped, due to false condition; ('$(TargetPlatformIdentifier)' != '' and '$(TargetFrameworkIdentifier)' == '.NETCoreApp' and $([MSBuild]::VersionGreaterThanOrEquals($(TargetFrameworkVersion), 5.0)) And ('$(DesignTimeBuild)' != 'true' Or '@(MissingWorkloadPack)' == '')) was evaluated as ('' != '' and '.NETCoreApp' == '.NETCoreApp' and True And ('' != 'true' Or '' == '')).
       Target "_CheckForMissingWorkload" skipped, due to false condition; ('@(MissingWorkloadPack)' != '' And '$(DesignTimeBuild)' != 'true') was evaluated as ('' != '' And '' != 'true').
   1:7>Target "GetReferenceAssemblyPaths" in file "C:\Program Files\dotnet\sdk\8.0.416\Sdks\Microsoft.NET.Sdk\targets\Microsoft.NET.DisableStandardFrameworkResolution.targets" from project "F:\OJT-Review\MoneyTrackerApp\Expense-Manager\MoneyTrackerApp\MoneyTrackerApp\MoneyTrackerApp.csproj" (target "PrepareForBuild" depends on it):
   1:7>Done building target "GetReferenceAssemblyPaths" in project "MoneyTrackerApp.csproj".
       Target "AssignLinkMetadata" skipped, due to false condition; ( '$(SynthesizeLinkMetadata)' == 'true' ) was evaluated as ( '' == 'true' ).
   1:7>Target "ResolveRazorGenerateInputs" in file "C:\Program Files\dotnet\sdk\8.0.416\Sdks\Microsoft.NET.Sdk.Razor\targets\Sdk.Razor.CurrentVersion.targets" from project "F:\OJT-Review\MoneyTrackerApp\Expense-Manager\MoneyTrackerApp\MoneyTrackerApp\MoneyTrackerApp.csproj" (target "PrepareForBuild" depends on it):
   1:7>Done building target "ResolveRazorGenerateInputs" in project "MoneyTrackerApp.csproj".
       Target "_VerifyPackReleaseConfigurations" skipped, due to false condition; ('$(_IsPacking)' == 'true' and '$(DOTNET_CLI_DISABLE_PUBLISH_AND_PACK_RELEASE)' != 'true' and '$(DOTNET_CLI_LAZY_PUBLISH_AND_PACK_RELEASE_FOR_SOLUTIONS)' == 'true') was evaluated as ('' == 'true' and '' != 'true' and '' == 'true').
   1:7>Target "PrepareForBuild" in file "C:\Program Files\dotnet\sdk\8.0.416\Microsoft.Common.CurrentVersion.targets" from project "F:\OJT-Review\MoneyTrackerApp\Expense-Manager\MoneyTrackerApp\MoneyTrackerApp\MoneyTrackerApp.csproj" (target "CoreBuild" depends on it):
       Using "FindAppConfigFile" task from assembly "Microsoft.Build.Tasks.Core, Version=15.1.0.0, Culture=neutral, PublicKeyToken=b03f5f7f11d50a3a".
       Task "FindAppConfigFile"
       Done executing task "FindAppConfigFile".
       Using "MakeDir" task from assembly "Microsoft.Build.Tasks.Core, Version=15.1.0.0, Culture=neutral, PublicKeyToken=b03f5f7f11d50a3a".
       Task "MakeDir"
       Done executing task "MakeDir".
   1:7>Done building target "PrepareForBuild" in project "MoneyTrackerApp.csproj".
   1:7>Target "GenerateGlobalUsings" in file "C:\Program Files\dotnet\sdk\8.0.416\Sdks\Microsoft.NET.Sdk\targets\Microsoft.NET.GenerateGlobalUsings.targets" from project "F:\OJT-Review\MoneyTrackerApp\Expense-Manager\MoneyTrackerApp\MoneyTrackerApp\MoneyTrackerApp.csproj" (target "CoreBuild" depends on it):
       Using "GenerateGlobalUsings" task from assembly "C:\Program Files\dotnet\sdk\8.0.416\Sdks\Microsoft.NET.Sdk\targets\..\tools\net8.0\Microsoft.NET.Build.Tasks.dll".
       Task "GenerateGlobalUsings"
       Done executing task "GenerateGlobalUsings".
       Using "WriteLinesToFile" task from assembly "Microsoft.Build.Tasks.Core, Version=15.1.0.0, Culture=neutral, PublicKeyToken=b03f5f7f11d50a3a".
       Task "WriteLinesToFile"
         Skipping write to file "obj\Debug\net8.0\MoneyTrackerApp.GlobalUsings.g.cs" because content would not change.
       Done executing task "WriteLinesToFile".
   1:7>Done building target "GenerateGlobalUsings" in project "MoneyTrackerApp.csproj".
       Target "PreBuildEvent" skipped, due to false condition; ('$(PreBuildEvent)'!='') was evaluated as (''!='').
   1:7>Target "BeforeResolveReferences" in file "C:\Program Files\dotnet\sdk\8.0.416\Microsoft.Common.CurrentVersion.targets" from project "F:\OJT-Review\MoneyTrackerApp\Expense-Manager\MoneyTrackerApp\MoneyTrackerApp\MoneyTrackerApp.csproj" (target "ResolveReferences" depends on it):
   1:7>Done building target "BeforeResolveReferences" in project "MoneyTrackerApp.csproj".
       Target "AssignProjectConfiguration" skipped, due to false condition; ('$(CurrentSolutionConfigurationContents)' != '' or '@(ProjectReference)'!='') was evaluated as ('' != '' or ''!='').
   1:7>Target "IgnoreJavaScriptOutputAssembly" in file "C:\Program Files\dotnet\sdk\8.0.416\Microsoft.Common.CurrentVersion.targets" from project "F:\OJT-Review\MoneyTrackerApp\Expense-Manager\MoneyTrackerApp\MoneyTrackerApp\MoneyTrackerApp.csproj" (target "AssignProjectConfiguration" depends on it):
   1:7>Done building target "IgnoreJavaScriptOutputAssembly" in project "MoneyTrackerApp.csproj".
       Target "ProcessFrameworkReferences" skipped. Previously built successfully.
   1:7>Target "_DefaultMicrosoftNETPlatformLibrary" in file "C:\Program Files\dotnet\sdk\8.0.416\Sdks\Microsoft.NET.Sdk\targets\Microsoft.NET.Sdk.Shared.targets" from project "F:\OJT-Review\MoneyTrackerApp\Expense-Manager\MoneyTrackerApp\MoneyTrackerApp\MoneyTrackerApp.csproj" (target "ResolvePackageAssets" depends on it):
   1:7>Done building target "_DefaultMicrosoftNETPlatformLibrary" in project "MoneyTrackerApp.csproj".
   1:7>Target "_ComputePackageReferencePublish" in file "C:\Program Files\dotnet\sdk\8.0.416\Sdks\Microsoft.NET.Sdk\targets\Microsoft.NET.Sdk.Shared.targets" from project "F:\OJT-Review\MoneyTrackerApp\Expense-Manager\MoneyTrackerApp\MoneyTrackerApp\MoneyTrackerApp.csproj" (target "ResolvePackageAssets" depends on it):
   1:7>Done building target "_ComputePackageReferencePublish" in project "MoneyTrackerApp.csproj".
       Target "_ResolveCompilerVersion" skipped, due to false condition; ('$(CompilerApiVersion)' == '' And
                            ('$(Language)' == 'C#' Or '$(Language)' == 'VB') And
                            Exists('$(RoslynTargetsPath)\Microsoft.Build.Tasks.CodeAnalysis.dll')) was evaluated as ('roslyn4.11' == '' And
                            ('C#' == 'C#' Or 'C#' == 'VB') And
                            Exists('C:\Program Files\dotnet\sdk\8.0.416\Roslyn\Microsoft.Build.Tasks.CodeAnalysis.dll')).
   1:7>Target "ResolvePackageAssets" in file "C:\Program Files\dotnet\sdk\8.0.416\Sdks\Microsoft.NET.Sdk\targets\Microsoft.PackageDependencyResolution.targets" from project "F:\OJT-Review\MoneyTrackerApp\Expense-Manager\MoneyTrackerApp\MoneyTrackerApp\MoneyTrackerApp.csproj" (target "ResolveLockFileReferences" depends on it):
       Using "ResolvePackageAssets" task from assembly "C:\Program Files\dotnet\sdk\8.0.416\Sdks\Microsoft.NET.Sdk\targets\..\tools\net8.0\Microsoft.NET.Build.Tasks.dll".
       Task "ResolvePackageAssets"
   1:7>F:\OJT-Review\MoneyTrackerApp\Expense-Manager\MoneyTrackerApp\MoneyTrackerApp\MoneyTrackerApp.csproj : warning NU1903: Package 'SixLabors.ImageSharp' 3.1.6 has a known high severity vulnerability, https://github.com/advisories/GHSA-2cmq-823j-5qj8
   1:7>F:\OJT-Review\MoneyTrackerApp\Expense-Manager\MoneyTrackerApp\MoneyTrackerApp\MoneyTrackerApp.csproj : warning NU1902: Package 'SixLabors.ImageSharp' 3.1.6 has a known moderate severity vulnerability, https://github.com/advisories/GHSA-rxmq-m78w-7wmc
       Done executing task "ResolvePackageAssets".
   1:7>Done building target "ResolvePackageAssets" in project "MoneyTrackerApp.csproj".
       Target "AdjustDefaultPlatformTargetForNetFrameworkExeWithNoNativeCopyLocalItems" skipped, due to false condition; ('$(_UsingDefaultPlatformTarget)' == 'true' and
                            '$(_UsingDefaultRuntimeIdentifier)' == 'true') was evaluated as ('true' == 'true' and
                            '' == 'true').
   1:7>Target "_CheckForTransitiveWindowsDesktopDependencies" in file "C:\Program Files\dotnet\sdk\8.0.416\Sdks\Microsoft.NET.Sdk\targets\Microsoft.NET.Sdk.DefaultItems.Shared.targets" from project "F:\OJT-Review\MoneyTrackerApp\Expense-Manager\MoneyTrackerApp\MoneyTrackerApp\MoneyTrackerApp.csproj" (target "ResolveLockFileReferences" depends on it):
       Task "NetSdkError" skipped, due to false condition; ('@(_WindowsDesktopTransitiveFrameworkReference)' != '') was evaluated as ('' != '').
   1:7>Done building target "_CheckForTransitiveWindowsDesktopDependencies" in project "MoneyTrackerApp.csproj".
   1:7>Target "AddTransitiveFrameworkReferences" in file "C:\Program Files\dotnet\sdk\8.0.416\Sdks\Microsoft.NET.Sdk\targets\Microsoft.NET.Sdk.FrameworkReferenceResolution.targets" from project "F:\OJT-Review\MoneyTrackerApp\Expense-Manager\MoneyTrackerApp\MoneyTrackerApp\MoneyTrackerApp.csproj" (target "ResolveLockFileReferences" depends on it):
   1:7>Done building target "AddTransitiveFrameworkReferences" in project "MoneyTrackerApp.csproj".
   1:7>Target "ResolveLockFileReferences" in file "C:\Program Files\dotnet\sdk\8.0.416\Sdks\Microsoft.NET.Sdk\targets\Microsoft.PackageDependencyResolution.targets" from project "F:\OJT-Review\MoneyTrackerApp\Expense-Manager\MoneyTrackerApp\MoneyTrackerApp\MoneyTrackerApp.csproj" (target "ResolvePackageDependenciesForBuild" depends on it):
       Using "JoinItems" task from assembly "C:\Program Files\dotnet\sdk\8.0.416\Sdks\Microsoft.NET.Sdk\targets\..\tools\net8.0\Microsoft.NET.Build.Tasks.dll".
       Task "JoinItems"
       Done executing task "JoinItems".
   1:7>Done building target "ResolveLockFileReferences" in project "MoneyTrackerApp.csproj".
       Target "ResolvePackageAssets" skipped. Previously built successfully.
   1:7>Target "ResolveLockFileAnalyzers" in file "C:\Program Files\dotnet\sdk\8.0.416\Sdks\Microsoft.NET.Sdk\targets\Microsoft.PackageDependencyResolution.targets" from project "F:\OJT-Review\MoneyTrackerApp\Expense-Manager\MoneyTrackerApp\MoneyTrackerApp\MoneyTrackerApp.csproj" (target "ResolvePackageDependenciesForBuild" depends on it):
   1:7>Done building target "ResolveLockFileAnalyzers" in project "MoneyTrackerApp.csproj".
       Target "ResolvePackageAssets" skipped. Previously built successfully.
       Target "RunProduceContentAssets" skipped, due to false condition; ('@(_ContentFilesToPreprocess)' != '' and '$(_CleaningWithoutRebuilding)' != 'true') was evaluated as ('' != '' and '' != 'true').
   1:7>Target "ResolveLockFileCopyLocalFiles" in file "C:\Program Files\dotnet\sdk\8.0.416\Sdks\Microsoft.NET.Sdk\targets\Microsoft.PackageDependencyResolution.targets" from project "F:\OJT-Review\MoneyTrackerApp\Expense-Manager\MoneyTrackerApp\MoneyTrackerApp\MoneyTrackerApp.csproj" (target "ResolvePackageDependenciesForBuild" depends on it):
   1:7>Done building target "ResolveLockFileCopyLocalFiles" in project "MoneyTrackerApp.csproj".
       Target "ResolveRuntimePackAssets" skipped, due to false condition; ('@(RuntimePack)' != '') was evaluated as ('' != '').
       Target "RunProduceContentAssets" skipped, due to false condition; ('@(_ContentFilesToPreprocess)' != '' and '$(_CleaningWithoutRebuilding)' != 'true') was evaluated as ('' != '' and '' != 'true').
       Target "ResolvePackageAssets" skipped. Previously built successfully.
   1:7>Target "IncludeTransitiveProjectReferences" in file "C:\Program Files\dotnet\sdk\8.0.416\Sdks\Microsoft.NET.Sdk\targets\Microsoft.PackageDependencyResolution.targets" from project "F:\OJT-Review\MoneyTrackerApp\Expense-Manager\MoneyTrackerApp\MoneyTrackerApp\MoneyTrackerApp.csproj" (target "ResolvePackageDependenciesForBuild" depends on it):
   1:7>Done building target "IncludeTransitiveProjectReferences" in project "MoneyTrackerApp.csproj".
   1:7>Target "ResolvePackageDependenciesForBuild" in file "C:\Program Files\dotnet\sdk\8.0.416\Sdks\Microsoft.NET.Sdk\targets\Microsoft.PackageDependencyResolution.targets" from project "F:\OJT-Review\MoneyTrackerApp\Expense-Manager\MoneyTrackerApp\MoneyTrackerApp\MoneyTrackerApp.csproj" (target "AssignProjectConfiguration" depends on it):
   1:7>Done building target "ResolvePackageDependenciesForBuild" in project "MoneyTrackerApp.csproj".
       Target "_System_Text_JsonAnalyzerMultiTargeting" skipped, due to false condition; ('$(SupportsRoslynComponentVersioning)' != 'true') was evaluated as ('true' != 'true').
       Target "_System_Text_JsonRemoveAnalyzers" skipped, due to false condition; ('$(DisableSystemTextJsonSourceGenerator)' == 'true') was evaluated as ('' == 'true').
       Target "_Microsoft_Extensions_OptionsAnalyzerMultiTargeting" skipped, due to false condition; ('$(SupportsRoslynComponentVersioning)' != 'true') was evaluated as ('true' != 'true').
       Target "_Microsoft_Extensions_OptionsRemoveAnalyzers" skipped, due to false condition; ('$(DisableMicrosoftExtensionsOptionsSourceGenerator)' == 'true') was evaluated as ('' == 'true').
       Target "_Microsoft_Extensions_Logging_AbstractionsAnalyzerMultiTargeting" skipped, due to false condition; ('$(SupportsRoslynComponentVersioning)' != 'true') was evaluated as ('true' != 'true').
       Target "_Microsoft_Extensions_Logging_AbstractionsRemoveAnalyzers" skipped, due to false condition; ('$(DisableMicrosoftExtensionsLoggingSourceGenerator)' == 'true') was evaluated as ('' == 'true').
       Target "AssignProjectConfiguration" skipped, due to false condition; ('$(CurrentSolutionConfigurationContents)' != '' or '@(ProjectReference)'!='') was evaluated as ('' != '' or ''!='').
   1:7>Target "_SplitProjectReferencesByFileExistence" in file "C:\Program Files\dotnet\sdk\8.0.416\Microsoft.Common.CurrentVersion.targets" from project "F:\OJT-Review\MoneyTrackerApp\Expense-Manager\MoneyTrackerApp\MoneyTrackerApp\MoneyTrackerApp.csproj" (target "PrepareProjectReferences" depends on it):
       Task "ResolveNonMSBuildProjectOutput" skipped, due to false condition; ('$(BuildingInsideVisualStudio)'=='true' and '@(ProjectReferenceWithConfiguration)'!='') was evaluated as (''=='true' and ''!='').
   1:7>Done building target "_SplitProjectReferencesByFileExistence" in project "MoneyTrackerApp.csproj".
   1:7>Target "_AddOutputPathToGlobalPropertiesToRemove" in file "C:\Program Files\dotnet\sdk\8.0.416\Microsoft.Common.CurrentVersion.targets" from project "F:\OJT-Review\MoneyTrackerApp\Expense-Manager\MoneyTrackerApp\MoneyTrackerApp\MoneyTrackerApp.csproj" (target "_GetProjectReferenceTargetFrameworkProperties" depends on it):
   1:7>Done building target "_AddOutputPathToGlobalPropertiesToRemove" in project "MoneyTrackerApp.csproj".
   1:7>Target "_GetProjectReferenceTargetFrameworkProperties" in file "C:\Program Files\dotnet\sdk\8.0.416\Microsoft.Common.CurrentVersion.targets" from project "F:\OJT-Review\MoneyTrackerApp\Expense-Manager\MoneyTrackerApp\MoneyTrackerApp\MoneyTrackerApp.csproj" (target "PrepareProjectReferences" depends on it):
       Task "MSBuild"
       Done executing task "MSBuild".
       Task "MSBuild" skipped, due to false condition; ('%(_MSBuildProjectReferenceExistent.SkipGetTargetFrameworkProperties)' != 'true' and '$(EnableDynamicPlatformResolution)' == 'true') was evaluated as ('' != 'true' and '' == 'true').
       Task "GetReferenceNearestTargetFrameworkTask" skipped, due to false condition; ('@(_ProjectReferenceTargetFrameworkPossibilities)' != '' and '$(ReferringTargetFrameworkForProjectReferences)' != ''
                                                               And '$(GetReferenceNearestTargetFrameworkTaskSupportsTargetPlatformParameter)' == 'true' and '%(_ProjectReferenceTargetFrameworkPossibilities.IsVcxOrNativeProj)' != 'true') was evaluated as ('' != '' and '.NETCoreApp,Version=v8.0' != ''
                                                               And 'true' == 'true' and '' != 'true').
       Task "GetReferenceNearestTargetFrameworkTask" skipped, due to false condition; ('@(_ProjectReferenceTargetFrameworkPossibilities)' != '' and '$(ReferringTargetFrameworkForProjectReferences)' != ''
                                                               And '$(GetReferenceNearestTargetFrameworkTaskSupportsTargetPlatformParameter)' != 'true' and '%(_ProjectReferenceTargetFrameworkPossibilities.IsVcxOrNativeProj)' != 'true') was evaluated as ('' != '' and '.NETCoreApp,Version=v8.0' != ''
                                                               And 'true' != 'true' and '' != 'true').
       Using "SetRidAgnosticValueForProjects" task from assembly "Microsoft.Build.Tasks.Core, Version=15.1.0.0, Culture=neutral, PublicKeyToken=b03f5f7f11d50a3a".
       Task "SetRidAgnosticValueForProjects"
       Done executing task "SetRidAgnosticValueForProjects".
   1:7>Done building target "_GetProjectReferenceTargetFrameworkProperties" in project "MoneyTrackerApp.csproj".
   1:7>Target "ValidateExecutableReferences" in file "C:\Program Files\dotnet\sdk\8.0.416\Sdks\Microsoft.NET.Sdk\targets\Microsoft.NET.Sdk.targets" from project "F:\OJT-Review\MoneyTrackerApp\Expense-Manager\MoneyTrackerApp\MoneyTrackerApp\MoneyTrackerApp.csproj" (target "PrepareProjectReferences" depends on it):
       Using "ValidateExecutableReferences" task from assembly "C:\Program Files\dotnet\sdk\8.0.416\Sdks\Microsoft.NET.Sdk\targets\..\tools\net8.0\Microsoft.NET.Build.Tasks.dll".
       Task "ValidateExecutableReferences"
       Done executing task "ValidateExecutableReferences".
   1:7>Done building target "ValidateExecutableReferences" in project "MoneyTrackerApp.csproj".
       Target "_GetProjectReferencePlatformProperties" skipped, due to false condition; ('$(EnableDynamicPlatformResolution)' == 'true'
                            and '@(_MSBuildProjectReferenceExistent)' != '') was evaluated as ('' == 'true'
                            and '' != '').
   1:7>Target "PrepareProjectReferences" in file "C:\Program Files\dotnet\sdk\8.0.416\Microsoft.Common.CurrentVersion.targets" from project "F:\OJT-Review\MoneyTrackerApp\Expense-Manager\MoneyTrackerApp\MoneyTrackerApp\MoneyTrackerApp.csproj" (target "ResolveProjectReferences" depends on it):
   1:7>Done building target "PrepareProjectReferences" in project "MoneyTrackerApp.csproj".
   1:7>Target "ResolveProjectReferences" in file "C:\Program Files\dotnet\sdk\8.0.416\Microsoft.Common.CurrentVersion.targets" from project "F:\OJT-Review\MoneyTrackerApp\Expense-Manager\MoneyTrackerApp\MoneyTrackerApp\MoneyTrackerApp.csproj" (target "ResolveReferences" depends on it):
       Task "MSBuild" skipped, due to false condition; ('%(_MSBuildProjectReferenceExistent.BuildReference)' == 'true' and '@(ProjectReferenceWithConfiguration)' != '' and ('$(BuildingInsideVisualStudio)' == 'true' or '$(BuildProjectReferences)' != 'true') and '$(VisualStudioVersion)' != '10.0' and '@(_MSBuildProjectReferenceExistent)' != '') was evaluated as ('' == 'true' and '' != '' and ('' == 'true' or 'true' != 'true') and '17.0' != '10.0' and '' != '').
       Task "MSBuild" skipped, due to false condition; ('%(_MSBuildProjectReferenceExistent.BuildReference)' == 'true' and '@(ProjectReferenceWithConfiguration)' != '' and '$(BuildingInsideVisualStudio)' != 'true' and '$(BuildProjectReferences)' == 'true' and '@(_MSBuildProjectReferenceExistent)' != '') was evaluated as ('' == 'true' and '' != '' and '' != 'true' and 'true' == 'true' and '' != '').
       Task "MSBuild" skipped, due to false condition; ('%(_MSBuildProjectReferenceExistent.BuildReference)' == 'true' and '@(ProjectReferenceWithConfiguration)' != '' and '$(BuildingProject)' == 'true' and '@(_MSBuildProjectReferenceExistent)' != '') was evaluated as ('' == 'true' and '' != '' and 'true' == 'true' and '' != '').
       Task "Warning" skipped, due to false condition; ('@(ProjectReferenceWithConfiguration)' != '' and '@(_MSBuildProjectReferenceNonexistent)' != '') was evaluated as ('' != '' and '' != '').
   1:7>Done building target "ResolveProjectReferences" in project "MoneyTrackerApp.csproj".
       Target "FindInvalidProjectReferences" skipped, due to false condition; ('$(FindInvalidProjectReferences)' == 'true') was evaluated as ('' == 'true').
       Target "ResolveNativeReferences" skipped, due to false condition; ('@(NativeReference)'!='') was evaluated as (''!='').
       Target "ResolveProjectReferences" skipped. Previously built successfully.
       Target "FindInvalidProjectReferences" skipped, due to false condition; ('$(FindInvalidProjectReferences)' == 'true') was evaluated as ('' == 'true').
       Target "GetFrameworkPaths" skipped. Previously built successfully.
       Target "GetReferenceAssemblyPaths" skipped. Previously built successfully.
       Target "PrepareForBuild" skipped. Previously built successfully.
       Target "GetInstalledSDKLocations" skipped, due to false condition; ('@(SDKReference)' != '') was evaluated as ('' != '').
   1:7>Target "ResolveSDKReferences" in file "C:\Program Files\dotnet\sdk\8.0.416\Microsoft.Common.CurrentVersion.targets" from project "F:\OJT-Review\MoneyTrackerApp\Expense-Manager\MoneyTrackerApp\MoneyTrackerApp\MoneyTrackerApp.csproj" (target "ResolveAssemblyReferences" depends on it):
       Task "ResolveSDKReference" skipped, due to false condition; ('@(SDKReference)'!='') was evaluated as (''!='').
   1:7>Done building target "ResolveSDKReferences" in project "MoneyTrackerApp.csproj".
       Target "ResolveSDKReferences" skipped. Previously built successfully.
   1:7>Target "ExpandSDKReferences" in file "C:\Program Files\dotnet\sdk\8.0.416\Microsoft.Common.CurrentVersion.targets" from project "F:\OJT-Review\MoneyTrackerApp\Expense-Manager\MoneyTrackerApp\MoneyTrackerApp\MoneyTrackerApp.csproj" (target "ResolveAssemblyReferences" depends on it):
       Task "GetSDKReferenceFiles" skipped, due to false condition; ('@(ResolvedSDKReference)'!='') was evaluated as (''!='').
   1:7>Done building target "ExpandSDKReferences" in project "MoneyTrackerApp.csproj".
       Target "ResolvePackageDependenciesForBuild" skipped. Previously built successfully.
       Target "GetFrameworkPaths" skipped. Previously built successfully.
       Target "GetReferenceAssemblyPaths" skipped. Previously built successfully.
       Target "ProcessFrameworkReferences" skipped. Previously built successfully.
       Target "ResolvePackageAssets" skipped. Previously built successfully.
   1:7>Target "ResolveFrameworkReferences" in file "C:\Program Files\dotnet\sdk\8.0.416\Sdks\Microsoft.NET.Sdk\targets\Microsoft.NET.Sdk.FrameworkReferenceResolution.targets" from project "F:\OJT-Review\MoneyTrackerApp\Expense-Manager\MoneyTrackerApp\MoneyTrackerApp\MoneyTrackerApp.csproj" (target "ResolveTargetingPackAssets" depends on it):
       Using "GetPackageDirectory" task from assembly "C:\Program Files\dotnet\sdk\8.0.416\Sdks\Microsoft.NET.Sdk\targets\..\tools\net8.0\Microsoft.NET.Build.Tasks.dll".
       Task "GetPackageDirectory"
       Done executing task "GetPackageDirectory".
       Task "GetPackageDirectory"
       Done executing task "GetPackageDirectory".
       Task "GetPackageDirectory"
       Done executing task "GetPackageDirectory".
       Task "GetPackageDirectory"
       Done executing task "GetPackageDirectory".
       Task "GetPackageDirectory"
       Done executing task "GetPackageDirectory".
       Task "GetPackageDirectory"
       Done executing task "GetPackageDirectory".
       Task "GetPackageDirectory"
       Done executing task "GetPackageDirectory".
       Task "GetPackageDirectory"
       Done executing task "GetPackageDirectory".
       Task "GetPackageDirectory"
       Done executing task "GetPackageDirectory".
       Task "GetPackageDirectory"
       Done executing task "GetPackageDirectory".
       Using "ResolveFrameworkReferences" task from assembly "C:\Program Files\dotnet\sdk\8.0.416\Sdks\Microsoft.NET.Sdk\targets\..\tools\net8.0\Microsoft.NET.Build.Tasks.dll".
       Task "ResolveFrameworkReferences"
       Done executing task "ResolveFrameworkReferences".
   1:7>Done building target "ResolveFrameworkReferences" in project "MoneyTrackerApp.csproj".
   1:7>Target "ResolveTargetingPackAssets" in file "C:\Program Files\dotnet\sdk\8.0.416\Sdks\Microsoft.NET.Sdk\targets\Microsoft.NET.Sdk.FrameworkReferenceResolution.targets" from project "F:\OJT-Review\MoneyTrackerApp\Expense-Manager\MoneyTrackerApp\MoneyTrackerApp\MoneyTrackerApp.csproj" (target "_HandlePackageFileConflicts" depends on it):
       Using "ResolveTargetingPackAssets" task from assembly "C:\Program Files\dotnet\sdk\8.0.416\Sdks\Microsoft.NET.Sdk\targets\..\tools\net8.0\Microsoft.NET.Build.Tasks.dll".
       Task "ResolveTargetingPackAssets"
       Done executing task "ResolveTargetingPackAssets".
   1:7>Done building target "ResolveTargetingPackAssets" in project "MoneyTrackerApp.csproj".
   1:7>Target "ResolveOffByDefaultAnalyzers" in file "C:\Program Files\dotnet\sdk\8.0.416\Sdks\Microsoft.NET.Sdk\targets\Microsoft.NET.Sdk.FrameworkReferenceResolution.targets" from project "F:\OJT-Review\MoneyTrackerApp\Expense-Manager\MoneyTrackerApp\MoneyTrackerApp\MoneyTrackerApp.csproj" (target "_HandlePackageFileConflicts" depends on it):
   1:7>Done building target "ResolveOffByDefaultAnalyzers" in project "MoneyTrackerApp.csproj".
   1:7>Target "_HandlePackageFileConflicts" in file "C:\Program Files\dotnet\sdk\8.0.416\Sdks\Microsoft.NET.Sdk\targets\Microsoft.NET.ConflictResolution.targets" from project "F:\OJT-Review\MoneyTrackerApp\Expense-Manager\MoneyTrackerApp\MoneyTrackerApp\MoneyTrackerApp.csproj" (target "ResolveAssemblyReferences" depends on it):
       Using "ResolvePackageFileConflicts" task from assembly "C:\Program Files\dotnet\sdk\8.0.416\Sdks\Microsoft.NET.Sdk\targets\..\tools\net8.0\Microsoft.NET.Build.Tasks.dll".
       Task "ResolvePackageFileConflicts"
         Encountered conflict between 'Reference:C:\Users\MY PC\.nuget\packages\system.diagnostics.diagnosticsource\6.0.1\lib\net6.0\System.Diagnostics.DiagnosticSource.dll' and 'Reference:C:\Program Files\dotnet\packs\Microsoft.NETCore.App.Ref\8.0.22\ref/net8.0/System.Diagnostics.DiagnosticSource.dll'. Choosing 'Reference:C:\Program Files\dotnet\packs\Microsoft.NETCore.App.Ref\8.0.22\ref/net8.0/System.Diagnostics.DiagnosticSource.dll' because AssemblyVersion '8.0.0.0' is greater than '6.0.0.0'.
         Encountered conflict between 'Reference:C:\Users\MY PC\.nuget\packages\system.io.filesystem.accesscontrol\5.0.0\ref\netstandard2.0\System.IO.FileSystem.AccessControl.dll' and 'Reference:C:\Program Files\dotnet\packs\Microsoft.NETCore.App.Ref\8.0.22\ref/net8.0/System.IO.FileSystem.AccessControl.dll'. Choosing 'Reference:C:\Program Files\dotnet\packs\Microsoft.NETCore.App.Ref\8.0.22\ref/net8.0/System.IO.FileSystem.AccessControl.dll' because AssemblyVersion '8.0.0.0' is greater than '5.0.0.0'.
         Encountered conflict between 'Reference:C:\Users\MY PC\.nuget\packages\system.runtime.compilerservices.unsafe\6.0.0\lib\net6.0\System.Runtime.CompilerServices.Unsafe.dll' and 'Reference:C:\Program Files\dotnet\packs\Microsoft.NETCore.App.Ref\8.0.22\ref/net8.0/System.Runtime.CompilerServices.Unsafe.dll'. Choosing 'Reference:C:\Program Files\dotnet\packs\Microsoft.NETCore.App.Ref\8.0.22\ref/net8.0/System.Runtime.CompilerServices.Unsafe.dll' because AssemblyVersion '8.0.0.0' is greater than '6.0.0.0'.
         Encountered conflict between 'Reference:C:\Users\MY PC\.nuget\packages\system.security.accesscontrol\6.0.0\lib\net6.0\System.Security.AccessControl.dll' and 'Reference:C:\Program Files\dotnet\packs\Microsoft.NETCore.App.Ref\8.0.22\ref/net8.0/System.Security.AccessControl.dll'. Choosing 'Reference:C:\Program Files\dotnet\packs\Microsoft.NETCore.App.Ref\8.0.22\ref/net8.0/System.Security.AccessControl.dll' because AssemblyVersion '8.0.0.0' is greater than '6.0.0.0'.
         Encountered conflict between 'Reference:C:\Users\MY PC\.nuget\packages\system.security.cryptography.cng\5.0.0\ref\netcoreapp3.0\System.Security.Cryptography.Cng.dll' and 'Reference:C:\Program Files\dotnet\packs\Microsoft.NETCore.App.Ref\8.0.22\ref/net8.0/System.Security.Cryptography.Cng.dll'. Choosing 'Reference:C:\Program Files\dotnet\packs\Microsoft.NETCore.App.Ref\8.0.22\ref/net8.0/System.Security.Cryptography.Cng.dll' because AssemblyVersion '8.0.0.0' is greater than '5.0.0.0'.
         Encountered conflict between 'Reference:C:\Users\MY PC\.nuget\packages\system.security.principal.windows\5.0.0\ref\netcoreapp3.0\System.Security.Principal.Windows.dll' and 'Reference:C:\Program Files\dotnet\packs\Microsoft.NETCore.App.Ref\8.0.22\ref/net8.0/System.Security.Principal.Windows.dll'. Choosing 'Reference:C:\Program Files\dotnet\packs\Microsoft.NETCore.App.Ref\8.0.22\ref/net8.0/System.Security.Principal.Windows.dll' because AssemblyVersion '8.0.0.0' is greater than '5.0.0.0'.
         Encountered conflict between 'Reference:C:\Users\MY PC\.nuget\packages\system.text.encodings.web\8.0.0\lib\net8.0\System.Text.Encodings.Web.dll' and 'Reference:C:\Program Files\dotnet\packs\Microsoft.NETCore.App.Ref\8.0.22\ref/net8.0/System.Text.Encodings.Web.dll'. Choosing 'Reference:C:\Program Files\dotnet\packs\Microsoft.NETCore.App.Ref\8.0.22\ref/net8.0/System.Text.Encodings.Web.dll' because file version '8.0.2225.52707' is greater than '8.0.23.53103'.
         Encountered conflict between 'Reference:C:\Users\MY PC\.nuget\packages\system.text.json\8.0.4\lib\net8.0\System.Text.Json.dll' and 'Reference:C:\Program Files\dotnet\packs\Microsoft.NETCore.App.Ref\8.0.22\ref/net8.0/System.Text.Json.dll'. Choosing 'Reference:C:\Program Files\dotnet\packs\Microsoft.NETCore.App.Ref\8.0.22\ref/net8.0/System.Text.Json.dll' because file version '8.0.2225.52707' is greater than '8.0.724.31311'.
         Encountered conflict between 'Analyzer:C:\Users\MY PC\.nuget\packages\system.text.json\8.0.4\analyzers\dotnet\roslyn4.4\cs\System.Text.Json.SourceGeneration.dll' and 'Analyzer:C:\Program Files\dotnet\packs\Microsoft.NETCore.App.Ref\8.0.22\analyzers/dotnet/cs/System.Text.Json.SourceGeneration.dll'. Choosing 'Analyzer:C:\Program Files\dotnet\packs\Microsoft.NETCore.App.Ref\8.0.22\analyzers/dotnet/cs/System.Text.Json.SourceGeneration.dll' because AssemblyVersion '8.0.13.2707' is greater than '8.0.10.31311'.
         Encountered conflict between 'Platform:System.Collections.Immutable.dll' and 'CopyLocal:C:\Users\MY PC\.nuget\packages\system.collections.immutable\6.0.0\lib\net6.0\System.Collections.Immutable.dll'. Choosing 'Platform:System.Collections.Immutable.dll' because AssemblyVersion '8.0.0.0' is greater than '6.0.0.0'.
         Encountered conflict between 'Platform:System.Diagnostics.DiagnosticSource.dll' and 'CopyLocal:C:\Users\MY PC\.nuget\packages\system.diagnostics.diagnosticsource\6.0.1\lib\net6.0\System.Diagnostics.DiagnosticSource.dll'. Choosing 'Platform:System.Diagnostics.DiagnosticSource.dll' because AssemblyVersion '8.0.0.0' is greater than '6.0.0.0'.
         Encountered conflict between 'Platform:System.Formats.Asn1.dll' and 'CopyLocal:C:\Users\MY PC\.nuget\packages\system.formats.asn1\5.0.0\lib\netstandard2.0\System.Formats.Asn1.dll'. Choosing 'Platform:System.Formats.Asn1.dll' because AssemblyVersion '8.0.0.0' is greater than '5.0.0.0'.
         Encountered conflict between 'Platform:System.IO.FileSystem.AccessControl.dll' and 'CopyLocal:C:\Users\MY PC\.nuget\packages\system.io.filesystem.accesscontrol\5.0.0\lib\netstandard2.0\System.IO.FileSystem.AccessControl.dll'. Choosing 'Platform:System.IO.FileSystem.AccessControl.dll' because AssemblyVersion '8.0.0.0' is greater than '5.0.0.0'.
         Encountered conflict between 'Platform:System.Reflection.Metadata.dll' and 'CopyLocal:C:\Users\MY PC\.nuget\packages\system.reflection.metadata\6.0.1\lib\net6.0\System.Reflection.Metadata.dll'. Choosing 'Platform:System.Reflection.Metadata.dll' because AssemblyVersion '8.0.0.0' is greater than '6.0.0.0'.
         Encountered conflict between 'Platform:System.Runtime.CompilerServices.Unsafe.dll' and 'CopyLocal:C:\Users\MY PC\.nuget\packages\system.runtime.compilerservices.unsafe\6.0.0\lib\net6.0\System.Runtime.CompilerServices.Unsafe.dll'. Choosing 'Platform:System.Runtime.CompilerServices.Unsafe.dll' because AssemblyVersion '8.0.0.0' is greater than '6.0.0.0'.
         Encountered conflict between 'Platform:System.Security.AccessControl.dll' and 'CopyLocal:C:\Users\MY PC\.nuget\packages\system.security.accesscontrol\6.0.0\lib\net6.0\System.Security.AccessControl.dll'. Choosing 'Platform:System.Security.AccessControl.dll' because AssemblyVersion '8.0.0.0' is greater than '6.0.0.0'.
         Encountered conflict between 'Platform:System.Security.Cryptography.Cng.dll' and 'CopyLocal:C:\Users\MY PC\.nuget\packages\system.security.cryptography.cng\5.0.0\lib\netcoreapp3.0\System.Security.Cryptography.Cng.dll'. Choosing 'Platform:System.Security.Cryptography.Cng.dll' because AssemblyVersion '8.0.0.0' is greater than '5.0.0.0'.
         Encountered conflict between 'Platform:System.Security.Principal.Windows.dll' and 'CopyLocal:C:\Users\MY PC\.nuget\packages\system.security.principal.windows\5.0.0\lib\netstandard2.0\System.Security.Principal.Windows.dll'. Choosing 'Platform:System.Security.Principal.Windows.dll' because AssemblyVersion '8.0.0.0' is greater than '5.0.0.0'.
         Encountered conflict between 'Platform:System.Text.Encoding.CodePages.dll' and 'CopyLocal:C:\Users\MY PC\.nuget\packages\system.text.encoding.codepages\6.0.0\lib\net6.0\System.Text.Encoding.CodePages.dll'. Choosing 'Platform:System.Text.Encoding.CodePages.dll' because AssemblyVersion '8.0.0.0' is greater than '6.0.0.0'.
         Encountered conflict between 'Platform:System.Text.Encodings.Web.dll' and 'CopyLocal:C:\Users\MY PC\.nuget\packages\system.text.encodings.web\8.0.0\lib\net8.0\System.Text.Encodings.Web.dll'. Choosing 'Platform:System.Text.Encodings.Web.dll' because file version '8.0.2225.52707' is greater than '8.0.23.53103'.
         Encountered conflict between 'Platform:System.Text.Json.dll' and 'CopyLocal:C:\Users\MY PC\.nuget\packages\system.text.json\8.0.4\lib\net8.0\System.Text.Json.dll'. Choosing 'Platform:System.Text.Json.dll' because file version '8.0.2225.52707' is greater than '8.0.724.31311'.
         Encountered conflict between 'Platform:System.Threading.Channels.dll' and 'CopyLocal:C:\Users\MY PC\.nuget\packages\system.threading.channels\6.0.0\lib\net6.0\System.Threading.Channels.dll'. Choosing 'Platform:System.Threading.Channels.dll' because AssemblyVersion '8.0.0.0' is greater than '6.0.0.0'.
         Encountered conflict between 'Platform:System.IO.FileSystem.AccessControl.dll' and 'CopyLocal:C:\Users\MY PC\.nuget\packages\system.io.filesystem.accesscontrol\5.0.0\runtimes\win\lib\netstandard2.0\System.IO.FileSystem.AccessControl.dll'. Choosing 'Platform:System.IO.FileSystem.AccessControl.dll' because AssemblyVersion '8.0.0.0' is greater than '5.0.0.0'.
         Encountered conflict between 'Platform:System.Security.AccessControl.dll' and 'CopyLocal:C:\Users\MY PC\.nuget\packages\system.security.accesscontrol\6.0.0\runtimes\win\lib\net6.0\System.Security.AccessControl.dll'. Choosing 'Platform:System.Security.AccessControl.dll' because AssemblyVersion '8.0.0.0' is greater than '6.0.0.0'.
         Encountered conflict between 'Platform:System.Security.Cryptography.Cng.dll' and 'CopyLocal:C:\Users\MY PC\.nuget\packages\system.security.cryptography.cng\5.0.0\runtimes\win\lib\netcoreapp3.0\System.Security.Cryptography.Cng.dll'. Choosing 'Platform:System.Security.Cryptography.Cng.dll' because AssemblyVersion '8.0.0.0' is greater than '5.0.0.0'.
         Encountered conflict between 'Platform:System.Security.Principal.Windows.dll' and 'CopyLocal:C:\Users\MY PC\.nuget\packages\system.security.principal.windows\5.0.0\runtimes\unix\lib\netcoreapp2.1\System.Security.Principal.Windows.dll'. Choosing 'Platform:System.Security.Principal.Windows.dll' because AssemblyVersion '8.0.0.0' is greater than '5.0.0.0'.
         Encountered conflict between 'Platform:System.Security.Principal.Windows.dll' and 'CopyLocal:C:\Users\MY PC\.nuget\packages\system.security.principal.windows\5.0.0\runtimes\win\lib\netcoreapp2.1\System.Security.Principal.Windows.dll'. Choosing 'Platform:System.Security.Principal.Windows.dll' because AssemblyVersion '8.0.0.0' is greater than '5.0.0.0'.
         Encountered conflict between 'Platform:System.Text.Encoding.CodePages.dll' and 'CopyLocal:C:\Users\MY PC\.nuget\packages\system.text.encoding.codepages\6.0.0\runtimes\win\lib\net6.0\System.Text.Encoding.CodePages.dll'. Choosing 'Platform:System.Text.Encoding.CodePages.dll' because AssemblyVersion '8.0.0.0' is greater than '6.0.0.0'.
         Encountered conflict between 'Platform:System.Text.Encodings.Web.dll' and 'CopyLocal:C:\Users\MY PC\.nuget\packages\system.text.encodings.web\8.0.0\runtimes\browser\lib\net8.0\System.Text.Encodings.Web.dll'. Choosing 'Platform:System.Text.Encodings.Web.dll' because file version '8.0.2225.52707' is greater than '8.0.23.53103'.
         Encountered conflict between 'Platform:mscorlib.dll' and 'Platform:mscorlib.dll'. Could not determine winner due to equal file and assembly versions.
         Encountered conflict between 'Platform:Microsoft.VisualBasic.dll' and 'Platform:Microsoft.VisualBasic.dll'. Could not determine winner due to equal file and assembly versions.
         Encountered conflict between 'Platform:System.dll' and 'Platform:System.dll'. Could not determine winner due to equal file and assembly versions.
         Encountered conflict between 'Platform:System.ComponentModel.DataAnnotations.dll' and 'Platform:System.ComponentModel.DataAnnotations.dll'. Could not determine winner due to equal file and assembly versions.
         Encountered conflict between 'Platform:System.Configuration.dll' and 'Platform:System.Configuration.dll'. Could not determine winner due to equal file and assembly versions.
         Encountered conflict between 'Platform:System.Core.dll' and 'Platform:System.Core.dll'. Could not determine winner due to equal file and assembly versions.
         Encountered conflict between 'Platform:System.Data.dll' and 'Platform:System.Data.dll'. Could not determine winner due to equal file and assembly versions.
         Encountered conflict between 'Platform:System.Drawing.dll' and 'Platform:System.Drawing.dll'. Could not determine winner due to equal file and assembly versions.
         Encountered conflict between 'Platform:System.IO.Compression.FileSystem.dll' and 'Platform:System.IO.Compression.FileSystem.dll'. Could not determine winner due to equal file and assembly versions.
         Encountered conflict between 'Platform:System.Net.dll' and 'Platform:System.Net.dll'. Could not determine winner due to equal file and assembly versions.
         Encountered conflict between 'Platform:System.Numerics.dll' and 'Platform:System.Numerics.dll'. Could not determine winner due to equal file and assembly versions.
         Encountered conflict between 'Platform:System.Runtime.Serialization.dll' and 'Platform:System.Runtime.Serialization.dll'. Could not determine winner due to equal file and assembly versions.
         Encountered conflict between 'Platform:System.Security.dll' and 'Platform:System.Security.dll'. Could not determine winner due to equal file and assembly versions.
         Encountered conflict between 'Platform:System.ServiceProcess.dll' and 'Platform:System.ServiceProcess.dll'. Could not determine winner due to equal file and assembly versions.
         Encountered conflict between 'Platform:System.ServiceModel.Web.dll' and 'Platform:System.ServiceModel.Web.dll'. Could not determine winner due to equal file and assembly versions.
         Encountered conflict between 'Platform:System.Transactions.dll' and 'Platform:System.Transactions.dll'. Could not determine winner due to equal file and assembly versions.
         Encountered conflict between 'Platform:System.Web.dll' and 'Platform:System.Web.dll'. Could not determine winner due to equal file and assembly versions.
         Encountered conflict between 'Platform:System.Windows.dll' and 'Platform:System.Windows.dll'. Could not determine winner due to equal file and assembly versions.
         Encountered conflict between 'Platform:System.Xml.dll' and 'Platform:System.Xml.dll'. Could not determine winner due to equal file and assembly versions.
         Encountered conflict between 'Platform:System.Xml.Serialization.dll' and 'Platform:System.Xml.Serialization.dll'. Could not determine winner due to equal file and assembly versions.
         Encountered conflict between 'Platform:System.Xml.Linq.dll' and 'Platform:System.Xml.Linq.dll'. Could not determine winner due to equal file and assembly versions.
         Encountered conflict between 'Platform:WindowsBase.dll' and 'Platform:WindowsBase.dll'. Could not determine winner due to equal file and assembly versions.
         Encountered conflict between 'Platform:netstandard.dll' and 'Platform:netstandard.dll'. Could not determine winner due to equal file and assembly versions.
         Encountered conflict between 'Platform:System.Private.CoreLib.dll' and 'Platform:System.Private.CoreLib.dll'. Could not determine winner due to equal file and assembly versions.
         Encountered conflict between 'Platform:System.Private.DataContractSerialization.dll' and 'Platform:System.Private.DataContractSerialization.dll'. Could not determine winner due to equal file and assembly versions.
         Encountered conflict between 'Platform:System.Private.Uri.dll' and 'Platform:System.Private.Uri.dll'. Could not determine winner due to equal file and assembly versions.
         Encountered conflict between 'Platform:System.Private.Xml.dll' and 'Platform:System.Private.Xml.dll'. Could not determine winner due to equal file and assembly versions.
         Encountered conflict between 'Platform:System.Private.Xml.Linq.dll' and 'Platform:System.Private.Xml.Linq.dll'. Could not determine winner due to equal file and assembly versions.
         Encountered conflict between 'Platform:mscordaccore_amd64_amd64_8.0.2225.52707.dll' and 'Platform:mscordaccore_amd64_amd64_8.0.2225.52707.dll'. Could not determine winner due to equal file and assembly versions.
       Done executing task "ResolvePackageFileConflicts".
   1:7>Done building target "_HandlePackageFileConflicts" in project "MoneyTrackerApp.csproj".
       Target "ResolveTargetingPackAssets" skipped. Previously built successfully.
   1:7>Target "ResolveAssemblyReferences" in file "C:\Program Files\dotnet\sdk\8.0.416\Microsoft.Common.CurrentVersion.targets" from project "F:\OJT-Review\MoneyTrackerApp\Expense-Manager\MoneyTrackerApp\MoneyTrackerApp\MoneyTrackerApp.csproj" (target "ResolveReferences" depends on it):
       Using "ResolveAssemblyReference" task from assembly "Microsoft.Build.Tasks.Core, Version=15.1.0.0, Culture=neutral, PublicKeyToken=b03f5f7f11d50a3a".
       Task "ResolveAssemblyReference"
         TargetFrameworkMoniker:
             .NETCoreApp,Version=v8.0
         TargetFrameworkMonikerDisplayName:
             .NET 8.0
         TargetedRuntimeVersion:
             
         Assemblies:
             C:\Users\MY PC\.nuget\packages\azure.core\1.35.0\lib\net6.0\Azure.Core.dll
                 Private = 'false'
                 HintPath = 'C:\Users\MY PC\.nuget\packages\azure.core\1.35.0\lib\net6.0\Azure.Core.dll'
             C:\Users\MY PC\.nuget\packages\azure.identity\1.10.3\lib\netstandard2.0\Azure.Identity.dll
                 Private = 'false'
                 HintPath = 'C:\Users\MY PC\.nuget\packages\azure.identity\1.10.3\lib\netstandard2.0\Azure.Identity.dll'
             C:\Users\MY PC\.nuget\packages\bcrypt.net-next\4.0.3\lib\net6.0\BCrypt.Net-Next.dll
                 Private = 'false'
                 HintPath = 'C:\Users\MY PC\.nuget\packages\bcrypt.net-next\4.0.3\lib\net6.0\BCrypt.Net-Next.dll'
             C:\Users\MY PC\.nuget\packages\closedxml\0.105.0\lib\netstandard2.1\ClosedXML.dll
                 Private = 'false'
                 HintPath = 'C:\Users\MY PC\.nuget\packages\closedxml\0.105.0\lib\netstandard2.1\ClosedXML.dll'
             C:\Users\MY PC\.nuget\packages\closedxml.parser\2.0.0\lib\netstandard2.1\ClosedXML.Parser.dll
                 Private = 'false'
                 HintPath = 'C:\Users\MY PC\.nuget\packages\closedxml.parser\2.0.0\lib\netstandard2.1\ClosedXML.Parser.dll'
             C:\Users\MY PC\.nuget\packages\dapper\2.1.66\lib\net8.0\Dapper.dll
                 Private = 'false'
                 HintPath = 'C:\Users\MY PC\.nuget\packages\dapper\2.1.66\lib\net8.0\Dapper.dll'
             C:\Users\MY PC\.nuget\packages\documentformat.openxml\3.1.1\lib\net8.0\DocumentFormat.OpenXml.dll
                 Private = 'false'
                 HintPath = 'C:\Users\MY PC\.nuget\packages\documentformat.openxml\3.1.1\lib\net8.0\DocumentFormat.OpenXml.dll'
             C:\Users\MY PC\.nuget\packages\documentformat.openxml.framework\3.1.1\lib\net8.0\DocumentFormat.OpenXml.Framework.dll
                 Private = 'false'
                 HintPath = 'C:\Users\MY PC\.nuget\packages\documentformat.openxml.framework\3.1.1\lib\net8.0\DocumentFormat.OpenXml.Framework.dll'
             C:\Users\MY PC\.nuget\packages\excelnumberformat\1.1.0\lib\netstandard2.0\ExcelNumberFormat.dll
                 Private = 'false'
                 HintPath = 'C:\Users\MY PC\.nuget\packages\excelnumberformat\1.1.0\lib\netstandard2.0\ExcelNumberFormat.dll'
             C:\Users\MY PC\.nuget\packages\htmlagilitypack\1.12.4\lib\net7.0\HtmlAgilityPack.dll
                 Private = 'false'
                 HintPath = 'C:\Users\MY PC\.nuget\packages\htmlagilitypack\1.12.4\lib\net7.0\HtmlAgilityPack.dll'
             C:\Users\MY PC\.nuget\packages\microsoft.aspnetcore.authentication.google\8.0.8\lib\net8.0\Microsoft.AspNetCore.Authentication.Google.dll
                 Private = 'false'
                 HintPath = 'C:\Users\MY PC\.nuget\packages\microsoft.aspnetcore.authentication.google\8.0.8\lib\net8.0\Microsoft.AspNetCore.Authentication.Google.dll'
             C:\Users\MY PC\.nuget\packages\microsoft.aspnetcore.authentication.jwtbearer\8.0.8\lib\net8.0\Microsoft.AspNetCore.Authentication.JwtBearer.dll
                 Private = 'false'
                 HintPath = 'C:\Users\MY PC\.nuget\packages\microsoft.aspnetcore.authentication.jwtbearer\8.0.8\lib\net8.0\Microsoft.AspNetCore.Authentication.JwtBearer.dll'
             C:\Users\MY PC\.nuget\packages\microsoft.bcl.asyncinterfaces\6.0.0\lib\netstandard2.1\Microsoft.Bcl.AsyncInterfaces.dll
                 Private = 'false'
                 HintPath = 'C:\Users\MY PC\.nuget\packages\microsoft.bcl.asyncinterfaces\6.0.0\lib\netstandard2.1\Microsoft.Bcl.AsyncInterfaces.dll'
             C:\Users\MY PC\.nuget\packages\microsoft.data.sqlclient\5.1.5\ref\net6.0\Microsoft.Data.SqlClient.dll
                 Private = 'false'
                 HintPath = 'C:\Users\MY PC\.nuget\packages\microsoft.data.sqlclient\5.1.5\ref\net6.0\Microsoft.Data.SqlClient.dll'
             C:\Users\MY PC\.nuget\packages\microsoft.entityframeworkcore\8.0.8\lib\net8.0\Microsoft.EntityFrameworkCore.dll
                 Private = 'false'
                 HintPath = 'C:\Users\MY PC\.nuget\packages\microsoft.entityframeworkcore\8.0.8\lib\net8.0\Microsoft.EntityFrameworkCore.dll'
             C:\Users\MY PC\.nuget\packages\microsoft.entityframeworkcore.abstractions\8.0.8\lib\net8.0\Microsoft.EntityFrameworkCore.Abstractions.dll
                 Private = 'false'
                 HintPath = 'C:\Users\MY PC\.nuget\packages\microsoft.entityframeworkcore.abstractions\8.0.8\lib\net8.0\Microsoft.EntityFrameworkCore.Abstractions.dll'
             C:\Users\MY PC\.nuget\packages\microsoft.entityframeworkcore.inmemory\8.0.8\lib\net8.0\Microsoft.EntityFrameworkCore.InMemory.dll
                 Private = 'false'
                 HintPath = 'C:\Users\MY PC\.nuget\packages\microsoft.entityframeworkcore.inmemory\8.0.8\lib\net8.0\Microsoft.EntityFrameworkCore.InMemory.dll'
             C:\Users\MY PC\.nuget\packages\microsoft.entityframeworkcore.relational\8.0.8\lib\net8.0\Microsoft.EntityFrameworkCore.Relational.dll
                 Private = 'false'
                 HintPath = 'C:\Users\MY PC\.nuget\packages\microsoft.entityframeworkcore.relational\8.0.8\lib\net8.0\Microsoft.EntityFrameworkCore.Relational.dll'
             C:\Users\MY PC\.nuget\packages\microsoft.entityframeworkcore.sqlserver\8.0.8\lib\net8.0\Microsoft.EntityFrameworkCore.SqlServer.dll
                 Private = 'false'
                 HintPath = 'C:\Users\MY PC\.nuget\packages\microsoft.entityframeworkcore.sqlserver\8.0.8\lib\net8.0\Microsoft.EntityFrameworkCore.SqlServer.dll'
             C:\Users\MY PC\.nuget\packages\microsoft.identity.client\4.56.0\lib\net6.0\Microsoft.Identity.Client.dll
                 Private = 'false'
                 HintPath = 'C:\Users\MY PC\.nuget\packages\microsoft.identity.client\4.56.0\lib\net6.0\Microsoft.Identity.Client.dll'
             C:\Users\MY PC\.nuget\packages\microsoft.identity.client.extensions.msal\4.56.0\lib\netstandard2.0\Microsoft.Identity.Client.Extensions.Msal.dll
                 Private = 'false'
                 HintPath = 'C:\Users\MY PC\.nuget\packages\microsoft.identity.client.extensions.msal\4.56.0\lib\netstandard2.0\Microsoft.Identity.Client.Extensions.Msal.dll'
             C:\Users\MY PC\.nuget\packages\microsoft.identitymodel.abstractions\7.1.2\lib\net8.0\Microsoft.IdentityModel.Abstractions.dll
                 Private = 'false'
                 HintPath = 'C:\Users\MY PC\.nuget\packages\microsoft.identitymodel.abstractions\7.1.2\lib\net8.0\Microsoft.IdentityModel.Abstractions.dll'
             C:\Users\MY PC\.nuget\packages\microsoft.identitymodel.jsonwebtokens\7.1.2\lib\net8.0\Microsoft.IdentityModel.JsonWebTokens.dll
                 Private = 'false'
                 HintPath = 'C:\Users\MY PC\.nuget\packages\microsoft.identitymodel.jsonwebtokens\7.1.2\lib\net8.0\Microsoft.IdentityModel.JsonWebTokens.dll'
             C:\Users\MY PC\.nuget\packages\microsoft.identitymodel.logging\7.1.2\lib\net8.0\Microsoft.IdentityModel.Logging.dll
                 Private = 'false'
                 HintPath = 'C:\Users\MY PC\.nuget\packages\microsoft.identitymodel.logging\7.1.2\lib\net8.0\Microsoft.IdentityModel.Logging.dll'
             C:\Users\MY PC\.nuget\packages\microsoft.identitymodel.protocols\7.1.2\lib\net8.0\Microsoft.IdentityModel.Protocols.dll
                 Private = 'false'
                 HintPath = 'C:\Users\MY PC\.nuget\packages\microsoft.identitymodel.protocols\7.1.2\lib\net8.0\Microsoft.IdentityModel.Protocols.dll'
             C:\Users\MY PC\.nuget\packages\microsoft.identitymodel.protocols.openidconnect\7.1.2\lib\net8.0\Microsoft.IdentityModel.Protocols.OpenIdConnect.dll
                 Private = 'false'
                 HintPath = 'C:\Users\MY PC\.nuget\packages\microsoft.identitymodel.protocols.openidconnect\7.1.2\lib\net8.0\Microsoft.IdentityModel.Protocols.OpenIdConnect.dll'
             C:\Users\MY PC\.nuget\packages\microsoft.identitymodel.tokens\7.1.2\lib\net8.0\Microsoft.IdentityModel.Tokens.dll
                 Private = 'false'
                 HintPath = 'C:\Users\MY PC\.nuget\packages\microsoft.identitymodel.tokens\7.1.2\lib\net8.0\Microsoft.IdentityModel.Tokens.dll'
             C:\Users\MY PC\.nuget\packages\microsoft.sqlserver.server\1.0.0\lib\netstandard2.0\Microsoft.SqlServer.Server.dll
                 Private = 'false'
                 HintPath = 'C:\Users\MY PC\.nuget\packages\microsoft.sqlserver.server\1.0.0\lib\netstandard2.0\Microsoft.SqlServer.Server.dll'
             C:\Users\MY PC\.nuget\packages\rbush.signed\4.0.0\lib\net8.0\RBush.dll
                 Private = 'false'
                 HintPath = 'C:\Users\MY PC\.nuget\packages\rbush.signed\4.0.0\lib\net8.0\RBush.dll'
             C:\Users\MY PC\.nuget\packages\sixlabors.fonts\1.0.0\lib\netcoreapp3.1\SixLabors.Fonts.dll
                 Private = 'false'
                 HintPath = 'C:\Users\MY PC\.nuget\packages\sixlabors.fonts\1.0.0\lib\netcoreapp3.1\SixLabors.Fonts.dll'
             C:\Users\MY PC\.nuget\packages\sixlabors.imagesharp\3.1.6\lib\net6.0\SixLabors.ImageSharp.dll
                 Private = 'false'
                 HintPath = 'C:\Users\MY PC\.nuget\packages\sixlabors.imagesharp\3.1.6\lib\net6.0\SixLabors.ImageSharp.dll'
             C:\Users\MY PC\.nuget\packages\system.identitymodel.tokens.jwt\7.1.2\lib\net8.0\System.IdentityModel.Tokens.Jwt.dll
                 Private = 'false'
                 HintPath = 'C:\Users\MY PC\.nuget\packages\system.identitymodel.tokens.jwt\7.1.2\lib\net8.0\System.IdentityModel.Tokens.Jwt.dll'
             C:\Users\MY PC\.nuget\packages\system.io.packaging\8.0.1\lib\net8.0\System.IO.Packaging.dll
                 Private = 'false'
                 HintPath = 'C:\Users\MY PC\.nuget\packages\system.io.packaging\8.0.1\lib\net8.0\System.IO.Packaging.dll'
             C:\Users\MY PC\.nuget\packages\system.memory.data\1.0.2\lib\netstandard2.0\System.Memory.Data.dll
                 Private = 'false'
                 HintPath = 'C:\Users\MY PC\.nuget\packages\system.memory.data\1.0.2\lib\netstandard2.0\System.Memory.Data.dll'
             C:\Users\MY PC\.nuget\packages\system.security.cryptography.protecteddata\6.0.0\lib\net6.0\System.Security.Cryptography.ProtectedData.dll
                 Private = 'false'
                 HintPath = 'C:\Users\MY PC\.nuget\packages\system.security.cryptography.protecteddata\6.0.0\lib\net6.0\System.Security.Cryptography.ProtectedData.dll'
             C:\Program Files\dotnet\packs\Microsoft.NETCore.App.Ref\8.0.22\ref/net8.0/Microsoft.CSharp.dll
                 Private = 'false'
             C:\Program Files\dotnet\packs\Microsoft.NETCore.App.Ref\8.0.22\ref/net8.0/Microsoft.VisualBasic.Core.dll
                 Private = 'false'
             C:\Program Files\dotnet\packs\Microsoft.NETCore.App.Ref\8.0.22\ref/net8.0/Microsoft.VisualBasic.dll
                 Private = 'false'
             C:\Program Files\dotnet\packs\Microsoft.NETCore.App.Ref\8.0.22\ref/net8.0/Microsoft.Win32.Primitives.dll
                 Private = 'false'
             C:\Program Files\dotnet\packs\Microsoft.NETCore.App.Ref\8.0.22\ref/net8.0/Microsoft.Win32.Registry.dll
                 Private = 'false'
             C:\Program Files\dotnet\packs\Microsoft.NETCore.App.Ref\8.0.22\ref/net8.0/System.AppContext.dll
                 Private = 'false'
             C:\Program Files\dotnet\packs\Microsoft.NETCore.App.Ref\8.0.22\ref/net8.0/System.Buffers.dll
                 Private = 'false'
             C:\Program Files\dotnet\packs\Microsoft.NETCore.App.Ref\8.0.22\ref/net8.0/System.Collections.Concurrent.dll
                 Private = 'false'
             C:\Program Files\dotnet\packs\Microsoft.NETCore.App.Ref\8.0.22\ref/net8.0/System.Collections.Immutable.dll
                 Private = 'false'
             C:\Program Files\dotnet\packs\Microsoft.NETCore.App.Ref\8.0.22\ref/net8.0/System.Collections.NonGeneric.dll
                 Private = 'false'
             C:\Program Files\dotnet\packs\Microsoft.NETCore.App.Ref\8.0.22\ref/net8.0/System.Collections.Specialized.dll
                 Private = 'false'
             C:\Program Files\dotnet\packs\Microsoft.NETCore.App.Ref\8.0.22\ref/net8.0/System.Collections.dll
                 Private = 'false'
             C:\Program Files\dotnet\packs\Microsoft.NETCore.App.Ref\8.0.22\ref/net8.0/System.ComponentModel.Annotations.dll
                 Private = 'false'
             C:\Program Files\dotnet\packs\Microsoft.NETCore.App.Ref\8.0.22\ref/net8.0/System.ComponentModel.DataAnnotations.dll
                 Private = 'false'
             C:\Program Files\dotnet\packs\Microsoft.NETCore.App.Ref\8.0.22\ref/net8.0/System.ComponentModel.EventBasedAsync.dll
                 Private = 'false'
             C:\Program Files\dotnet\packs\Microsoft.NETCore.App.Ref\8.0.22\ref/net8.0/System.ComponentModel.Primitives.dll
                 Private = 'false'
             C:\Program Files\dotnet\packs\Microsoft.NETCore.App.Ref\8.0.22\ref/net8.0/System.ComponentModel.TypeConverter.dll
                 Private = 'false'
             C:\Program Files\dotnet\packs\Microsoft.NETCore.App.Ref\8.0.22\ref/net8.0/System.ComponentModel.dll
                 Private = 'false'
             C:\Program Files\dotnet\packs\Microsoft.NETCore.App.Ref\8.0.22\ref/net8.0/System.Configuration.dll
                 Private = 'false'
             C:\Program Files\dotnet\packs\Microsoft.NETCore.App.Ref\8.0.22\ref/net8.0/System.Console.dll
                 Private = 'false'
             C:\Program Files\dotnet\packs\Microsoft.NETCore.App.Ref\8.0.22\ref/net8.0/System.Core.dll
                 Private = 'false'
             C:\Program Files\dotnet\packs\Microsoft.NETCore.App.Ref\8.0.22\ref/net8.0/System.Data.Common.dll
                 Private = 'false'
             C:\Program Files\dotnet\packs\Microsoft.NETCore.App.Ref\8.0.22\ref/net8.0/System.Data.DataSetExtensions.dll
                 Private = 'false'
             C:\Program Files\dotnet\packs\Microsoft.NETCore.App.Ref\8.0.22\ref/net8.0/System.Data.dll
                 Private = 'false'
             C:\Program Files\dotnet\packs\Microsoft.NETCore.App.Ref\8.0.22\ref/net8.0/System.Diagnostics.Contracts.dll
                 Private = 'false'
             C:\Program Files\dotnet\packs\Microsoft.NETCore.App.Ref\8.0.22\ref/net8.0/System.Diagnostics.Debug.dll
                 Private = 'false'
             C:\Program Files\dotnet\packs\Microsoft.NETCore.App.Ref\8.0.22\ref/net8.0/System.Diagnostics.DiagnosticSource.dll
                 Private = 'false'
             C:\Program Files\dotnet\packs\Microsoft.NETCore.App.Ref\8.0.22\ref/net8.0/System.Diagnostics.FileVersionInfo.dll
                 Private = 'false'
             C:\Program Files\dotnet\packs\Microsoft.NETCore.App.Ref\8.0.22\ref/net8.0/System.Diagnostics.Process.dll
                 Private = 'false'
             C:\Program Files\dotnet\packs\Microsoft.NETCore.App.Ref\8.0.22\ref/net8.0/System.Diagnostics.StackTrace.dll
                 Private = 'false'
             C:\Program Files\dotnet\packs\Microsoft.NETCore.App.Ref\8.0.22\ref/net8.0/System.Diagnostics.TextWriterTraceListener.dll
                 Private = 'false'
             C:\Program Files\dotnet\packs\Microsoft.NETCore.App.Ref\8.0.22\ref/net8.0/System.Diagnostics.Tools.dll
                 Private = 'false'
             C:\Program Files\dotnet\packs\Microsoft.NETCore.App.Ref\8.0.22\ref/net8.0/System.Diagnostics.TraceSource.dll
                 Private = 'false'
             C:\Program Files\dotnet\packs\Microsoft.NETCore.App.Ref\8.0.22\ref/net8.0/System.Diagnostics.Tracing.dll
                 Private = 'false'
             C:\Program Files\dotnet\packs\Microsoft.NETCore.App.Ref\8.0.22\ref/net8.0/System.Drawing.Primitives.dll
                 Private = 'false'
             C:\Program Files\dotnet\packs\Microsoft.NETCore.App.Ref\8.0.22\ref/net8.0/System.Drawing.dll
                 Private = 'false'
             C:\Program Files\dotnet\packs\Microsoft.NETCore.App.Ref\8.0.22\ref/net8.0/System.Dynamic.Runtime.dll
                 Private = 'false'
             C:\Program Files\dotnet\packs\Microsoft.NETCore.App.Ref\8.0.22\ref/net8.0/System.Formats.Asn1.dll
                 Private = 'false'
             C:\Program Files\dotnet\packs\Microsoft.NETCore.App.Ref\8.0.22\ref/net8.0/System.Formats.Tar.dll
                 Private = 'false'
             C:\Program Files\dotnet\packs\Microsoft.NETCore.App.Ref\8.0.22\ref/net8.0/System.Globalization.Calendars.dll
                 Private = 'false'
             C:\Program Files\dotnet\packs\Microsoft.NETCore.App.Ref\8.0.22\ref/net8.0/System.Globalization.Extensions.dll
                 Private = 'false'
             C:\Program Files\dotnet\packs\Microsoft.NETCore.App.Ref\8.0.22\ref/net8.0/System.Globalization.dll
                 Private = 'false'
             C:\Program Files\dotnet\packs\Microsoft.NETCore.App.Ref\8.0.22\ref/net8.0/System.IO.Compression.Brotli.dll
                 Private = 'false'
             C:\Program Files\dotnet\packs\Microsoft.NETCore.App.Ref\8.0.22\ref/net8.0/System.IO.Compression.FileSystem.dll
                 Private = 'false'
             C:\Program Files\dotnet\packs\Microsoft.NETCore.App.Ref\8.0.22\ref/net8.0/System.IO.Compression.ZipFile.dll
                 Private = 'false'
             C:\Program Files\dotnet\packs\Microsoft.NETCore.App.Ref\8.0.22\ref/net8.0/System.IO.Compression.dll
                 Private = 'false'
             C:\Program Files\dotnet\packs\Microsoft.NETCore.App.Ref\8.0.22\ref/net8.0/System.IO.FileSystem.AccessControl.dll
                 Private = 'false'
             C:\Program Files\dotnet\packs\Microsoft.NETCore.App.Ref\8.0.22\ref/net8.0/System.IO.FileSystem.DriveInfo.dll
                 Private = 'false'
             C:\Program Files\dotnet\packs\Microsoft.NETCore.App.Ref\8.0.22\ref/net8.0/System.IO.FileSystem.Primitives.dll
                 Private = 'false'
             C:\Program Files\dotnet\packs\Microsoft.NETCore.App.Ref\8.0.22\ref/net8.0/System.IO.FileSystem.Watcher.dll
                 Private = 'false'
             C:\Program Files\dotnet\packs\Microsoft.NETCore.App.Ref\8.0.22\ref/net8.0/System.IO.FileSystem.dll
                 Private = 'false'
             C:\Program Files\dotnet\packs\Microsoft.NETCore.App.Ref\8.0.22\ref/net8.0/System.IO.IsolatedStorage.dll
                 Private = 'false'
             C:\Program Files\dotnet\packs\Microsoft.NETCore.App.Ref\8.0.22\ref/net8.0/System.IO.MemoryMappedFiles.dll
                 Private = 'false'
             C:\Program Files\dotnet\packs\Microsoft.NETCore.App.Ref\8.0.22\ref/net8.0/System.IO.Pipes.AccessControl.dll
                 Private = 'false'
             C:\Program Files\dotnet\packs\Microsoft.NETCore.App.Ref\8.0.22\ref/net8.0/System.IO.Pipes.dll
                 Private = 'false'
             C:\Program Files\dotnet\packs\Microsoft.NETCore.App.Ref\8.0.22\ref/net8.0/System.IO.UnmanagedMemoryStream.dll
                 Private = 'false'
             C:\Program Files\dotnet\packs\Microsoft.NETCore.App.Ref\8.0.22\ref/net8.0/System.IO.dll
                 Private = 'false'
             C:\Program Files\dotnet\packs\Microsoft.NETCore.App.Ref\8.0.22\ref/net8.0/System.Linq.Expressions.dll
                 Private = 'false'
             C:\Program Files\dotnet\packs\Microsoft.NETCore.App.Ref\8.0.22\ref/net8.0/System.Linq.Parallel.dll
                 Private = 'false'
             C:\Program Files\dotnet\packs\Microsoft.NETCore.App.Ref\8.0.22\ref/net8.0/System.Linq.Queryable.dll
                 Private = 'false'
             C:\Program Files\dotnet\packs\Microsoft.NETCore.App.Ref\8.0.22\ref/net8.0/System.Linq.dll
                 Private = 'false'
             C:\Program Files\dotnet\packs\Microsoft.NETCore.App.Ref\8.0.22\ref/net8.0/System.Memory.dll
                 Private = 'false'
             C:\Program Files\dotnet\packs\Microsoft.NETCore.App.Ref\8.0.22\ref/net8.0/System.Net.Http.Json.dll
                 Private = 'false'
             C:\Program Files\dotnet\packs\Microsoft.NETCore.App.Ref\8.0.22\ref/net8.0/System.Net.Http.dll
                 Private = 'false'
             C:\Program Files\dotnet\packs\Microsoft.NETCore.App.Ref\8.0.22\ref/net8.0/System.Net.HttpListener.dll
                 Private = 'false'
             C:\Program Files\dotnet\packs\Microsoft.NETCore.App.Ref\8.0.22\ref/net8.0/System.Net.Mail.dll
                 Private = 'false'
             C:\Program Files\dotnet\packs\Microsoft.NETCore.App.Ref\8.0.22\ref/net8.0/System.Net.NameResolution.dll
                 Private = 'false'
             C:\Program Files\dotnet\packs\Microsoft.NETCore.App.Ref\8.0.22\ref/net8.0/System.Net.NetworkInformation.dll
                 Private = 'false'
             C:\Program Files\dotnet\packs\Microsoft.NETCore.App.Ref\8.0.22\ref/net8.0/System.Net.Ping.dll
                 Private = 'false'
             C:\Program Files\dotnet\packs\Microsoft.NETCore.App.Ref\8.0.22\ref/net8.0/System.Net.Primitives.dll
                 Private = 'false'
             C:\Program Files\dotnet\packs\Microsoft.NETCore.App.Ref\8.0.22\ref/net8.0/System.Net.Quic.dll
                 Private = 'false'
             C:\Program Files\dotnet\packs\Microsoft.NETCore.App.Ref\8.0.22\ref/net8.0/System.Net.Requests.dll
                 Private = 'false'
             C:\Program Files\dotnet\packs\Microsoft.NETCore.App.Ref\8.0.22\ref/net8.0/System.Net.Security.dll
                 Private = 'false'
             C:\Program Files\dotnet\packs\Microsoft.NETCore.App.Ref\8.0.22\ref/net8.0/System.Net.ServicePoint.dll
                 Private = 'false'
             C:\Program Files\dotnet\packs\Microsoft.NETCore.App.Ref\8.0.22\ref/net8.0/System.Net.Sockets.dll
                 Private = 'false'
             C:\Program Files\dotnet\packs\Microsoft.NETCore.App.Ref\8.0.22\ref/net8.0/System.Net.WebClient.dll
                 Private = 'false'
             C:\Program Files\dotnet\packs\Microsoft.NETCore.App.Ref\8.0.22\ref/net8.0/System.Net.WebHeaderCollection.dll
                 Private = 'false'
             C:\Program Files\dotnet\packs\Microsoft.NETCore.App.Ref\8.0.22\ref/net8.0/System.Net.WebProxy.dll
                 Private = 'false'
             C:\Program Files\dotnet\packs\Microsoft.NETCore.App.Ref\8.0.22\ref/net8.0/System.Net.WebSockets.Client.dll
                 Private = 'false'
             C:\Program Files\dotnet\packs\Microsoft.NETCore.App.Ref\8.0.22\ref/net8.0/System.Net.WebSockets.dll
                 Private = 'false'
             C:\Program Files\dotnet\packs\Microsoft.NETCore.App.Ref\8.0.22\ref/net8.0/System.Net.dll
                 Private = 'false'
             C:\Program Files\dotnet\packs\Microsoft.NETCore.App.Ref\8.0.22\ref/net8.0/System.Numerics.Vectors.dll
                 Private = 'false'
             C:\Program Files\dotnet\packs\Microsoft.NETCore.App.Ref\8.0.22\ref/net8.0/System.Numerics.dll
                 Private = 'false'
             C:\Program Files\dotnet\packs\Microsoft.NETCore.App.Ref\8.0.22\ref/net8.0/System.ObjectModel.dll
                 Private = 'false'
             C:\Program Files\dotnet\packs\Microsoft.NETCore.App.Ref\8.0.22\ref/net8.0/System.Reflection.DispatchProxy.dll
                 Private = 'false'
             C:\Program Files\dotnet\packs\Microsoft.NETCore.App.Ref\8.0.22\ref/net8.0/System.Reflection.Emit.ILGeneration.dll
                 Private = 'false'
             C:\Program Files\dotnet\packs\Microsoft.NETCore.App.Ref\8.0.22\ref/net8.0/System.Reflection.Emit.Lightweight.dll
                 Private = 'false'
             C:\Program Files\dotnet\packs\Microsoft.NETCore.App.Ref\8.0.22\ref/net8.0/System.Reflection.Emit.dll
                 Private = 'false'
             C:\Program Files\dotnet\packs\Microsoft.NETCore.App.Ref\8.0.22\ref/net8.0/System.Reflection.Extensions.dll
                 Private = 'false'
             C:\Program Files\dotnet\packs\Microsoft.NETCore.App.Ref\8.0.22\ref/net8.0/System.Reflection.Metadata.dll
                 Private = 'false'
             C:\Program Files\dotnet\packs\Microsoft.NETCore.App.Ref\8.0.22\ref/net8.0/System.Reflection.Primitives.dll
                 Private = 'false'
             C:\Program Files\dotnet\packs\Microsoft.NETCore.App.Ref\8.0.22\ref/net8.0/System.Reflection.TypeExtensions.dll
                 Private = 'false'
             C:\Program Files\dotnet\packs\Microsoft.NETCore.App.Ref\8.0.22\ref/net8.0/System.Reflection.dll
                 Private = 'false'
             C:\Program Files\dotnet\packs\Microsoft.NETCore.App.Ref\8.0.22\ref/net8.0/System.Resources.Reader.dll
                 Private = 'false'
             C:\Program Files\dotnet\packs\Microsoft.NETCore.App.Ref\8.0.22\ref/net8.0/System.Resources.ResourceManager.dll
                 Private = 'false'
             C:\Program Files\dotnet\packs\Microsoft.NETCore.App.Ref\8.0.22\ref/net8.0/System.Resources.Writer.dll
                 Private = 'false'
             C:\Program Files\dotnet\packs\Microsoft.NETCore.App.Ref\8.0.22\ref/net8.0/System.Runtime.CompilerServices.Unsafe.dll
                 Private = 'false'
             C:\Program Files\dotnet\packs\Microsoft.NETCore.App.Ref\8.0.22\ref/net8.0/System.Runtime.CompilerServices.VisualC.dll
                 Private = 'false'
             C:\Program Files\dotnet\packs\Microsoft.NETCore.App.Ref\8.0.22\ref/net8.0/System.Runtime.Extensions.dll
                 Private = 'false'
             C:\Program Files\dotnet\packs\Microsoft.NETCore.App.Ref\8.0.22\ref/net8.0/System.Runtime.Handles.dll
                 Private = 'false'
             C:\Program Files\dotnet\packs\Microsoft.NETCore.App.Ref\8.0.22\ref/net8.0/System.Runtime.InteropServices.JavaScript.dll
                 Private = 'false'
             C:\Program Files\dotnet\packs\Microsoft.NETCore.App.Ref\8.0.22\ref/net8.0/System.Runtime.InteropServices.RuntimeInformation.dll
                 Private = 'false'
             C:\Program Files\dotnet\packs\Microsoft.NETCore.App.Ref\8.0.22\ref/net8.0/System.Runtime.InteropServices.dll
                 Private = 'false'
             C:\Program Files\dotnet\packs\Microsoft.NETCore.App.Ref\8.0.22\ref/net8.0/System.Runtime.Intrinsics.dll
                 Private = 'false'
             C:\Program Files\dotnet\packs\Microsoft.NETCore.App.Ref\8.0.22\ref/net8.0/System.Runtime.Loader.dll
                 Private = 'false'
             C:\Program Files\dotnet\packs\Microsoft.NETCore.App.Ref\8.0.22\ref/net8.0/System.Runtime.Numerics.dll
                 Private = 'false'
             C:\Program Files\dotnet\packs\Microsoft.NETCore.App.Ref\8.0.22\ref/net8.0/System.Runtime.Serialization.Formatters.dll
                 Private = 'false'
             C:\Program Files\dotnet\packs\Microsoft.NETCore.App.Ref\8.0.22\ref/net8.0/System.Runtime.Serialization.Json.dll
                 Private = 'false'
             C:\Program Files\dotnet\packs\Microsoft.NETCore.App.Ref\8.0.22\ref/net8.0/System.Runtime.Serialization.Primitives.dll
                 Private = 'false'
             C:\Program Files\dotnet\packs\Microsoft.NETCore.App.Ref\8.0.22\ref/net8.0/System.Runtime.Serialization.Xml.dll
                 Private = 'false'
             C:\Program Files\dotnet\packs\Microsoft.NETCore.App.Ref\8.0.22\ref/net8.0/System.Runtime.Serialization.dll
                 Private = 'false'
             C:\Program Files\dotnet\packs\Microsoft.NETCore.App.Ref\8.0.22\ref/net8.0/System.Runtime.dll
                 Private = 'false'
             C:\Program Files\dotnet\packs\Microsoft.NETCore.App.Ref\8.0.22\ref/net8.0/System.Security.AccessControl.dll
                 Private = 'false'
             C:\Program Files\dotnet\packs\Microsoft.NETCore.App.Ref\8.0.22\ref/net8.0/System.Security.Claims.dll
                 Private = 'false'
             C:\Program Files\dotnet\packs\Microsoft.NETCore.App.Ref\8.0.22\ref/net8.0/System.Security.Cryptography.Algorithms.dll
                 Private = 'false'
             C:\Program Files\dotnet\packs\Microsoft.NETCore.App.Ref\8.0.22\ref/net8.0/System.Security.Cryptography.Cng.dll
                 Private = 'false'
             C:\Program Files\dotnet\packs\Microsoft.NETCore.App.Ref\8.0.22\ref/net8.0/System.Security.Cryptography.Csp.dll
                 Private = 'false'
             C:\Program Files\dotnet\packs\Microsoft.NETCore.App.Ref\8.0.22\ref/net8.0/System.Security.Cryptography.Encoding.dll
                 Private = 'false'
             C:\Program Files\dotnet\packs\Microsoft.NETCore.App.Ref\8.0.22\ref/net8.0/System.Security.Cryptography.OpenSsl.dll
                 Private = 'false'
             C:\Program Files\dotnet\packs\Microsoft.NETCore.App.Ref\8.0.22\ref/net8.0/System.Security.Cryptography.Primitives.dll
                 Private = 'false'
             C:\Program Files\dotnet\packs\Microsoft.NETCore.App.Ref\8.0.22\ref/net8.0/System.Security.Cryptography.X509Certificates.dll
                 Private = 'false'
             C:\Program Files\dotnet\packs\Microsoft.NETCore.App.Ref\8.0.22\ref/net8.0/System.Security.Cryptography.dll
                 Private = 'false'
             C:\Program Files\dotnet\packs\Microsoft.NETCore.App.Ref\8.0.22\ref/net8.0/System.Security.Principal.Windows.dll
                 Private = 'false'
             C:\Program Files\dotnet\packs\Microsoft.NETCore.App.Ref\8.0.22\ref/net8.0/System.Security.Principal.dll
                 Private = 'false'
             C:\Program Files\dotnet\packs\Microsoft.NETCore.App.Ref\8.0.22\ref/net8.0/System.Security.SecureString.dll
                 Private = 'false'
             C:\Program Files\dotnet\packs\Microsoft.NETCore.App.Ref\8.0.22\ref/net8.0/System.Security.dll
                 Private = 'false'
             C:\Program Files\dotnet\packs\Microsoft.NETCore.App.Ref\8.0.22\ref/net8.0/System.ServiceModel.Web.dll
                 Private = 'false'
             C:\Program Files\dotnet\packs\Microsoft.NETCore.App.Ref\8.0.22\ref/net8.0/System.ServiceProcess.dll
                 Private = 'false'
             C:\Program Files\dotnet\packs\Microsoft.NETCore.App.Ref\8.0.22\ref/net8.0/System.Text.Encoding.CodePages.dll
                 Private = 'false'
             C:\Program Files\dotnet\packs\Microsoft.NETCore.App.Ref\8.0.22\ref/net8.0/System.Text.Encoding.Extensions.dll
                 Private = 'false'
             C:\Program Files\dotnet\packs\Microsoft.NETCore.App.Ref\8.0.22\ref/net8.0/System.Text.Encoding.dll
                 Private = 'false'
             C:\Program Files\dotnet\packs\Microsoft.NETCore.App.Ref\8.0.22\ref/net8.0/System.Text.Encodings.Web.dll
                 Private = 'false'
             C:\Program Files\dotnet\packs\Microsoft.NETCore.App.Ref\8.0.22\ref/net8.0/System.Text.Json.dll
                 Private = 'false'
             C:\Program Files\dotnet\packs\Microsoft.NETCore.App.Ref\8.0.22\ref/net8.0/System.Text.RegularExpressions.dll
                 Private = 'false'
             C:\Program Files\dotnet\packs\Microsoft.NETCore.App.Ref\8.0.22\ref/net8.0/System.Threading.Channels.dll
                 Private = 'false'
             C:\Program Files\dotnet\packs\Microsoft.NETCore.App.Ref\8.0.22\ref/net8.0/System.Threading.Overlapped.dll
                 Private = 'false'
             C:\Program Files\dotnet\packs\Microsoft.NETCore.App.Ref\8.0.22\ref/net8.0/System.Threading.Tasks.Dataflow.dll
                 Private = 'false'
             C:\Program Files\dotnet\packs\Microsoft.NETCore.App.Ref\8.0.22\ref/net8.0/System.Threading.Tasks.Extensions.dll
                 Private = 'false'
             C:\Program Files\dotnet\packs\Microsoft.NETCore.App.Ref\8.0.22\ref/net8.0/System.Threading.Tasks.Parallel.dll
                 Private = 'false'
             C:\Program Files\dotnet\packs\Microsoft.NETCore.App.Ref\8.0.22\ref/net8.0/System.Threading.Tasks.dll
                 Private = 'false'
             C:\Program Files\dotnet\packs\Microsoft.NETCore.App.Ref\8.0.22\ref/net8.0/System.Threading.Thread.dll
                 Private = 'false'
             C:\Program Files\dotnet\packs\Microsoft.NETCore.App.Ref\8.0.22\ref/net8.0/System.Threading.ThreadPool.dll
                 Private = 'false'
             C:\Program Files\dotnet\packs\Microsoft.NETCore.App.Ref\8.0.22\ref/net8.0/System.Threading.Timer.dll
                 Private = 'false'
             C:\Program Files\dotnet\packs\Microsoft.NETCore.App.Ref\8.0.22\ref/net8.0/System.Threading.dll
                 Private = 'false'
             C:\Program Files\dotnet\packs\Microsoft.NETCore.App.Ref\8.0.22\ref/net8.0/System.Transactions.Local.dll
                 Private = 'false'
             C:\Program Files\dotnet\packs\Microsoft.NETCore.App.Ref\8.0.22\ref/net8.0/System.Transactions.dll
                 Private = 'false'
             C:\Program Files\dotnet\packs\Microsoft.NETCore.App.Ref\8.0.22\ref/net8.0/System.ValueTuple.dll
                 Private = 'false'
             C:\Program Files\dotnet\packs\Microsoft.NETCore.App.Ref\8.0.22\ref/net8.0/System.Web.HttpUtility.dll
                 Private = 'false'
             C:\Program Files\dotnet\packs\Microsoft.NETCore.App.Ref\8.0.22\ref/net8.0/System.Web.dll
                 Private = 'false'
             C:\Program Files\dotnet\packs\Microsoft.NETCore.App.Ref\8.0.22\ref/net8.0/System.Windows.dll
                 Private = 'false'
             C:\Program Files\dotnet\packs\Microsoft.NETCore.App.Ref\8.0.22\ref/net8.0/System.Xml.Linq.dll
                 Private = 'false'
             C:\Program Files\dotnet\packs\Microsoft.NETCore.App.Ref\8.0.22\ref/net8.0/System.Xml.ReaderWriter.dll
                 Private = 'false'
             C:\Program Files\dotnet\packs\Microsoft.NETCore.App.Ref\8.0.22\ref/net8.0/System.Xml.Serialization.dll
                 Private = 'false'
             C:\Program Files\dotnet\packs\Microsoft.NETCore.App.Ref\8.0.22\ref/net8.0/System.Xml.XDocument.dll
                 Private = 'false'
             C:\Program Files\dotnet\packs\Microsoft.NETCore.App.Ref\8.0.22\ref/net8.0/System.Xml.XPath.XDocument.dll
                 Private = 'false'
             C:\Program Files\dotnet\packs\Microsoft.NETCore.App.Ref\8.0.22\ref/net8.0/System.Xml.XPath.dll
                 Private = 'false'
             C:\Program Files\dotnet\packs\Microsoft.NETCore.App.Ref\8.0.22\ref/net8.0/System.Xml.XmlDocument.dll
                 Private = 'false'
             C:\Program Files\dotnet\packs\Microsoft.NETCore.App.Ref\8.0.22\ref/net8.0/System.Xml.XmlSerializer.dll
                 Private = 'false'
             C:\Program Files\dotnet\packs\Microsoft.NETCore.App.Ref\8.0.22\ref/net8.0/System.Xml.dll
                 Private = 'false'
             C:\Program Files\dotnet\packs\Microsoft.NETCore.App.Ref\8.0.22\ref/net8.0/System.dll
                 Private = 'false'
             C:\Program Files\dotnet\packs\Microsoft.NETCore.App.Ref\8.0.22\ref/net8.0/WindowsBase.dll
                 Private = 'false'
             C:\Program Files\dotnet\packs\Microsoft.NETCore.App.Ref\8.0.22\ref/net8.0/mscorlib.dll
                 Private = 'false'
             C:\Program Files\dotnet\packs\Microsoft.NETCore.App.Ref\8.0.22\ref/net8.0/netstandard.dll
                 Private = 'false'
             C:\Program Files\dotnet\packs\Microsoft.AspNetCore.App.Ref\8.0.22\ref\net8.0\Microsoft.AspNetCore.Antiforgery.dll
                 Private = 'false'
             C:\Program Files\dotnet\packs\Microsoft.AspNetCore.App.Ref\8.0.22\ref\net8.0\Microsoft.AspNetCore.Authentication.Abstractions.dll
                 Private = 'false'
             C:\Program Files\dotnet\packs\Microsoft.AspNetCore.App.Ref\8.0.22\ref\net8.0\Microsoft.AspNetCore.Authentication.BearerToken.dll
                 Private = 'false'
             C:\Program Files\dotnet\packs\Microsoft.AspNetCore.App.Ref\8.0.22\ref\net8.0\Microsoft.AspNetCore.Authentication.Cookies.dll
                 Private = 'false'
             C:\Program Files\dotnet\packs\Microsoft.AspNetCore.App.Ref\8.0.22\ref\net8.0\Microsoft.AspNetCore.Authentication.Core.dll
                 Private = 'false'
             C:\Program Files\dotnet\packs\Microsoft.AspNetCore.App.Ref\8.0.22\ref\net8.0\Microsoft.AspNetCore.Authentication.OAuth.dll
                 Private = 'false'
             C:\Program Files\dotnet\packs\Microsoft.AspNetCore.App.Ref\8.0.22\ref\net8.0\Microsoft.AspNetCore.Authentication.dll
                 Private = 'false'
             C:\Program Files\dotnet\packs\Microsoft.AspNetCore.App.Ref\8.0.22\ref\net8.0\Microsoft.AspNetCore.Authorization.Policy.dll
                 Private = 'false'
             C:\Program Files\dotnet\packs\Microsoft.AspNetCore.App.Ref\8.0.22\ref\net8.0\Microsoft.AspNetCore.Authorization.dll
                 Private = 'false'
             C:\Program Files\dotnet\packs\Microsoft.AspNetCore.App.Ref\8.0.22\ref\net8.0\Microsoft.AspNetCore.Components.Authorization.dll
                 Private = 'false'
             C:\Program Files\dotnet\packs\Microsoft.AspNetCore.App.Ref\8.0.22\ref\net8.0\Microsoft.AspNetCore.Components.Endpoints.dll
                 Private = 'false'
             C:\Program Files\dotnet\packs\Microsoft.AspNetCore.App.Ref\8.0.22\ref\net8.0\Microsoft.AspNetCore.Components.Forms.dll
                 Private = 'false'
             C:\Program Files\dotnet\packs\Microsoft.AspNetCore.App.Ref\8.0.22\ref\net8.0\Microsoft.AspNetCore.Components.Server.dll
                 Private = 'false'
             C:\Program Files\dotnet\packs\Microsoft.AspNetCore.App.Ref\8.0.22\ref\net8.0\Microsoft.AspNetCore.Components.Web.dll
                 Private = 'false'
             C:\Program Files\dotnet\packs\Microsoft.AspNetCore.App.Ref\8.0.22\ref\net8.0\Microsoft.AspNetCore.Components.dll
                 Private = 'false'
             C:\Program Files\dotnet\packs\Microsoft.AspNetCore.App.Ref\8.0.22\ref\net8.0\Microsoft.AspNetCore.Connections.Abstractions.dll
                 Private = 'false'
             C:\Program Files\dotnet\packs\Microsoft.AspNetCore.App.Ref\8.0.22\ref\net8.0\Microsoft.AspNetCore.CookiePolicy.dll
                 Private = 'false'
             C:\Program Files\dotnet\packs\Microsoft.AspNetCore.App.Ref\8.0.22\ref\net8.0\Microsoft.AspNetCore.Cors.dll
                 Private = 'false'
             C:\Program Files\dotnet\packs\Microsoft.AspNetCore.App.Ref\8.0.22\ref\net8.0\Microsoft.AspNetCore.Cryptography.Internal.dll
                 Private = 'false'
             C:\Program Files\dotnet\packs\Microsoft.AspNetCore.App.Ref\8.0.22\ref\net8.0\Microsoft.AspNetCore.Cryptography.KeyDerivation.dll
                 Private = 'false'
             C:\Program Files\dotnet\packs\Microsoft.AspNetCore.App.Ref\8.0.22\ref\net8.0\Microsoft.AspNetCore.DataProtection.Abstractions.dll
                 Private = 'false'
             C:\Program Files\dotnet\packs\Microsoft.AspNetCore.App.Ref\8.0.22\ref\net8.0\Microsoft.AspNetCore.DataProtection.Extensions.dll
                 Private = 'false'
             C:\Program Files\dotnet\packs\Microsoft.AspNetCore.App.Ref\8.0.22\ref\net8.0\Microsoft.AspNetCore.DataProtection.dll
                 Private = 'false'
             C:\Program Files\dotnet\packs\Microsoft.AspNetCore.App.Ref\8.0.22\ref\net8.0\Microsoft.AspNetCore.Diagnostics.Abstractions.dll
                 Private = 'false'
             C:\Program Files\dotnet\packs\Microsoft.AspNetCore.App.Ref\8.0.22\ref\net8.0\Microsoft.AspNetCore.Diagnostics.HealthChecks.dll
                 Private = 'false'
             C:\Program Files\dotnet\packs\Microsoft.AspNetCore.App.Ref\8.0.22\ref\net8.0\Microsoft.AspNetCore.Diagnostics.dll
                 Private = 'false'
             C:\Program Files\dotnet\packs\Microsoft.AspNetCore.App.Ref\8.0.22\ref\net8.0\Microsoft.AspNetCore.HostFiltering.dll
                 Private = 'false'
             C:\Program Files\dotnet\packs\Microsoft.AspNetCore.App.Ref\8.0.22\ref\net8.0\Microsoft.AspNetCore.Hosting.Abstractions.dll
                 Private = 'false'
             C:\Program Files\dotnet\packs\Microsoft.AspNetCore.App.Ref\8.0.22\ref\net8.0\Microsoft.AspNetCore.Hosting.Server.Abstractions.dll
                 Private = 'false'
             C:\Program Files\dotnet\packs\Microsoft.AspNetCore.App.Ref\8.0.22\ref\net8.0\Microsoft.AspNetCore.Hosting.dll
                 Private = 'false'
             C:\Program Files\dotnet\packs\Microsoft.AspNetCore.App.Ref\8.0.22\ref\net8.0\Microsoft.AspNetCore.Html.Abstractions.dll
                 Private = 'false'
             C:\Program Files\dotnet\packs\Microsoft.AspNetCore.App.Ref\8.0.22\ref\net8.0\Microsoft.AspNetCore.Http.Abstractions.dll
                 Private = 'false'
             C:\Program Files\dotnet\packs\Microsoft.AspNetCore.App.Ref\8.0.22\ref\net8.0\Microsoft.AspNetCore.Http.Connections.Common.dll
                 Private = 'false'
             C:\Program Files\dotnet\packs\Microsoft.AspNetCore.App.Ref\8.0.22\ref\net8.0\Microsoft.AspNetCore.Http.Connections.dll
                 Private = 'false'
             C:\Program Files\dotnet\packs\Microsoft.AspNetCore.App.Ref\8.0.22\ref\net8.0\Microsoft.AspNetCore.Http.Extensions.dll
                 Private = 'false'
             C:\Program Files\dotnet\packs\Microsoft.AspNetCore.App.Ref\8.0.22\ref\net8.0\Microsoft.AspNetCore.Http.Features.dll
                 Private = 'false'
             C:\Program Files\dotnet\packs\Microsoft.AspNetCore.App.Ref\8.0.22\ref\net8.0\Microsoft.AspNetCore.Http.Results.dll
                 Private = 'false'
             C:\Program Files\dotnet\packs\Microsoft.AspNetCore.App.Ref\8.0.22\ref\net8.0\Microsoft.AspNetCore.Http.dll
                 Private = 'false'
             C:\Program Files\dotnet\packs\Microsoft.AspNetCore.App.Ref\8.0.22\ref\net8.0\Microsoft.AspNetCore.HttpLogging.dll
                 Private = 'false'
             C:\Program Files\dotnet\packs\Microsoft.AspNetCore.App.Ref\8.0.22\ref\net8.0\Microsoft.AspNetCore.HttpOverrides.dll
                 Private = 'false'
             C:\Program Files\dotnet\packs\Microsoft.AspNetCore.App.Ref\8.0.22\ref\net8.0\Microsoft.AspNetCore.HttpsPolicy.dll
                 Private = 'false'
             C:\Program Files\dotnet\packs\Microsoft.AspNetCore.App.Ref\8.0.22\ref\net8.0\Microsoft.AspNetCore.Identity.dll
                 Private = 'false'
             C:\Program Files\dotnet\packs\Microsoft.AspNetCore.App.Ref\8.0.22\ref\net8.0\Microsoft.AspNetCore.Localization.Routing.dll
                 Private = 'false'
             C:\Program Files\dotnet\packs\Microsoft.AspNetCore.App.Ref\8.0.22\ref\net8.0\Microsoft.AspNetCore.Localization.dll
                 Private = 'false'
             C:\Program Files\dotnet\packs\Microsoft.AspNetCore.App.Ref\8.0.22\ref\net8.0\Microsoft.AspNetCore.Metadata.dll
                 Private = 'false'
             C:\Program Files\dotnet\packs\Microsoft.AspNetCore.App.Ref\8.0.22\ref\net8.0\Microsoft.AspNetCore.Mvc.Abstractions.dll
                 Private = 'false'
             C:\Program Files\dotnet\packs\Microsoft.AspNetCore.App.Ref\8.0.22\ref\net8.0\Microsoft.AspNetCore.Mvc.ApiExplorer.dll
                 Private = 'false'
             C:\Program Files\dotnet\packs\Microsoft.AspNetCore.App.Ref\8.0.22\ref\net8.0\Microsoft.AspNetCore.Mvc.Core.dll
                 Private = 'false'
             C:\Program Files\dotnet\packs\Microsoft.AspNetCore.App.Ref\8.0.22\ref\net8.0\Microsoft.AspNetCore.Mvc.Cors.dll
                 Private = 'false'
             C:\Program Files\dotnet\packs\Microsoft.AspNetCore.App.Ref\8.0.22\ref\net8.0\Microsoft.AspNetCore.Mvc.DataAnnotations.dll
                 Private = 'false'
             C:\Program Files\dotnet\packs\Microsoft.AspNetCore.App.Ref\8.0.22\ref\net8.0\Microsoft.AspNetCore.Mvc.Formatters.Json.dll
                 Private = 'false'
             C:\Program Files\dotnet\packs\Microsoft.AspNetCore.App.Ref\8.0.22\ref\net8.0\Microsoft.AspNetCore.Mvc.Formatters.Xml.dll
                 Private = 'false'
             C:\Program Files\dotnet\packs\Microsoft.AspNetCore.App.Ref\8.0.22\ref\net8.0\Microsoft.AspNetCore.Mvc.Localization.dll
                 Private = 'false'
             C:\Program Files\dotnet\packs\Microsoft.AspNetCore.App.Ref\8.0.22\ref\net8.0\Microsoft.AspNetCore.Mvc.Razor.dll
                 Private = 'false'
             C:\Program Files\dotnet\packs\Microsoft.AspNetCore.App.Ref\8.0.22\ref\net8.0\Microsoft.AspNetCore.Mvc.RazorPages.dll
                 Private = 'false'
             C:\Program Files\dotnet\packs\Microsoft.AspNetCore.App.Ref\8.0.22\ref\net8.0\Microsoft.AspNetCore.Mvc.TagHelpers.dll
                 Private = 'false'
             C:\Program Files\dotnet\packs\Microsoft.AspNetCore.App.Ref\8.0.22\ref\net8.0\Microsoft.AspNetCore.Mvc.ViewFeatures.dll
                 Private = 'false'
             C:\Program Files\dotnet\packs\Microsoft.AspNetCore.App.Ref\8.0.22\ref\net8.0\Microsoft.AspNetCore.Mvc.dll
                 Private = 'false'
             C:\Program Files\dotnet\packs\Microsoft.AspNetCore.App.Ref\8.0.22\ref\net8.0\Microsoft.AspNetCore.OutputCaching.dll
                 Private = 'false'
             C:\Program Files\dotnet\packs\Microsoft.AspNetCore.App.Ref\8.0.22\ref\net8.0\Microsoft.AspNetCore.RateLimiting.dll
                 Private = 'false'
             C:\Program Files\dotnet\packs\Microsoft.AspNetCore.App.Ref\8.0.22\ref\net8.0\Microsoft.AspNetCore.Razor.Runtime.dll
                 Private = 'false'
             C:\Program Files\dotnet\packs\Microsoft.AspNetCore.App.Ref\8.0.22\ref\net8.0\Microsoft.AspNetCore.Razor.dll
                 Private = 'false'
             C:\Program Files\dotnet\packs\Microsoft.AspNetCore.App.Ref\8.0.22\ref\net8.0\Microsoft.AspNetCore.RequestDecompression.dll
                 Private = 'false'
             C:\Program Files\dotnet\packs\Microsoft.AspNetCore.App.Ref\8.0.22\ref\net8.0\Microsoft.AspNetCore.ResponseCaching.Abstractions.dll
                 Private = 'false'
             C:\Program Files\dotnet\packs\Microsoft.AspNetCore.App.Ref\8.0.22\ref\net8.0\Microsoft.AspNetCore.ResponseCaching.dll
                 Private = 'false'
             C:\Program Files\dotnet\packs\Microsoft.AspNetCore.App.Ref\8.0.22\ref\net8.0\Microsoft.AspNetCore.ResponseCompression.dll
                 Private = 'false'
             C:\Program Files\dotnet\packs\Microsoft.AspNetCore.App.Ref\8.0.22\ref\net8.0\Microsoft.AspNetCore.Rewrite.dll
                 Private = 'false'
             C:\Program Files\dotnet\packs\Microsoft.AspNetCore.App.Ref\8.0.22\ref\net8.0\Microsoft.AspNetCore.Routing.Abstractions.dll
                 Private = 'false'
             C:\Program Files\dotnet\packs\Microsoft.AspNetCore.App.Ref\8.0.22\ref\net8.0\Microsoft.AspNetCore.Routing.dll
                 Private = 'false'
             C:\Program Files\dotnet\packs\Microsoft.AspNetCore.App.Ref\8.0.22\ref\net8.0\Microsoft.AspNetCore.Server.HttpSys.dll
                 Private = 'false'
             C:\Program Files\dotnet\packs\Microsoft.AspNetCore.App.Ref\8.0.22\ref\net8.0\Microsoft.AspNetCore.Server.IIS.dll
                 Private = 'false'
             C:\Program Files\dotnet\packs\Microsoft.AspNetCore.App.Ref\8.0.22\ref\net8.0\Microsoft.AspNetCore.Server.IISIntegration.dll
                 Private = 'false'
             C:\Program Files\dotnet\packs\Microsoft.AspNetCore.App.Ref\8.0.22\ref\net8.0\Microsoft.AspNetCore.Server.Kestrel.Core.dll
                 Private = 'false'
             C:\Program Files\dotnet\packs\Microsoft.AspNetCore.App.Ref\8.0.22\ref\net8.0\Microsoft.AspNetCore.Server.Kestrel.Transport.NamedPipes.dll
                 Private = 'false'
             C:\Program Files\dotnet\packs\Microsoft.AspNetCore.App.Ref\8.0.22\ref\net8.0\Microsoft.AspNetCore.Server.Kestrel.Transport.Quic.dll
                 Private = 'false'
             C:\Program Files\dotnet\packs\Microsoft.AspNetCore.App.Ref\8.0.22\ref\net8.0\Microsoft.AspNetCore.Server.Kestrel.Transport.Sockets.dll
                 Private = 'false'
             C:\Program Files\dotnet\packs\Microsoft.AspNetCore.App.Ref\8.0.22\ref\net8.0\Microsoft.AspNetCore.Server.Kestrel.dll
                 Private = 'false'
             C:\Program Files\dotnet\packs\Microsoft.AspNetCore.App.Ref\8.0.22\ref\net8.0\Microsoft.AspNetCore.Session.dll
                 Private = 'false'
             C:\Program Files\dotnet\packs\Microsoft.AspNetCore.App.Ref\8.0.22\ref\net8.0\Microsoft.AspNetCore.SignalR.Common.dll
                 Private = 'false'
             C:\Program Files\dotnet\packs\Microsoft.AspNetCore.App.Ref\8.0.22\ref\net8.0\Microsoft.AspNetCore.SignalR.Core.dll
                 Private = 'false'
             C:\Program Files\dotnet\packs\Microsoft.AspNetCore.App.Ref\8.0.22\ref\net8.0\Microsoft.AspNetCore.SignalR.Protocols.Json.dll
                 Private = 'false'
             C:\Program Files\dotnet\packs\Microsoft.AspNetCore.App.Ref\8.0.22\ref\net8.0\Microsoft.AspNetCore.SignalR.dll
                 Private = 'false'
             C:\Program Files\dotnet\packs\Microsoft.AspNetCore.App.Ref\8.0.22\ref\net8.0\Microsoft.AspNetCore.StaticFiles.dll
                 Private = 'false'
             C:\Program Files\dotnet\packs\Microsoft.AspNetCore.App.Ref\8.0.22\ref\net8.0\Microsoft.AspNetCore.WebSockets.dll
                 Private = 'false'
             C:\Program Files\dotnet\packs\Microsoft.AspNetCore.App.Ref\8.0.22\ref\net8.0\Microsoft.AspNetCore.WebUtilities.dll
                 Private = 'false'
             C:\Program Files\dotnet\packs\Microsoft.AspNetCore.App.Ref\8.0.22\ref\net8.0\Microsoft.AspNetCore.dll
                 Private = 'false'
             C:\Program Files\dotnet\packs\Microsoft.AspNetCore.App.Ref\8.0.22\ref\net8.0\Microsoft.Extensions.Caching.Abstractions.dll
                 Private = 'false'
             C:\Program Files\dotnet\packs\Microsoft.AspNetCore.App.Ref\8.0.22\ref\net8.0\Microsoft.Extensions.Caching.Memory.dll
                 Private = 'false'
             C:\Program Files\dotnet\packs\Microsoft.AspNetCore.App.Ref\8.0.22\ref\net8.0\Microsoft.Extensions.Configuration.Abstractions.dll
                 Private = 'false'
             C:\Program Files\dotnet\packs\Microsoft.AspNetCore.App.Ref\8.0.22\ref\net8.0\Microsoft.Extensions.Configuration.Binder.dll
                 Private = 'false'
             C:\Program Files\dotnet\packs\Microsoft.AspNetCore.App.Ref\8.0.22\ref\net8.0\Microsoft.Extensions.Configuration.CommandLine.dll
                 Private = 'false'
             C:\Program Files\dotnet\packs\Microsoft.AspNetCore.App.Ref\8.0.22\ref\net8.0\Microsoft.Extensions.Configuration.EnvironmentVariables.dll
                 Private = 'false'
             C:\Program Files\dotnet\packs\Microsoft.AspNetCore.App.Ref\8.0.22\ref\net8.0\Microsoft.Extensions.Configuration.FileExtensions.dll
                 Private = 'false'
             C:\Program Files\dotnet\packs\Microsoft.AspNetCore.App.Ref\8.0.22\ref\net8.0\Microsoft.Extensions.Configuration.Ini.dll
                 Private = 'false'
             C:\Program Files\dotnet\packs\Microsoft.AspNetCore.App.Ref\8.0.22\ref\net8.0\Microsoft.Extensions.Configuration.Json.dll
                 Private = 'false'
             C:\Program Files\dotnet\packs\Microsoft.AspNetCore.App.Ref\8.0.22\ref\net8.0\Microsoft.Extensions.Configuration.KeyPerFile.dll
                 Private = 'false'
             C:\Program Files\dotnet\packs\Microsoft.AspNetCore.App.Ref\8.0.22\ref\net8.0\Microsoft.Extensions.Configuration.UserSecrets.dll
                 Private = 'false'
             C:\Program Files\dotnet\packs\Microsoft.AspNetCore.App.Ref\8.0.22\ref\net8.0\Microsoft.Extensions.Configuration.Xml.dll
                 Private = 'false'
             C:\Program Files\dotnet\packs\Microsoft.AspNetCore.App.Ref\8.0.22\ref\net8.0\Microsoft.Extensions.Configuration.dll
                 Private = 'false'
             C:\Program Files\dotnet\packs\Microsoft.AspNetCore.App.Ref\8.0.22\ref\net8.0\Microsoft.Extensions.DependencyInjection.Abstractions.dll
                 Private = 'false'
             C:\Program Files\dotnet\packs\Microsoft.AspNetCore.App.Ref\8.0.22\ref\net8.0\Microsoft.Extensions.DependencyInjection.dll
                 Private = 'false'
             C:\Program Files\dotnet\packs\Microsoft.AspNetCore.App.Ref\8.0.22\ref\net8.0\Microsoft.Extensions.Diagnostics.Abstractions.dll
                 Private = 'false'
             C:\Program Files\dotnet\packs\Microsoft.AspNetCore.App.Ref\8.0.22\ref\net8.0\Microsoft.Extensions.Diagnostics.HealthChecks.Abstractions.dll
                 Private = 'false'
             C:\Program Files\dotnet\packs\Microsoft.AspNetCore.App.Ref\8.0.22\ref\net8.0\Microsoft.Extensions.Diagnostics.HealthChecks.dll
                 Private = 'false'
             C:\Program Files\dotnet\packs\Microsoft.AspNetCore.App.Ref\8.0.22\ref\net8.0\Microsoft.Extensions.Diagnostics.dll
                 Private = 'false'
             C:\Program Files\dotnet\packs\Microsoft.AspNetCore.App.Ref\8.0.22\ref\net8.0\Microsoft.Extensions.Features.dll
                 Private = 'false'
             C:\Program Files\dotnet\packs\Microsoft.AspNetCore.App.Ref\8.0.22\ref\net8.0\Microsoft.Extensions.FileProviders.Abstractions.dll
                 Private = 'false'
             C:\Program Files\dotnet\packs\Microsoft.AspNetCore.App.Ref\8.0.22\ref\net8.0\Microsoft.Extensions.FileProviders.Composite.dll
                 Private = 'false'
             C:\Program Files\dotnet\packs\Microsoft.AspNetCore.App.Ref\8.0.22\ref\net8.0\Microsoft.Extensions.FileProviders.Embedded.dll
                 Private = 'false'
             C:\Program Files\dotnet\packs\Microsoft.AspNetCore.App.Ref\8.0.22\ref\net8.0\Microsoft.Extensions.FileProviders.Physical.dll
                 Private = 'false'
             C:\Program Files\dotnet\packs\Microsoft.AspNetCore.App.Ref\8.0.22\ref\net8.0\Microsoft.Extensions.FileSystemGlobbing.dll
                 Private = 'false'
             C:\Program Files\dotnet\packs\Microsoft.AspNetCore.App.Ref\8.0.22\ref\net8.0\Microsoft.Extensions.Hosting.Abstractions.dll
                 Private = 'false'
             C:\Program Files\dotnet\packs\Microsoft.AspNetCore.App.Ref\8.0.22\ref\net8.0\Microsoft.Extensions.Hosting.dll
                 Private = 'false'
             C:\Program Files\dotnet\packs\Microsoft.AspNetCore.App.Ref\8.0.22\ref\net8.0\Microsoft.Extensions.Http.dll
                 Private = 'false'
             C:\Program Files\dotnet\packs\Microsoft.AspNetCore.App.Ref\8.0.22\ref\net8.0\Microsoft.Extensions.Identity.Core.dll
                 Private = 'false'
             C:\Program Files\dotnet\packs\Microsoft.AspNetCore.App.Ref\8.0.22\ref\net8.0\Microsoft.Extensions.Identity.Stores.dll
                 Private = 'false'
             C:\Program Files\dotnet\packs\Microsoft.AspNetCore.App.Ref\8.0.22\ref\net8.0\Microsoft.Extensions.Localization.Abstractions.dll
                 Private = 'false'
             C:\Program Files\dotnet\packs\Microsoft.AspNetCore.App.Ref\8.0.22\ref\net8.0\Microsoft.Extensions.Localization.dll
                 Private = 'false'
             C:\Program Files\dotnet\packs\Microsoft.AspNetCore.App.Ref\8.0.22\ref\net8.0\Microsoft.Extensions.Logging.Abstractions.dll
                 Private = 'false'
             C:\Program Files\dotnet\packs\Microsoft.AspNetCore.App.Ref\8.0.22\ref\net8.0\Microsoft.Extensions.Logging.Configuration.dll
                 Private = 'false'
             C:\Program Files\dotnet\packs\Microsoft.AspNetCore.App.Ref\8.0.22\ref\net8.0\Microsoft.Extensions.Logging.Console.dll
                 Private = 'false'
             C:\Program Files\dotnet\packs\Microsoft.AspNetCore.App.Ref\8.0.22\ref\net8.0\Microsoft.Extensions.Logging.Debug.dll
                 Private = 'false'
             C:\Program Files\dotnet\packs\Microsoft.AspNetCore.App.Ref\8.0.22\ref\net8.0\Microsoft.Extensions.Logging.EventLog.dll
                 Private = 'false'
             C:\Program Files\dotnet\packs\Microsoft.AspNetCore.App.Ref\8.0.22\ref\net8.0\Microsoft.Extensions.Logging.EventSource.dll
                 Private = 'false'
             C:\Program Files\dotnet\packs\Microsoft.AspNetCore.App.Ref\8.0.22\ref\net8.0\Microsoft.Extensions.Logging.TraceSource.dll
                 Private = 'false'
             C:\Program Files\dotnet\packs\Microsoft.AspNetCore.App.Ref\8.0.22\ref\net8.0\Microsoft.Extensions.Logging.dll
                 Private = 'false'
             C:\Program Files\dotnet\packs\Microsoft.AspNetCore.App.Ref\8.0.22\ref\net8.0\Microsoft.Extensions.ObjectPool.dll
                 Private = 'false'
             C:\Program Files\dotnet\packs\Microsoft.AspNetCore.App.Ref\8.0.22\ref\net8.0\Microsoft.Extensions.Options.ConfigurationExtensions.dll
                 Private = 'false'
             C:\Program Files\dotnet\packs\Microsoft.AspNetCore.App.Ref\8.0.22\ref\net8.0\Microsoft.Extensions.Options.DataAnnotations.dll
                 Private = 'false'
             C:\Program Files\dotnet\packs\Microsoft.AspNetCore.App.Ref\8.0.22\ref\net8.0\Microsoft.Extensions.Options.dll
                 Private = 'false'
             C:\Program Files\dotnet\packs\Microsoft.AspNetCore.App.Ref\8.0.22\ref\net8.0\Microsoft.Extensions.Primitives.dll
                 Private = 'false'
             C:\Program Files\dotnet\packs\Microsoft.AspNetCore.App.Ref\8.0.22\ref\net8.0\Microsoft.Extensions.WebEncoders.dll
                 Private = 'false'
             C:\Program Files\dotnet\packs\Microsoft.AspNetCore.App.Ref\8.0.22\ref\net8.0\Microsoft.JSInterop.dll
                 Private = 'false'
             C:\Program Files\dotnet\packs\Microsoft.AspNetCore.App.Ref\8.0.22\ref\net8.0\Microsoft.Net.Http.Headers.dll
                 Private = 'false'
             C:\Program Files\dotnet\packs\Microsoft.AspNetCore.App.Ref\8.0.22\ref\net8.0\System.Diagnostics.EventLog.dll
                 Private = 'false'
             C:\Program Files\dotnet\packs\Microsoft.AspNetCore.App.Ref\8.0.22\ref\net8.0\System.IO.Pipelines.dll
                 Private = 'false'
             C:\Program Files\dotnet\packs\Microsoft.AspNetCore.App.Ref\8.0.22\ref\net8.0\System.Security.Cryptography.Xml.dll
                 Private = 'false'
             C:\Program Files\dotnet\packs\Microsoft.AspNetCore.App.Ref\8.0.22\ref\net8.0\System.Threading.RateLimiting.dll
                 Private = 'false'
         AssemblyFiles:
         CandidateAssemblyFiles:
         TargetFrameworkDirectories:
             
         InstalledAssemblyTables:
         IgnoreInstalledAssemblyTable:
             False
         SearchPaths:
             {CandidateAssemblyFiles}
             {HintPathFromItem}
             {TargetFrameworkDirectory}
             {RawFileName}
         AllowedAssemblyExtensions:
             .winmd
             .dll
             .exe
         AllowedRelatedFileExtensions:
             .pdb
             .xml
             .pri
             .dll.config
             .exe.config
         AppConfigFile:
             
         AutoUnify:
             True
         CopyLocalDependenciesWhenParentReferenceInGac:
             True
         FindDependencies:
             True
         TargetProcessorArchitecture:
             msil
         StateFile:
             obj\Debug\net8.0\MoneyTrackerApp.csproj.AssemblyReference.cache
         InstalledAssemblySubsetTables:
         IgnoreInstalledAssemblySubsetTable:
             False
         TargetFrameworkSubsets:
         FullTargetFrameworkSubsetNames:
             Full
         ProfileName:
             
         FullFrameworkFolders:
         LatestTargetFrameworkDirectories:
         ProfileTablesLocation:
         Primary reference "Azure.Core, Version=1.35.0.0, Culture=neutral, PublicKeyToken=92742159e12e44c8".
             Resolved file path is "C:\Users\MY PC\.nuget\packages\azure.core\1.35.0\lib\net6.0\Azure.Core.dll".
             Reference found at search path location "{HintPathFromItem}".
             This reference is not "CopyLocal" because at least one source item had "Private" set to "false" and no source items had "Private" set to "true".
         Primary reference "Azure.Identity, Version=1.10.3.0, Culture=neutral, PublicKeyToken=92742159e12e44c8".
             Resolved file path is "C:\Users\MY PC\.nuget\packages\azure.identity\1.10.3\lib\netstandard2.0\Azure.Identity.dll".
             Reference found at search path location "{HintPathFromItem}".
             This reference is not "CopyLocal" because at least one source item had "Private" set to "false" and no source items had "Private" set to "true".
         Primary reference "BCrypt.Net-Next, Version=4.0.3.0, Culture=neutral, PublicKeyToken=1e11be04b6288443".
             Resolved file path is "C:\Users\MY PC\.nuget\packages\bcrypt.net-next\4.0.3\lib\net6.0\BCrypt.Net-Next.dll".
             Reference found at search path location "{HintPathFromItem}".
             This reference is not "CopyLocal" because at least one source item had "Private" set to "false" and no source items had "Private" set to "true".
         Primary reference "ClosedXML, Version=0.105.0.0, Culture=neutral, PublicKeyToken=fd1eb21b62ae805b".
             Resolved file path is "C:\Users\MY PC\.nuget\packages\closedxml\0.105.0\lib\netstandard2.1\ClosedXML.dll".
             Reference found at search path location "{HintPathFromItem}".
             This reference is not "CopyLocal" because at least one source item had "Private" set to "false" and no source items had "Private" set to "true".
         Primary reference "ClosedXML.Parser, Version=1.0.0.0, Culture=neutral, PublicKeyToken=1d5f7376574c51ec".
             Resolved file path is "C:\Users\MY PC\.nuget\packages\closedxml.parser\2.0.0\lib\netstandard2.1\ClosedXML.Parser.dll".
             Reference found at search path location "{HintPathFromItem}".
             This reference is not "CopyLocal" because at least one source item had "Private" set to "false" and no source items had "Private" set to "true".
         Primary reference "Dapper, Version=2.0.0.0, Culture=neutral, PublicKeyToken=null".
             Resolved file path is "C:\Users\MY PC\.nuget\packages\dapper\2.1.66\lib\net8.0\Dapper.dll".
             Reference found at search path location "{HintPathFromItem}".
             This reference is not "CopyLocal" because at least one source item had "Private" set to "false" and no source items had "Private" set to "true".
         Primary reference "DocumentFormat.OpenXml, Version=3.1.1.0, Culture=neutral, PublicKeyToken=8fb06cb64d019a17".
             Resolved file path is "C:\Users\MY PC\.nuget\packages\documentformat.openxml\3.1.1\lib\net8.0\DocumentFormat.OpenXml.dll".
             Reference found at search path location "{HintPathFromItem}".
             This reference is not "CopyLocal" because at least one source item had "Private" set to "false" and no source items had "Private" set to "true".
         Primary reference "DocumentFormat.OpenXml.Framework, Version=3.1.1.0, Culture=neutral, PublicKeyToken=8fb06cb64d019a17".
             Resolved file path is "C:\Users\MY PC\.nuget\packages\documentformat.openxml.framework\3.1.1\lib\net8.0\DocumentFormat.OpenXml.Framework.dll".
             Reference found at search path location "{HintPathFromItem}".
             This reference is not "CopyLocal" because at least one source item had "Private" set to "false" and no source items had "Private" set to "true".
         Primary reference "ExcelNumberFormat, Version=1.1.0.0, Culture=neutral, PublicKeyToken=23c6f5d73be07eca".
             Resolved file path is "C:\Users\MY PC\.nuget\packages\excelnumberformat\1.1.0\lib\netstandard2.0\ExcelNumberFormat.dll".
             Reference found at search path location "{HintPathFromItem}".
             This reference is not "CopyLocal" because at least one source item had "Private" set to "false" and no source items had "Private" set to "true".
         Primary reference "HtmlAgilityPack, Version=1.12.4.0, Culture=neutral, PublicKeyToken=bd319b19eaf3b43a".
             Resolved file path is "C:\Users\MY PC\.nuget\packages\htmlagilitypack\1.12.4\lib\net7.0\HtmlAgilityPack.dll".
             Reference found at search path location "{HintPathFromItem}".
             This reference is not "CopyLocal" because at least one source item had "Private" set to "false" and no source items had "Private" set to "true".
         Primary reference "Microsoft.AspNetCore.Authentication.Google, Version=8.0.8.0, Culture=neutral, PublicKeyToken=adb9793829ddae60".
             Resolved file path is "C:\Users\MY PC\.nuget\packages\microsoft.aspnetcore.authentication.google\8.0.8\lib\net8.0\Microsoft.AspNetCore.Authentication.Google.dll".
             Reference found at search path location "{HintPathFromItem}".
             This reference is not "CopyLocal" because at least one source item had "Private" set to "false" and no source items had "Private" set to "true".
         Primary reference "Microsoft.AspNetCore.Authentication.JwtBearer, Version=8.0.8.0, Culture=neutral, PublicKeyToken=adb9793829ddae60".
             Resolved file path is "C:\Users\MY PC\.nuget\packages\microsoft.aspnetcore.authentication.jwtbearer\8.0.8\lib\net8.0\Microsoft.AspNetCore.Authentication.JwtBearer.dll".
             Reference found at search path location "{HintPathFromItem}".
             This reference is not "CopyLocal" because at least one source item had "Private" set to "false" and no source items had "Private" set to "true".
         Primary reference "Microsoft.Bcl.AsyncInterfaces, Version=6.0.0.0, Culture=neutral, PublicKeyToken=cc7b13ffcd2ddd51".
             Resolved file path is "C:\Users\MY PC\.nuget\packages\microsoft.bcl.asyncinterfaces\6.0.0\lib\netstandard2.1\Microsoft.Bcl.AsyncInterfaces.dll".
             Reference found at search path location "{HintPathFromItem}".
             This reference is not "CopyLocal" because at least one source item had "Private" set to "false" and no source items had "Private" set to "true".
         Primary reference "Microsoft.Data.SqlClient, Version=5.0.0.0, Culture=neutral, PublicKeyToken=23ec7fc2d6eaa4a5".
             Resolved file path is "C:\Users\MY PC\.nuget\packages\microsoft.data.sqlclient\5.1.5\ref\net6.0\Microsoft.Data.SqlClient.dll".
             Reference found at search path location "{HintPathFromItem}".
             This reference is not "CopyLocal" because at least one source item had "Private" set to "false" and no source items had "Private" set to "true".
         Primary reference "Microsoft.EntityFrameworkCore, Version=8.0.8.0, Culture=neutral, PublicKeyToken=adb9793829ddae60".
             Resolved file path is "C:\Users\MY PC\.nuget\packages\microsoft.entityframeworkcore\8.0.8\lib\net8.0\Microsoft.EntityFrameworkCore.dll".
             Reference found at search path location "{HintPathFromItem}".
             This reference is not "CopyLocal" because at least one source item had "Private" set to "false" and no source items had "Private" set to "true".
         Primary reference "Microsoft.EntityFrameworkCore.Abstractions, Version=8.0.8.0, Culture=neutral, PublicKeyToken=adb9793829ddae60".
             Resolved file path is "C:\Users\MY PC\.nuget\packages\microsoft.entityframeworkcore.abstractions\8.0.8\lib\net8.0\Microsoft.EntityFrameworkCore.Abstractions.dll".
             Reference found at search path location "{HintPathFromItem}".
             This reference is not "CopyLocal" because at least one source item had "Private" set to "false" and no source items had "Private" set to "true".
         Primary reference "Microsoft.EntityFrameworkCore.InMemory, Version=8.0.8.0, Culture=neutral, PublicKeyToken=adb9793829ddae60".
             Resolved file path is "C:\Users\MY PC\.nuget\packages\microsoft.entityframeworkcore.inmemory\8.0.8\lib\net8.0\Microsoft.EntityFrameworkCore.InMemory.dll".
             Reference found at search path location "{HintPathFromItem}".
             This reference is not "CopyLocal" because at least one source item had "Private" set to "false" and no source items had "Private" set to "true".
         Primary reference "Microsoft.EntityFrameworkCore.Relational, Version=8.0.8.0, Culture=neutral, PublicKeyToken=adb9793829ddae60".
             Resolved file path is "C:\Users\MY PC\.nuget\packages\microsoft.entityframeworkcore.relational\8.0.8\lib\net8.0\Microsoft.EntityFrameworkCore.Relational.dll".
             Reference found at search path location "{HintPathFromItem}".
             This reference is not "CopyLocal" because at least one source item had "Private" set to "false" and no source items had "Private" set to "true".
         Primary reference "Microsoft.EntityFrameworkCore.SqlServer, Version=8.0.8.0, Culture=neutral, PublicKeyToken=adb9793829ddae60".
             Resolved file path is "C:\Users\MY PC\.nuget\packages\microsoft.entityframeworkcore.sqlserver\8.0.8\lib\net8.0\Microsoft.EntityFrameworkCore.SqlServer.dll".
             Reference found at search path location "{HintPathFromItem}".
             This reference is not "CopyLocal" because at least one source item had "Private" set to "false" and no source items had "Private" set to "true".
         Primary reference "Microsoft.Identity.Client, Version=4.56.0.0, Culture=neutral, PublicKeyToken=0a613f4dd989e8ae".
             Resolved file path is "C:\Users\MY PC\.nuget\packages\microsoft.identity.client\4.56.0\lib\net6.0\Microsoft.Identity.Client.dll".
             Reference found at search path location "{HintPathFromItem}".
             This reference is not "CopyLocal" because at least one source item had "Private" set to "false" and no source items had "Private" set to "true".
         Primary reference "Microsoft.Identity.Client.Extensions.Msal, Version=4.56.0.0, Culture=neutral, PublicKeyToken=0a613f4dd989e8ae".
             Resolved file path is "C:\Users\MY PC\.nuget\packages\microsoft.identity.client.extensions.msal\4.56.0\lib\netstandard2.0\Microsoft.Identity.Client.Extensions.Msal.dll".
             Reference found at search path location "{HintPathFromItem}".
             This reference is not "CopyLocal" because at least one source item had "Private" set to "false" and no source items had "Private" set to "true".
         Primary reference "Microsoft.IdentityModel.Abstractions, Version=7.1.2.0, Culture=neutral, PublicKeyToken=31bf3856ad364e35".
             Resolved file path is "C:\Users\MY PC\.nuget\packages\microsoft.identitymodel.abstractions\7.1.2\lib\net8.0\Microsoft.IdentityModel.Abstractions.dll".
             Reference found at search path location "{HintPathFromItem}".
             This reference is not "CopyLocal" because at least one source item had "Private" set to "false" and no source items had "Private" set to "true".
         Primary reference "Microsoft.IdentityModel.JsonWebTokens, Version=7.1.2.0, Culture=neutral, PublicKeyToken=31bf3856ad364e35".
             Resolved file path is "C:\Users\MY PC\.nuget\packages\microsoft.identitymodel.jsonwebtokens\7.1.2\lib\net8.0\Microsoft.IdentityModel.JsonWebTokens.dll".
             Reference found at search path location "{HintPathFromItem}".
             This reference is not "CopyLocal" because at least one source item had "Private" set to "false" and no source items had "Private" set to "true".
         Primary reference "Microsoft.IdentityModel.Logging, Version=7.1.2.0, Culture=neutral, PublicKeyToken=31bf3856ad364e35".
             Resolved file path is "C:\Users\MY PC\.nuget\packages\microsoft.identitymodel.logging\7.1.2\lib\net8.0\Microsoft.IdentityModel.Logging.dll".
             Reference found at search path location "{HintPathFromItem}".
             This reference is not "CopyLocal" because at least one source item had "Private" set to "false" and no source items had "Private" set to "true".
         Primary reference "Microsoft.IdentityModel.Protocols, Version=7.1.2.0, Culture=neutral, PublicKeyToken=31bf3856ad364e35".
             Resolved file path is "C:\Users\MY PC\.nuget\packages\microsoft.identitymodel.protocols\7.1.2\lib\net8.0\Microsoft.IdentityModel.Protocols.dll".
             Reference found at search path location "{HintPathFromItem}".
             This reference is not "CopyLocal" because at least one source item had "Private" set to "false" and no source items had "Private" set to "true".
         Primary reference "Microsoft.IdentityModel.Protocols.OpenIdConnect, Version=7.1.2.0, Culture=neutral, PublicKeyToken=31bf3856ad364e35".
             Resolved file path is "C:\Users\MY PC\.nuget\packages\microsoft.identitymodel.protocols.openidconnect\7.1.2\lib\net8.0\Microsoft.IdentityModel.Protocols.OpenIdConnect.dll".
             Reference found at search path location "{HintPathFromItem}".
             This reference is not "CopyLocal" because at least one source item had "Private" set to "false" and no source items had "Private" set to "true".
         Primary reference "Microsoft.IdentityModel.Tokens, Version=7.1.2.0, Culture=neutral, PublicKeyToken=31bf3856ad364e35".
             Resolved file path is "C:\Users\MY PC\.nuget\packages\microsoft.identitymodel.tokens\7.1.2\lib\net8.0\Microsoft.IdentityModel.Tokens.dll".
             Reference found at search path location "{HintPathFromItem}".
             This reference is not "CopyLocal" because at least one source item had "Private" set to "false" and no source items had "Private" set to "true".
         Primary reference "Microsoft.SqlServer.Server, Version=1.0.0.0, Culture=neutral, PublicKeyToken=23ec7fc2d6eaa4a5".
             Resolved file path is "C:\Users\MY PC\.nuget\packages\microsoft.sqlserver.server\1.0.0\lib\netstandard2.0\Microsoft.SqlServer.Server.dll".
             Reference found at search path location "{HintPathFromItem}".
             This reference is not "CopyLocal" because at least one source item had "Private" set to "false" and no source items had "Private" set to "true".
         Primary reference "RBush, Version=4.0.0.0, Culture=neutral, PublicKeyToken=c77e27b81f4d0187".
             Resolved file path is "C:\Users\MY PC\.nuget\packages\rbush.signed\4.0.0\lib\net8.0\RBush.dll".
             Reference found at search path location "{HintPathFromItem}".
             This reference is not "CopyLocal" because at least one source item had "Private" set to "false" and no source items had "Private" set to "true".
         Primary reference "SixLabors.Fonts, Version=1.0.0.0, Culture=neutral, PublicKeyToken=d998eea7b14cab13".
             Resolved file path is "C:\Users\MY PC\.nuget\packages\sixlabors.fonts\1.0.0\lib\netcoreapp3.1\SixLabors.Fonts.dll".
             Reference found at search path location "{HintPathFromItem}".
             This reference is not "CopyLocal" because at least one source item had "Private" set to "false" and no source items had "Private" set to "true".
         Primary reference "SixLabors.ImageSharp, Version=3.0.0.0, Culture=neutral, PublicKeyToken=d998eea7b14cab13".
             Resolved file path is "C:\Users\MY PC\.nuget\packages\sixlabors.imagesharp\3.1.6\lib\net6.0\SixLabors.ImageSharp.dll".
             Reference found at search path location "{HintPathFromItem}".
             This reference is not "CopyLocal" because at least one source item had "Private" set to "false" and no source items had "Private" set to "true".
         Primary reference "System.IdentityModel.Tokens.Jwt, Version=7.1.2.0, Culture=neutral, PublicKeyToken=31bf3856ad364e35".
             Resolved file path is "C:\Users\MY PC\.nuget\packages\system.identitymodel.tokens.jwt\7.1.2\lib\net8.0\System.IdentityModel.Tokens.Jwt.dll".
             Reference found at search path location "{HintPathFromItem}".
             This reference is not "CopyLocal" because at least one source item had "Private" set to "false" and no source items had "Private" set to "true".
         Primary reference "System.IO.Packaging, Version=8.0.0.0, Culture=neutral, PublicKeyToken=b03f5f7f11d50a3a".
             Resolved file path is "C:\Users\MY PC\.nuget\packages\system.io.packaging\8.0.1\lib\net8.0\System.IO.Packaging.dll".
             Reference found at search path location "{HintPathFromItem}".
             This reference is not "CopyLocal" because at least one source item had "Private" set to "false" and no source items had "Private" set to "true".
         Primary reference "System.Memory.Data, Version=1.0.2.0, Culture=neutral, PublicKeyToken=cc7b13ffcd2ddd51".
             Resolved file path is "C:\Users\MY PC\.nuget\packages\system.memory.data\1.0.2\lib\netstandard2.0\System.Memory.Data.dll".
             Reference found at search path location "{HintPathFromItem}".
             This reference is not "CopyLocal" because at least one source item had "Private" set to "false" and no source items had "Private" set to "true".
         Primary reference "System.Security.Cryptography.ProtectedData, Version=6.0.0.0, Culture=neutral, PublicKeyToken=b03f5f7f11d50a3a".
             Resolved file path is "C:\Users\MY PC\.nuget\packages\system.security.cryptography.protecteddata\6.0.0\lib\net6.0\System.Security.Cryptography.ProtectedData.dll".
             Reference found at search path location "{HintPathFromItem}".
             This reference is not "CopyLocal" because at least one source item had "Private" set to "false" and no source items had "Private" set to "true".
         Primary reference "Microsoft.CSharp, Version=8.0.0.0, Culture=neutral, PublicKeyToken=b03f5f7f11d50a3a".
             Resolved file path is "C:\Program Files\dotnet\packs\Microsoft.NETCore.App.Ref\8.0.22\ref\net8.0\Microsoft.CSharp.dll".
             Reference found at search path location "{RawFileName}".
             This reference is not "CopyLocal" because at least one source item had "Private" set to "false" and no source items had "Private" set to "true".
         Primary reference "Microsoft.VisualBasic.Core, Version=13.0.0.0, Culture=neutral, PublicKeyToken=b03f5f7f11d50a3a".
             Resolved file path is "C:\Program Files\dotnet\packs\Microsoft.NETCore.App.Ref\8.0.22\ref\net8.0\Microsoft.VisualBasic.Core.dll".
             Reference found at search path location "{RawFileName}".
             This reference is not "CopyLocal" because at least one source item had "Private" set to "false" and no source items had "Private" set to "true".
         Primary reference "Microsoft.VisualBasic, Version=10.0.0.0, Culture=neutral, PublicKeyToken=b03f5f7f11d50a3a".
             Resolved file path is "C:\Program Files\dotnet\packs\Microsoft.NETCore.App.Ref\8.0.22\ref\net8.0\Microsoft.VisualBasic.dll".
             Reference found at search path location "{RawFileName}".
             This reference is not "CopyLocal" because at least one source item had "Private" set to "false" and no source items had "Private" set to "true".
         Primary reference "Microsoft.Win32.Primitives, Version=8.0.0.0, Culture=neutral, PublicKeyToken=b03f5f7f11d50a3a".
             Resolved file path is "C:\Program Files\dotnet\packs\Microsoft.NETCore.App.Ref\8.0.22\ref\net8.0\Microsoft.Win32.Primitives.dll".
             Reference found at search path location "{RawFileName}".
             This reference is not "CopyLocal" because at least one source item had "Private" set to "false" and no source items had "Private" set to "true".
         Primary reference "Microsoft.Win32.Registry, Version=8.0.0.0, Culture=neutral, PublicKeyToken=b03f5f7f11d50a3a".
             Resolved file path is "C:\Program Files\dotnet\packs\Microsoft.NETCore.App.Ref\8.0.22\ref\net8.0\Microsoft.Win32.Registry.dll".
             Reference found at search path location "{RawFileName}".
             This reference is not "CopyLocal" because at least one source item had "Private" set to "false" and no source items had "Private" set to "true".
         Primary reference "System.AppContext, Version=8.0.0.0, Culture=neutral, PublicKeyToken=b03f5f7f11d50a3a".
             Resolved file path is "C:\Program Files\dotnet\packs\Microsoft.NETCore.App.Ref\8.0.22\ref\net8.0\System.AppContext.dll".
             Reference found at search path location "{RawFileName}".
             This reference is not "CopyLocal" because at least one source item had "Private" set to "false" and no source items had "Private" set to "true".
         Primary reference "System.Buffers, Version=8.0.0.0, Culture=neutral, PublicKeyToken=cc7b13ffcd2ddd51".
             Resolved file path is "C:\Program Files\dotnet\packs\Microsoft.NETCore.App.Ref\8.0.22\ref\net8.0\System.Buffers.dll".
             Reference found at search path location "{RawFileName}".
             This reference is not "CopyLocal" because at least one source item had "Private" set to "false" and no source items had "Private" set to "true".
         Primary reference "System.Collections.Concurrent, Version=8.0.0.0, Culture=neutral, PublicKeyToken=b03f5f7f11d50a3a".
             Resolved file path is "C:\Program Files\dotnet\packs\Microsoft.NETCore.App.Ref\8.0.22\ref\net8.0\System.Collections.Concurrent.dll".
             Reference found at search path location "{RawFileName}".
             This reference is not "CopyLocal" because at least one source item had "Private" set to "false" and no source items had "Private" set to "true".
         Primary reference "System.Collections.Immutable, Version=8.0.0.0, Culture=neutral, PublicKeyToken=b03f5f7f11d50a3a".
             Resolved file path is "C:\Program Files\dotnet\packs\Microsoft.NETCore.App.Ref\8.0.22\ref\net8.0\System.Collections.Immutable.dll".
             Reference found at search path location "{RawFileName}".
             This reference is not "CopyLocal" because at least one source item had "Private" set to "false" and no source items had "Private" set to "true".
         Primary reference "System.Collections.NonGeneric, Version=8.0.0.0, Culture=neutral, PublicKeyToken=b03f5f7f11d50a3a".
             Resolved file path is "C:\Program Files\dotnet\packs\Microsoft.NETCore.App.Ref\8.0.22\ref\net8.0\System.Collections.NonGeneric.dll".
             Reference found at search path location "{RawFileName}".
             This reference is not "CopyLocal" because at least one source item had "Private" set to "false" and no source items had "Private" set to "true".
         Primary reference "System.Collections.Specialized, Version=8.0.0.0, Culture=neutral, PublicKeyToken=b03f5f7f11d50a3a".
             Resolved file path is "C:\Program Files\dotnet\packs\Microsoft.NETCore.App.Ref\8.0.22\ref\net8.0\System.Collections.Specialized.dll".
             Reference found at search path location "{RawFileName}".
             This reference is not "CopyLocal" because at least one source item had "Private" set to "false" and no source items had "Private" set to "true".
         Primary reference "System.Collections, Version=8.0.0.0, Culture=neutral, PublicKeyToken=b03f5f7f11d50a3a".
             Resolved file path is "C:\Program Files\dotnet\packs\Microsoft.NETCore.App.Ref\8.0.22\ref\net8.0\System.Collections.dll".
             Reference found at search path location "{RawFileName}".
             This reference is not "CopyLocal" because at least one source item had "Private" set to "false" and no source items had "Private" set to "true".
         Primary reference "System.ComponentModel.Annotations, Version=8.0.0.0, Culture=neutral, PublicKeyToken=b03f5f7f11d50a3a".
             Resolved file path is "C:\Program Files\dotnet\packs\Microsoft.NETCore.App.Ref\8.0.22\ref\net8.0\System.ComponentModel.Annotations.dll".
             Reference found at search path location "{RawFileName}".
             This reference is not "CopyLocal" because at least one source item had "Private" set to "false" and no source items had "Private" set to "true".
         Primary reference "System.ComponentModel.DataAnnotations, Version=4.0.0.0, Culture=neutral, PublicKeyToken=31bf3856ad364e35".
             Resolved file path is "C:\Program Files\dotnet\packs\Microsoft.NETCore.App.Ref\8.0.22\ref\net8.0\System.ComponentModel.DataAnnotations.dll".
             Reference found at search path location "{RawFileName}".
             This reference is not "CopyLocal" because at least one source item had "Private" set to "false" and no source items had "Private" set to "true".
         Primary reference "System.ComponentModel.EventBasedAsync, Version=8.0.0.0, Culture=neutral, PublicKeyToken=b03f5f7f11d50a3a".
             Resolved file path is "C:\Program Files\dotnet\packs\Microsoft.NETCore.App.Ref\8.0.22\ref\net8.0\System.ComponentModel.EventBasedAsync.dll".
             Reference found at search path location "{RawFileName}".
             This reference is not "CopyLocal" because at least one source item had "Private" set to "false" and no source items had "Private" set to "true".
         Primary reference "System.ComponentModel.Primitives, Version=8.0.0.0, Culture=neutral, PublicKeyToken=b03f5f7f11d50a3a".
             Resolved file path is "C:\Program Files\dotnet\packs\Microsoft.NETCore.App.Ref\8.0.22\ref\net8.0\System.ComponentModel.Primitives.dll".
             Reference found at search path location "{RawFileName}".
             This reference is not "CopyLocal" because at least one source item had "Private" set to "false" and no source items had "Private" set to "true".
         Primary reference "System.ComponentModel.TypeConverter, Version=8.0.0.0, Culture=neutral, PublicKeyToken=b03f5f7f11d50a3a".
             Resolved file path is "C:\Program Files\dotnet\packs\Microsoft.NETCore.App.Ref\8.0.22\ref\net8.0\System.ComponentModel.TypeConverter.dll".
             Reference found at search path location "{RawFileName}".
             This reference is not "CopyLocal" because at least one source item had "Private" set to "false" and no source items had "Private" set to "true".
         Primary reference "System.ComponentModel, Version=8.0.0.0, Culture=neutral, PublicKeyToken=b03f5f7f11d50a3a".
             Resolved file path is "C:\Program Files\dotnet\packs\Microsoft.NETCore.App.Ref\8.0.22\ref\net8.0\System.ComponentModel.dll".
             Reference found at search path location "{RawFileName}".
             This reference is not "CopyLocal" because at least one source item had "Private" set to "false" and no source items had "Private" set to "true".
         Primary reference "System.Configuration, Version=4.0.0.0, Culture=neutral, PublicKeyToken=b03f5f7f11d50a3a".
             Resolved file path is "C:\Program Files\dotnet\packs\Microsoft.NETCore.App.Ref\8.0.22\ref\net8.0\System.Configuration.dll".
             Reference found at search path location "{RawFileName}".
             This reference is not "CopyLocal" because at least one source item had "Private" set to "false" and no source items had "Private" set to "true".
         Primary reference "System.Console, Version=8.0.0.0, Culture=neutral, PublicKeyToken=b03f5f7f11d50a3a".
             Resolved file path is "C:\Program Files\dotnet\packs\Microsoft.NETCore.App.Ref\8.0.22\ref\net8.0\System.Console.dll".
             Reference found at search path location "{RawFileName}".
             This reference is not "CopyLocal" because at least one source item had "Private" set to "false" and no source items had "Private" set to "true".
         Primary reference "System.Core, Version=4.0.0.0, Culture=neutral, PublicKeyToken=b77a5c561934e089".
             Resolved file path is "C:\Program Files\dotnet\packs\Microsoft.NETCore.App.Ref\8.0.22\ref\net8.0\System.Core.dll".
             Reference found at search path location "{RawFileName}".
             This reference is not "CopyLocal" because at least one source item had "Private" set to "false" and no source items had "Private" set to "true".
         Primary reference "System.Data.Common, Version=8.0.0.0, Culture=neutral, PublicKeyToken=b03f5f7f11d50a3a".
             Resolved file path is "C:\Program Files\dotnet\packs\Microsoft.NETCore.App.Ref\8.0.22\ref\net8.0\System.Data.Common.dll".
             Reference found at search path location "{RawFileName}".
             This reference is not "CopyLocal" because at least one source item had "Private" set to "false" and no source items had "Private" set to "true".
         Primary reference "System.Data.DataSetExtensions, Version=8.0.0.0, Culture=neutral, PublicKeyToken=b77a5c561934e089".
             Resolved file path is "C:\Program Files\dotnet\packs\Microsoft.NETCore.App.Ref\8.0.22\ref\net8.0\System.Data.DataSetExtensions.dll".
             Reference found at search path location "{RawFileName}".
             This reference is not "CopyLocal" because at least one source item had "Private" set to "false" and no source items had "Private" set to "true".
         Primary reference "System.Data, Version=4.0.0.0, Culture=neutral, PublicKeyToken=b77a5c561934e089".
             Resolved file path is "C:\Program Files\dotnet\packs\Microsoft.NETCore.App.Ref\8.0.22\ref\net8.0\System.Data.dll".
             Reference found at search path location "{RawFileName}".
             This reference is not "CopyLocal" because at least one source item had "Private" set to "false" and no source items had "Private" set to "true".
         Primary reference "System.Diagnostics.Contracts, Version=8.0.0.0, Culture=neutral, PublicKeyToken=b03f5f7f11d50a3a".
             Resolved file path is "C:\Program Files\dotnet\packs\Microsoft.NETCore.App.Ref\8.0.22\ref\net8.0\System.Diagnostics.Contracts.dll".
             Reference found at search path location "{RawFileName}".
             This reference is not "CopyLocal" because at least one source item had "Private" set to "false" and no source items had "Private" set to "true".
         Primary reference "System.Diagnostics.Debug, Version=8.0.0.0, Culture=neutral, PublicKeyToken=b03f5f7f11d50a3a".
             Resolved file path is "C:\Program Files\dotnet\packs\Microsoft.NETCore.App.Ref\8.0.22\ref\net8.0\System.Diagnostics.Debug.dll".
             Reference found at search path location "{RawFileName}".
             This reference is not "CopyLocal" because at least one source item had "Private" set to "false" and no source items had "Private" set to "true".
         Primary reference "System.Diagnostics.DiagnosticSource, Version=8.0.0.0, Culture=neutral, PublicKeyToken=cc7b13ffcd2ddd51".
             Resolved file path is "C:\Program Files\dotnet\packs\Microsoft.NETCore.App.Ref\8.0.22\ref\net8.0\System.Diagnostics.DiagnosticSource.dll".
             Reference found at search path location "{RawFileName}".
             This reference is not "CopyLocal" because at least one source item had "Private" set to "false" and no source items had "Private" set to "true".
         Primary reference "System.Diagnostics.FileVersionInfo, Version=8.0.0.0, Culture=neutral, PublicKeyToken=b03f5f7f11d50a3a".
             Resolved file path is "C:\Program Files\dotnet\packs\Microsoft.NETCore.App.Ref\8.0.22\ref\net8.0\System.Diagnostics.FileVersionInfo.dll".
             Reference found at search path location "{RawFileName}".
             This reference is not "CopyLocal" because at least one source item had "Private" set to "false" and no source items had "Private" set to "true".
         Primary reference "System.Diagnostics.Process, Version=8.0.0.0, Culture=neutral, PublicKeyToken=b03f5f7f11d50a3a".
             Resolved file path is "C:\Program Files\dotnet\packs\Microsoft.NETCore.App.Ref\8.0.22\ref\net8.0\System.Diagnostics.Process.dll".
             Reference found at search path location "{RawFileName}".
             This reference is not "CopyLocal" because at least one source item had "Private" set to "false" and no source items had "Private" set to "true".
         Primary reference "System.Diagnostics.StackTrace, Version=8.0.0.0, Culture=neutral, PublicKeyToken=b03f5f7f11d50a3a".
             Resolved file path is "C:\Program Files\dotnet\packs\Microsoft.NETCore.App.Ref\8.0.22\ref\net8.0\System.Diagnostics.StackTrace.dll".
             Reference found at search path location "{RawFileName}".
             This reference is not "CopyLocal" because at least one source item had "Private" set to "false" and no source items had "Private" set to "true".
         Primary reference "System.Diagnostics.TextWriterTraceListener, Version=8.0.0.0, Culture=neutral, PublicKeyToken=b03f5f7f11d50a3a".
             Resolved file path is "C:\Program Files\dotnet\packs\Microsoft.NETCore.App.Ref\8.0.22\ref\net8.0\System.Diagnostics.TextWriterTraceListener.dll".
             Reference found at search path location "{RawFileName}".
             This reference is not "CopyLocal" because at least one source item had "Private" set to "false" and no source items had "Private" set to "true".
         Primary reference "System.Diagnostics.Tools, Version=8.0.0.0, Culture=neutral, PublicKeyToken=b03f5f7f11d50a3a".
             Resolved file path is "C:\Program Files\dotnet\packs\Microsoft.NETCore.App.Ref\8.0.22\ref\net8.0\System.Diagnostics.Tools.dll".
             Reference found at search path location "{RawFileName}".
             This reference is not "CopyLocal" because at least one source item had "Private" set to "false" and no source items had "Private" set to "true".
         Primary reference "System.Diagnostics.TraceSource, Version=8.0.0.0, Culture=neutral, PublicKeyToken=b03f5f7f11d50a3a".
             Resolved file path is "C:\Program Files\dotnet\packs\Microsoft.NETCore.App.Ref\8.0.22\ref\net8.0\System.Diagnostics.TraceSource.dll".
             Reference found at search path location "{RawFileName}".
             This reference is not "CopyLocal" because at least one source item had "Private" set to "false" and no source items had "Private" set to "true".
         Primary reference "System.Diagnostics.Tracing, Version=8.0.0.0, Culture=neutral, PublicKeyToken=b03f5f7f11d50a3a".
             Resolved file path is "C:\Program Files\dotnet\packs\Microsoft.NETCore.App.Ref\8.0.22\ref\net8.0\System.Diagnostics.Tracing.dll".
             Reference found at search path location "{RawFileName}".
             This reference is not "CopyLocal" because at least one source item had "Private" set to "false" and no source items had "Private" set to "true".
         Primary reference "System.Drawing.Primitives, Version=8.0.0.0, Culture=neutral, PublicKeyToken=b03f5f7f11d50a3a".
             Resolved file path is "C:\Program Files\dotnet\packs\Microsoft.NETCore.App.Ref\8.0.22\ref\net8.0\System.Drawing.Primitives.dll".
             Reference found at search path location "{RawFileName}".
             This reference is not "CopyLocal" because at least one source item had "Private" set to "false" and no source items had "Private" set to "true".
         Primary reference "System.Drawing, Version=4.0.0.0, Culture=neutral, PublicKeyToken=b03f5f7f11d50a3a".
             Resolved file path is "C:\Program Files\dotnet\packs\Microsoft.NETCore.App.Ref\8.0.22\ref\net8.0\System.Drawing.dll".
             Reference found at search path location "{RawFileName}".
             This reference is not "CopyLocal" because at least one source item had "Private" set to "false" and no source items had "Private" set to "true".
         Primary reference "System.Dynamic.Runtime, Version=8.0.0.0, Culture=neutral, PublicKeyToken=b03f5f7f11d50a3a".
             Resolved file path is "C:\Program Files\dotnet\packs\Microsoft.NETCore.App.Ref\8.0.22\ref\net8.0\System.Dynamic.Runtime.dll".
             Reference found at search path location "{RawFileName}".
             This reference is not "CopyLocal" because at least one source item had "Private" set to "false" and no source items had "Private" set to "true".
         Primary reference "System.Formats.Asn1, Version=8.0.0.0, Culture=neutral, PublicKeyToken=cc7b13ffcd2ddd51".
             Resolved file path is "C:\Program Files\dotnet\packs\Microsoft.NETCore.App.Ref\8.0.22\ref\net8.0\System.Formats.Asn1.dll".
             Reference found at search path location "{RawFileName}".
             This reference is not "CopyLocal" because at least one source item had "Private" set to "false" and no source items had "Private" set to "true".
         Primary reference "System.Formats.Tar, Version=8.0.0.0, Culture=neutral, PublicKeyToken=cc7b13ffcd2ddd51".
             Resolved file path is "C:\Program Files\dotnet\packs\Microsoft.NETCore.App.Ref\8.0.22\ref\net8.0\System.Formats.Tar.dll".
             Reference found at search path location "{RawFileName}".
             This reference is not "CopyLocal" because at least one source item had "Private" set to "false" and no source items had "Private" set to "true".
         Primary reference "System.Globalization.Calendars, Version=8.0.0.0, Culture=neutral, PublicKeyToken=b03f5f7f11d50a3a".
             Resolved file path is "C:\Program Files\dotnet\packs\Microsoft.NETCore.App.Ref\8.0.22\ref\net8.0\System.Globalization.Calendars.dll".
             Reference found at search path location "{RawFileName}".
             This reference is not "CopyLocal" because at least one source item had "Private" set to "false" and no source items had "Private" set to "true".
         Primary reference "System.Globalization.Extensions, Version=8.0.0.0, Culture=neutral, PublicKeyToken=b03f5f7f11d50a3a".
             Resolved file path is "C:\Program Files\dotnet\packs\Microsoft.NETCore.App.Ref\8.0.22\ref\net8.0\System.Globalization.Extensions.dll".
             Reference found at search path location "{RawFileName}".
             This reference is not "CopyLocal" because at least one source item had "Private" set to "false" and no source items had "Private" set to "true".
         Primary reference "System.Globalization, Version=8.0.0.0, Culture=neutral, PublicKeyToken=b03f5f7f11d50a3a".
             Resolved file path is "C:\Program Files\dotnet\packs\Microsoft.NETCore.App.Ref\8.0.22\ref\net8.0\System.Globalization.dll".
             Reference found at search path location "{RawFileName}".
             This reference is not "CopyLocal" because at least one source item had "Private" set to "false" and no source items had "Private" set to "true".
         Primary reference "System.IO.Compression.Brotli, Version=8.0.0.0, Culture=neutral, PublicKeyToken=b77a5c561934e089".
             Resolved file path is "C:\Program Files\dotnet\packs\Microsoft.NETCore.App.Ref\8.0.22\ref\net8.0\System.IO.Compression.Brotli.dll".
             Reference found at search path location "{RawFileName}".
             This reference is not "CopyLocal" because at least one source item had "Private" set to "false" and no source items had "Private" set to "true".
         Primary reference "System.IO.Compression.FileSystem, Version=4.0.0.0, Culture=neutral, PublicKeyToken=b77a5c561934e089".
             Resolved file path is "C:\Program Files\dotnet\packs\Microsoft.NETCore.App.Ref\8.0.22\ref\net8.0\System.IO.Compression.FileSystem.dll".
             Reference found at search path location "{RawFileName}".
             This reference is not "CopyLocal" because at least one source item had "Private" set to "false" and no source items had "Private" set to "true".
         Primary reference "System.IO.Compression.ZipFile, Version=8.0.0.0, Culture=neutral, PublicKeyToken=b77a5c561934e089".
             Resolved file path is "C:\Program Files\dotnet\packs\Microsoft.NETCore.App.Ref\8.0.22\ref\net8.0\System.IO.Compression.ZipFile.dll".
             Reference found at search path location "{RawFileName}".
             This reference is not "CopyLocal" because at least one source item had "Private" set to "false" and no source items had "Private" set to "true".
         Primary reference "System.IO.Compression, Version=8.0.0.0, Culture=neutral, PublicKeyToken=b77a5c561934e089".
             Resolved file path is "C:\Program Files\dotnet\packs\Microsoft.NETCore.App.Ref\8.0.22\ref\net8.0\System.IO.Compression.dll".
             Reference found at search path location "{RawFileName}".
             This reference is not "CopyLocal" because at least one source item had "Private" set to "false" and no source items had "Private" set to "true".
         Primary reference "System.IO.FileSystem.AccessControl, Version=8.0.0.0, Culture=neutral, PublicKeyToken=b03f5f7f11d50a3a".
             Resolved file path is "C:\Program Files\dotnet\packs\Microsoft.NETCore.App.Ref\8.0.22\ref\net8.0\System.IO.FileSystem.AccessControl.dll".
             Reference found at search path location "{RawFileName}".
             This reference is not "CopyLocal" because at least one source item had "Private" set to "false" and no source items had "Private" set to "true".
         Primary reference "System.IO.FileSystem.DriveInfo, Version=8.0.0.0, Culture=neutral, PublicKeyToken=b03f5f7f11d50a3a".
             Resolved file path is "C:\Program Files\dotnet\packs\Microsoft.NETCore.App.Ref\8.0.22\ref\net8.0\System.IO.FileSystem.DriveInfo.dll".
             Reference found at search path location "{RawFileName}".
             This reference is not "CopyLocal" because at least one source item had "Private" set to "false" and no source items had "Private" set to "true".
         Primary reference "System.IO.FileSystem.Primitives, Version=8.0.0.0, Culture=neutral, PublicKeyToken=b03f5f7f11d50a3a".
             Resolved file path is "C:\Program Files\dotnet\packs\Microsoft.NETCore.App.Ref\8.0.22\ref\net8.0\System.IO.FileSystem.Primitives.dll".
             Reference found at search path location "{RawFileName}".
             This reference is not "CopyLocal" because at least one source item had "Private" set to "false" and no source items had "Private" set to "true".
         Primary reference "System.IO.FileSystem.Watcher, Version=8.0.0.0, Culture=neutral, PublicKeyToken=b03f5f7f11d50a3a".
             Resolved file path is "C:\Program Files\dotnet\packs\Microsoft.NETCore.App.Ref\8.0.22\ref\net8.0\System.IO.FileSystem.Watcher.dll".
             Reference found at search path location "{RawFileName}".
             This reference is not "CopyLocal" because at least one source item had "Private" set to "false" and no source items had "Private" set to "true".
         Primary reference "System.IO.FileSystem, Version=8.0.0.0, Culture=neutral, PublicKeyToken=b03f5f7f11d50a3a".
             Resolved file path is "C:\Program Files\dotnet\packs\Microsoft.NETCore.App.Ref\8.0.22\ref\net8.0\System.IO.FileSystem.dll".
             Reference found at search path location "{RawFileName}".
             This reference is not "CopyLocal" because at least one source item had "Private" set to "false" and no source items had "Private" set to "true".
         Primary reference "System.IO.IsolatedStorage, Version=8.0.0.0, Culture=neutral, PublicKeyToken=b03f5f7f11d50a3a".
             Resolved file path is "C:\Program Files\dotnet\packs\Microsoft.NETCore.App.Ref\8.0.22\ref\net8.0\System.IO.IsolatedStorage.dll".
             Reference found at search path location "{RawFileName}".
             This reference is not "CopyLocal" because at least one source item had "Private" set to "false" and no source items had "Private" set to "true".
         Primary reference "System.IO.MemoryMappedFiles, Version=8.0.0.0, Culture=neutral, PublicKeyToken=b03f5f7f11d50a3a".
             Resolved file path is "C:\Program Files\dotnet\packs\Microsoft.NETCore.App.Ref\8.0.22\ref\net8.0\System.IO.MemoryMappedFiles.dll".
             Reference found at search path location "{RawFileName}".
             This reference is not "CopyLocal" because at least one source item had "Private" set to "false" and no source items had "Private" set to "true".
         Primary reference "System.IO.Pipes.AccessControl, Version=8.0.0.0, Culture=neutral, PublicKeyToken=b03f5f7f11d50a3a".
             Resolved file path is "C:\Program Files\dotnet\packs\Microsoft.NETCore.App.Ref\8.0.22\ref\net8.0\System.IO.Pipes.AccessControl.dll".
             Reference found at search path location "{RawFileName}".
             This reference is not "CopyLocal" because at least one source item had "Private" set to "false" and no source items had "Private" set to "true".
         Primary reference "System.IO.Pipes, Version=8.0.0.0, Culture=neutral, PublicKeyToken=b03f5f7f11d50a3a".
             Resolved file path is "C:\Program Files\dotnet\packs\Microsoft.NETCore.App.Ref\8.0.22\ref\net8.0\System.IO.Pipes.dll".
             Reference found at search path location "{RawFileName}".
             This reference is not "CopyLocal" because at least one source item had "Private" set to "false" and no source items had "Private" set to "true".
         Primary reference "System.IO.UnmanagedMemoryStream, Version=8.0.0.0, Culture=neutral, PublicKeyToken=b03f5f7f11d50a3a".
             Resolved file path is "C:\Program Files\dotnet\packs\Microsoft.NETCore.App.Ref\8.0.22\ref\net8.0\System.IO.UnmanagedMemoryStream.dll".
             Reference found at search path location "{RawFileName}".
             This reference is not "CopyLocal" because at least one source item had "Private" set to "false" and no source items had "Private" set to "true".
         Primary reference "System.IO, Version=8.0.0.0, Culture=neutral, PublicKeyToken=b03f5f7f11d50a3a".
             Resolved file path is "C:\Program Files\dotnet\packs\Microsoft.NETCore.App.Ref\8.0.22\ref\net8.0\System.IO.dll".
             Reference found at search path location "{RawFileName}".
             This reference is not "CopyLocal" because at least one source item had "Private" set to "false" and no source items had "Private" set to "true".
         Primary reference "System.Linq.Expressions, Version=8.0.0.0, Culture=neutral, PublicKeyToken=b03f5f7f11d50a3a".
             Resolved file path is "C:\Program Files\dotnet\packs\Microsoft.NETCore.App.Ref\8.0.22\ref\net8.0\System.Linq.Expressions.dll".
             Reference found at search path location "{RawFileName}".
             This reference is not "CopyLocal" because at least one source item had "Private" set to "false" and no source items had "Private" set to "true".
         Primary reference "System.Linq.Parallel, Version=8.0.0.0, Culture=neutral, PublicKeyToken=b03f5f7f11d50a3a".
             Resolved file path is "C:\Program Files\dotnet\packs\Microsoft.NETCore.App.Ref\8.0.22\ref\net8.0\System.Linq.Parallel.dll".
             Reference found at search path location "{RawFileName}".
             This reference is not "CopyLocal" because at least one source item had "Private" set to "false" and no source items had "Private" set to "true".
         Primary reference "System.Linq.Queryable, Version=8.0.0.0, Culture=neutral, PublicKeyToken=b03f5f7f11d50a3a".
             Resolved file path is "C:\Program Files\dotnet\packs\Microsoft.NETCore.App.Ref\8.0.22\ref\net8.0\System.Linq.Queryable.dll".
             Reference found at search path location "{RawFileName}".
             This reference is not "CopyLocal" because at least one source item had "Private" set to "false" and no source items had "Private" set to "true".
         Primary reference "System.Linq, Version=8.0.0.0, Culture=neutral, PublicKeyToken=b03f5f7f11d50a3a".
             Resolved file path is "C:\Program Files\dotnet\packs\Microsoft.NETCore.App.Ref\8.0.22\ref\net8.0\System.Linq.dll".
             Reference found at search path location "{RawFileName}".
             This reference is not "CopyLocal" because at least one source item had "Private" set to "false" and no source items had "Private" set to "true".
         Primary reference "System.Memory, Version=8.0.0.0, Culture=neutral, PublicKeyToken=cc7b13ffcd2ddd51".
             Resolved file path is "C:\Program Files\dotnet\packs\Microsoft.NETCore.App.Ref\8.0.22\ref\net8.0\System.Memory.dll".
             Reference found at search path location "{RawFileName}".
             This reference is not "CopyLocal" because at least one source item had "Private" set to "false" and no source items had "Private" set to "true".
         Primary reference "System.Net.Http.Json, Version=8.0.0.0, Culture=neutral, PublicKeyToken=cc7b13ffcd2ddd51".
             Resolved file path is "C:\Program Files\dotnet\packs\Microsoft.NETCore.App.Ref\8.0.22\ref\net8.0\System.Net.Http.Json.dll".
             Reference found at search path location "{RawFileName}".
             This reference is not "CopyLocal" because at least one source item had "Private" set to "false" and no source items had "Private" set to "true".
         Primary reference "System.Net.Http, Version=8.0.0.0, Culture=neutral, PublicKeyToken=b03f5f7f11d50a3a".
             Resolved file path is "C:\Program Files\dotnet\packs\Microsoft.NETCore.App.Ref\8.0.22\ref\net8.0\System.Net.Http.dll".
             Reference found at search path location "{RawFileName}".
             This reference is not "CopyLocal" because at least one source item had "Private" set to "false" and no source items had "Private" set to "true".
         Primary reference "System.Net.HttpListener, Version=8.0.0.0, Culture=neutral, PublicKeyToken=cc7b13ffcd2ddd51".
             Resolved file path is "C:\Program Files\dotnet\packs\Microsoft.NETCore.App.Ref\8.0.22\ref\net8.0\System.Net.HttpListener.dll".
             Reference found at search path location "{RawFileName}".
             This reference is not "CopyLocal" because at least one source item had "Private" set to "false" and no source items had "Private" set to "true".
         Primary reference "System.Net.Mail, Version=8.0.0.0, Culture=neutral, PublicKeyToken=cc7b13ffcd2ddd51".
             Resolved file path is "C:\Program Files\dotnet\packs\Microsoft.NETCore.App.Ref\8.0.22\ref\net8.0\System.Net.Mail.dll".
             Reference found at search path location "{RawFileName}".
             This reference is not "CopyLocal" because at least one source item had "Private" set to "false" and no source items had "Private" set to "true".
         Primary reference "System.Net.NameResolution, Version=8.0.0.0, Culture=neutral, PublicKeyToken=b03f5f7f11d50a3a".
             Resolved file path is "C:\Program Files\dotnet\packs\Microsoft.NETCore.App.Ref\8.0.22\ref\net8.0\System.Net.NameResolution.dll".
             Reference found at search path location "{RawFileName}".
             This reference is not "CopyLocal" because at least one source item had "Private" set to "false" and no source items had "Private" set to "true".
         Primary reference "System.Net.NetworkInformation, Version=8.0.0.0, Culture=neutral, PublicKeyToken=b03f5f7f11d50a3a".
             Resolved file path is "C:\Program Files\dotnet\packs\Microsoft.NETCore.App.Ref\8.0.22\ref\net8.0\System.Net.NetworkInformation.dll".
             Reference found at search path location "{RawFileName}".
             This reference is not "CopyLocal" because at least one source item had "Private" set to "false" and no source items had "Private" set to "true".
         Primary reference "System.Net.Ping, Version=8.0.0.0, Culture=neutral, PublicKeyToken=b03f5f7f11d50a3a".
             Resolved file path is "C:\Program Files\dotnet\packs\Microsoft.NETCore.App.Ref\8.0.22\ref\net8.0\System.Net.Ping.dll".
             Reference found at search path location "{RawFileName}".
             This reference is not "CopyLocal" because at least one source item had "Private" set to "false" and no source items had "Private" set to "true".
         Primary reference "System.Net.Primitives, Version=8.0.0.0, Culture=neutral, PublicKeyToken=b03f5f7f11d50a3a".
             Resolved file path is "C:\Program Files\dotnet\packs\Microsoft.NETCore.App.Ref\8.0.22\ref\net8.0\System.Net.Primitives.dll".
             Reference found at search path location "{RawFileName}".
             This reference is not "CopyLocal" because at least one source item had "Private" set to "false" and no source items had "Private" set to "true".
         Primary reference "System.Net.Quic, Version=8.0.0.0, Culture=neutral, PublicKeyToken=b03f5f7f11d50a3a".
             Resolved file path is "C:\Program Files\dotnet\packs\Microsoft.NETCore.App.Ref\8.0.22\ref\net8.0\System.Net.Quic.dll".
             Reference found at search path location "{RawFileName}".
             This reference is not "CopyLocal" because at least one source item had "Private" set to "false" and no source items had "Private" set to "true".
         Primary reference "System.Net.Requests, Version=8.0.0.0, Culture=neutral, PublicKeyToken=b03f5f7f11d50a3a".
             Resolved file path is "C:\Program Files\dotnet\packs\Microsoft.NETCore.App.Ref\8.0.22\ref\net8.0\System.Net.Requests.dll".
             Reference found at search path location "{RawFileName}".
             This reference is not "CopyLocal" because at least one source item had "Private" set to "false" and no source items had "Private" set to "true".
         Primary reference "System.Net.Security, Version=8.0.0.0, Culture=neutral, PublicKeyToken=b03f5f7f11d50a3a".
             Resolved file path is "C:\Program Files\dotnet\packs\Microsoft.NETCore.App.Ref\8.0.22\ref\net8.0\System.Net.Security.dll".
             Reference found at search path location "{RawFileName}".
             This reference is not "CopyLocal" because at least one source item had "Private" set to "false" and no source items had "Private" set to "true".
         Primary reference "System.Net.ServicePoint, Version=8.0.0.0, Culture=neutral, PublicKeyToken=cc7b13ffcd2ddd51".
             Resolved file path is "C:\Program Files\dotnet\packs\Microsoft.NETCore.App.Ref\8.0.22\ref\net8.0\System.Net.ServicePoint.dll".
             Reference found at search path location "{RawFileName}".
             This reference is not "CopyLocal" because at least one source item had "Private" set to "false" and no source items had "Private" set to "true".
         Primary reference "System.Net.Sockets, Version=8.0.0.0, Culture=neutral, PublicKeyToken=b03f5f7f11d50a3a".
             Resolved file path is "C:\Program Files\dotnet\packs\Microsoft.NETCore.App.Ref\8.0.22\ref\net8.0\System.Net.Sockets.dll".
             Reference found at search path location "{RawFileName}".
             This reference is not "CopyLocal" because at least one source item had "Private" set to "false" and no source items had "Private" set to "true".
         Primary reference "System.Net.WebClient, Version=8.0.0.0, Culture=neutral, PublicKeyToken=cc7b13ffcd2ddd51".
             Resolved file path is "C:\Program Files\dotnet\packs\Microsoft.NETCore.App.Ref\8.0.22\ref\net8.0\System.Net.WebClient.dll".
             Reference found at search path location "{RawFileName}".
             This reference is not "CopyLocal" because at least one source item had "Private" set to "false" and no source items had "Private" set to "true".
         Primary reference "System.Net.WebHeaderCollection, Version=8.0.0.0, Culture=neutral, PublicKeyToken=b03f5f7f11d50a3a".
             Resolved file path is "C:\Program Files\dotnet\packs\Microsoft.NETCore.App.Ref\8.0.22\ref\net8.0\System.Net.WebHeaderCollection.dll".
             Reference found at search path location "{RawFileName}".
             This reference is not "CopyLocal" because at least one source item had "Private" set to "false" and no source items had "Private" set to "true".
         Primary reference "System.Net.WebProxy, Version=8.0.0.0, Culture=neutral, PublicKeyToken=cc7b13ffcd2ddd51".
             Resolved file path is "C:\Program Files\dotnet\packs\Microsoft.NETCore.App.Ref\8.0.22\ref\net8.0\System.Net.WebProxy.dll".
             Reference found at search path location "{RawFileName}".
             This reference is not "CopyLocal" because at least one source item had "Private" set to "false" and no source items had "Private" set to "true".
         Primary reference "System.Net.WebSockets.Client, Version=8.0.0.0, Culture=neutral, PublicKeyToken=b03f5f7f11d50a3a".
             Resolved file path is "C:\Program Files\dotnet\packs\Microsoft.NETCore.App.Ref\8.0.22\ref\net8.0\System.Net.WebSockets.Client.dll".
             Reference found at search path location "{RawFileName}".
             This reference is not "CopyLocal" because at least one source item had "Private" set to "false" and no source items had "Private" set to "true".
         Primary reference "System.Net.WebSockets, Version=8.0.0.0, Culture=neutral, PublicKeyToken=b03f5f7f11d50a3a".
             Resolved file path is "C:\Program Files\dotnet\packs\Microsoft.NETCore.App.Ref\8.0.22\ref\net8.0\System.Net.WebSockets.dll".
             Reference found at search path location "{RawFileName}".
             This reference is not "CopyLocal" because at least one source item had "Private" set to "false" and no source items had "Private" set to "true".
         Primary reference "System.Net, Version=4.0.0.0, Culture=neutral, PublicKeyToken=b03f5f7f11d50a3a".
             Resolved file path is "C:\Program Files\dotnet\packs\Microsoft.NETCore.App.Ref\8.0.22\ref\net8.0\System.Net.dll".
             Reference found at search path location "{RawFileName}".
             This reference is not "CopyLocal" because at least one source item had "Private" set to "false" and no source items had "Private" set to "true".
         Primary reference "System.Numerics.Vectors, Version=8.0.0.0, Culture=neutral, PublicKeyToken=b03f5f7f11d50a3a".
             Resolved file path is "C:\Program Files\dotnet\packs\Microsoft.NETCore.App.Ref\8.0.22\ref\net8.0\System.Numerics.Vectors.dll".
             Reference found at search path location "{RawFileName}".
             This reference is not "CopyLocal" because at least one source item had "Private" set to "false" and no source items had "Private" set to "true".
         Primary reference "System.Numerics, Version=4.0.0.0, Culture=neutral, PublicKeyToken=b77a5c561934e089".
             Resolved file path is "C:\Program Files\dotnet\packs\Microsoft.NETCore.App.Ref\8.0.22\ref\net8.0\System.Numerics.dll".
             Reference found at search path location "{RawFileName}".
             This reference is not "CopyLocal" because at least one source item had "Private" set to "false" and no source items had "Private" set to "true".
         Primary reference "System.ObjectModel, Version=8.0.0.0, Culture=neutral, PublicKeyToken=b03f5f7f11d50a3a".
             Resolved file path is "C:\Program Files\dotnet\packs\Microsoft.NETCore.App.Ref\8.0.22\ref\net8.0\System.ObjectModel.dll".
             Reference found at search path location "{RawFileName}".
             This reference is not "CopyLocal" because at least one source item had "Private" set to "false" and no source items had "Private" set to "true".
         Primary reference "System.Reflection.DispatchProxy, Version=8.0.0.0, Culture=neutral, PublicKeyToken=b03f5f7f11d50a3a".
             Resolved file path is "C:\Program Files\dotnet\packs\Microsoft.NETCore.App.Ref\8.0.22\ref\net8.0\System.Reflection.DispatchProxy.dll".
             Reference found at search path location "{RawFileName}".
             This reference is not "CopyLocal" because at least one source item had "Private" set to "false" and no source items had "Private" set to "true".
         Primary reference "System.Reflection.Emit.ILGeneration, Version=8.0.0.0, Culture=neutral, PublicKeyToken=b03f5f7f11d50a3a".
             Resolved file path is "C:\Program Files\dotnet\packs\Microsoft.NETCore.App.Ref\8.0.22\ref\net8.0\System.Reflection.Emit.ILGeneration.dll".
             Reference found at search path location "{RawFileName}".
             This reference is not "CopyLocal" because at least one source item had "Private" set to "false" and no source items had "Private" set to "true".
         Primary reference "System.Reflection.Emit.Lightweight, Version=8.0.0.0, Culture=neutral, PublicKeyToken=b03f5f7f11d50a3a".
             Resolved file path is "C:\Program Files\dotnet\packs\Microsoft.NETCore.App.Ref\8.0.22\ref\net8.0\System.Reflection.Emit.Lightweight.dll".
             Reference found at search path location "{RawFileName}".
             This reference is not "CopyLocal" because at least one source item had "Private" set to "false" and no source items had "Private" set to "true".
         Primary reference "System.Reflection.Emit, Version=8.0.0.0, Culture=neutral, PublicKeyToken=b03f5f7f11d50a3a".
             Resolved file path is "C:\Program Files\dotnet\packs\Microsoft.NETCore.App.Ref\8.0.22\ref\net8.0\System.Reflection.Emit.dll".
             Reference found at search path location "{RawFileName}".
             This reference is not "CopyLocal" because at least one source item had "Private" set to "false" and no source items had "Private" set to "true".
         Primary reference "System.Reflection.Extensions, Version=8.0.0.0, Culture=neutral, PublicKeyToken=b03f5f7f11d50a3a".
             Resolved file path is "C:\Program Files\dotnet\packs\Microsoft.NETCore.App.Ref\8.0.22\ref\net8.0\System.Reflection.Extensions.dll".
             Reference found at search path location "{RawFileName}".
             This reference is not "CopyLocal" because at least one source item had "Private" set to "false" and no source items had "Private" set to "true".
         Primary reference "System.Reflection.Metadata, Version=8.0.0.0, Culture=neutral, PublicKeyToken=b03f5f7f11d50a3a".
             Resolved file path is "C:\Program Files\dotnet\packs\Microsoft.NETCore.App.Ref\8.0.22\ref\net8.0\System.Reflection.Metadata.dll".
             Reference found at search path location "{RawFileName}".
             This reference is not "CopyLocal" because at least one source item had "Private" set to "false" and no source items had "Private" set to "true".
         Primary reference "System.Reflection.Primitives, Version=8.0.0.0, Culture=neutral, PublicKeyToken=b03f5f7f11d50a3a".
             Resolved file path is "C:\Program Files\dotnet\packs\Microsoft.NETCore.App.Ref\8.0.22\ref\net8.0\System.Reflection.Primitives.dll".
             Reference found at search path location "{RawFileName}".
             This reference is not "CopyLocal" because at least one source item had "Private" set to "false" and no source items had "Private" set to "true".
         Primary reference "System.Reflection.TypeExtensions, Version=8.0.0.0, Culture=neutral, PublicKeyToken=b03f5f7f11d50a3a".
             Resolved file path is "C:\Program Files\dotnet\packs\Microsoft.NETCore.App.Ref\8.0.22\ref\net8.0\System.Reflection.TypeExtensions.dll".
             Reference found at search path location "{RawFileName}".
             This reference is not "CopyLocal" because at least one source item had "Private" set to "false" and no source items had "Private" set to "true".
         Primary reference "System.Reflection, Version=8.0.0.0, Culture=neutral, PublicKeyToken=b03f5f7f11d50a3a".
             Resolved file path is "C:\Program Files\dotnet\packs\Microsoft.NETCore.App.Ref\8.0.22\ref\net8.0\System.Reflection.dll".
             Reference found at search path location "{RawFileName}".
             This reference is not "CopyLocal" because at least one source item had "Private" set to "false" and no source items had "Private" set to "true".
         Primary reference "System.Resources.Reader, Version=8.0.0.0, Culture=neutral, PublicKeyToken=b03f5f7f11d50a3a".
             Resolved file path is "C:\Program Files\dotnet\packs\Microsoft.NETCore.App.Ref\8.0.22\ref\net8.0\System.Resources.Reader.dll".
             Reference found at search path location "{RawFileName}".
             This reference is not "CopyLocal" because at least one source item had "Private" set to "false" and no source items had "Private" set to "true".
         Primary reference "System.Resources.ResourceManager, Version=8.0.0.0, Culture=neutral, PublicKeyToken=b03f5f7f11d50a3a".
             Resolved file path is "C:\Program Files\dotnet\packs\Microsoft.NETCore.App.Ref\8.0.22\ref\net8.0\System.Resources.ResourceManager.dll".
             Reference found at search path location "{RawFileName}".
             This reference is not "CopyLocal" because at least one source item had "Private" set to "false" and no source items had "Private" set to "true".
         Primary reference "System.Resources.Writer, Version=8.0.0.0, Culture=neutral, PublicKeyToken=b03f5f7f11d50a3a".
             Resolved file path is "C:\Program Files\dotnet\packs\Microsoft.NETCore.App.Ref\8.0.22\ref\net8.0\System.Resources.Writer.dll".
             Reference found at search path location "{RawFileName}".
             This reference is not "CopyLocal" because at least one source item had "Private" set to "false" and no source items had "Private" set to "true".
         Primary reference "System.Runtime.CompilerServices.Unsafe, Version=8.0.0.0, Culture=neutral, PublicKeyToken=b03f5f7f11d50a3a".
             Resolved file path is "C:\Program Files\dotnet\packs\Microsoft.NETCore.App.Ref\8.0.22\ref\net8.0\System.Runtime.CompilerServices.Unsafe.dll".
             Reference found at search path location "{RawFileName}".
             This reference is not "CopyLocal" because at least one source item had "Private" set to "false" and no source items had "Private" set to "true".
         Primary reference "System.Runtime.CompilerServices.VisualC, Version=8.0.0.0, Culture=neutral, PublicKeyToken=b03f5f7f11d50a3a".
             Resolved file path is "C:\Program Files\dotnet\packs\Microsoft.NETCore.App.Ref\8.0.22\ref\net8.0\System.Runtime.CompilerServices.VisualC.dll".
             Reference found at search path location "{RawFileName}".
             This reference is not "CopyLocal" because at least one source item had "Private" set to "false" and no source items had "Private" set to "true".
         Primary reference "System.Runtime.Extensions, Version=8.0.0.0, Culture=neutral, PublicKeyToken=b03f5f7f11d50a3a".
             Resolved file path is "C:\Program Files\dotnet\packs\Microsoft.NETCore.App.Ref\8.0.22\ref\net8.0\System.Runtime.Extensions.dll".
             Reference found at search path location "{RawFileName}".
             This reference is not "CopyLocal" because at least one source item had "Private" set to "false" and no source items had "Private" set to "true".
         Primary reference "System.Runtime.Handles, Version=8.0.0.0, Culture=neutral, PublicKeyToken=b03f5f7f11d50a3a".
             Resolved file path is "C:\Program Files\dotnet\packs\Microsoft.NETCore.App.Ref\8.0.22\ref\net8.0\System.Runtime.Handles.dll".
             Reference found at search path location "{RawFileName}".
             This reference is not "CopyLocal" because at least one source item had "Private" set to "false" and no source items had "Private" set to "true".
         Primary reference "System.Runtime.InteropServices.JavaScript, Version=8.0.0.0, Culture=neutral, PublicKeyToken=b03f5f7f11d50a3a".
             Resolved file path is "C:\Program Files\dotnet\packs\Microsoft.NETCore.App.Ref\8.0.22\ref\net8.0\System.Runtime.InteropServices.JavaScript.dll".
             Reference found at search path location "{RawFileName}".
             This reference is not "CopyLocal" because at least one source item had "Private" set to "false" and no source items had "Private" set to "true".
         Primary reference "System.Runtime.InteropServices.RuntimeInformation, Version=8.0.0.0, Culture=neutral, PublicKeyToken=b03f5f7f11d50a3a".
             Resolved file path is "C:\Program Files\dotnet\packs\Microsoft.NETCore.App.Ref\8.0.22\ref\net8.0\System.Runtime.InteropServices.RuntimeInformation.dll".
             Reference found at search path location "{RawFileName}".
             This reference is not "CopyLocal" because at least one source item had "Private" set to "false" and no source items had "Private" set to "true".
         Primary reference "System.Runtime.InteropServices, Version=8.0.0.0, Culture=neutral, PublicKeyToken=b03f5f7f11d50a3a".
             Resolved file path is "C:\Program Files\dotnet\packs\Microsoft.NETCore.App.Ref\8.0.22\ref\net8.0\System.Runtime.InteropServices.dll".
             Reference found at search path location "{RawFileName}".
             This reference is not "CopyLocal" because at least one source item had "Private" set to "false" and no source items had "Private" set to "true".
         Primary reference "System.Runtime.Intrinsics, Version=8.0.0.0, Culture=neutral, PublicKeyToken=cc7b13ffcd2ddd51".
             Resolved file path is "C:\Program Files\dotnet\packs\Microsoft.NETCore.App.Ref\8.0.22\ref\net8.0\System.Runtime.Intrinsics.dll".
             Reference found at search path location "{RawFileName}".
             This reference is not "CopyLocal" because at least one source item had "Private" set to "false" and no source items had "Private" set to "true".
         Primary reference "System.Runtime.Loader, Version=8.0.0.0, Culture=neutral, PublicKeyToken=b03f5f7f11d50a3a".
             Resolved file path is "C:\Program Files\dotnet\packs\Microsoft.NETCore.App.Ref\8.0.22\ref\net8.0\System.Runtime.Loader.dll".
             Reference found at search path location "{RawFileName}".
             This reference is not "CopyLocal" because at least one source item had "Private" set to "false" and no source items had "Private" set to "true".
         Primary reference "System.Runtime.Numerics, Version=8.0.0.0, Culture=neutral, PublicKeyToken=b03f5f7f11d50a3a".
             Resolved file path is "C:\Program Files\dotnet\packs\Microsoft.NETCore.App.Ref\8.0.22\ref\net8.0\System.Runtime.Numerics.dll".
             Reference found at search path location "{RawFileName}".
             This reference is not "CopyLocal" because at least one source item had "Private" set to "false" and no source items had "Private" set to "true".
         Primary reference "System.Runtime.Serialization.Formatters, Version=8.0.0.0, Culture=neutral, PublicKeyToken=b03f5f7f11d50a3a".
             Resolved file path is "C:\Program Files\dotnet\packs\Microsoft.NETCore.App.Ref\8.0.22\ref\net8.0\System.Runtime.Serialization.Formatters.dll".
             Reference found at search path location "{RawFileName}".
             This reference is not "CopyLocal" because at least one source item had "Private" set to "false" and no source items had "Private" set to "true".
         Primary reference "System.Runtime.Serialization.Json, Version=8.0.0.0, Culture=neutral, PublicKeyToken=b03f5f7f11d50a3a".
             Resolved file path is "C:\Program Files\dotnet\packs\Microsoft.NETCore.App.Ref\8.0.22\ref\net8.0\System.Runtime.Serialization.Json.dll".
             Reference found at search path location "{RawFileName}".
             This reference is not "CopyLocal" because at least one source item had "Private" set to "false" and no source items had "Private" set to "true".
         Primary reference "System.Runtime.Serialization.Primitives, Version=8.0.0.0, Culture=neutral, PublicKeyToken=b03f5f7f11d50a3a".
             Resolved file path is "C:\Program Files\dotnet\packs\Microsoft.NETCore.App.Ref\8.0.22\ref\net8.0\System.Runtime.Serialization.Primitives.dll".
             Reference found at search path location "{RawFileName}".
             This reference is not "CopyLocal" because at least one source item had "Private" set to "false" and no source items had "Private" set to "true".
         Primary reference "System.Runtime.Serialization.Xml, Version=8.0.0.0, Culture=neutral, PublicKeyToken=b03f5f7f11d50a3a".
             Resolved file path is "C:\Program Files\dotnet\packs\Microsoft.NETCore.App.Ref\8.0.22\ref\net8.0\System.Runtime.Serialization.Xml.dll".
             Reference found at search path location "{RawFileName}".
             This reference is not "CopyLocal" because at least one source item had "Private" set to "false" and no source items had "Private" set to "true".
         Primary reference "System.Runtime.Serialization, Version=4.0.0.0, Culture=neutral, PublicKeyToken=b77a5c561934e089".
             Resolved file path is "C:\Program Files\dotnet\packs\Microsoft.NETCore.App.Ref\8.0.22\ref\net8.0\System.Runtime.Serialization.dll".
             Reference found at search path location "{RawFileName}".
             This reference is not "CopyLocal" because at least one source item had "Private" set to "false" and no source items had "Private" set to "true".
         Primary reference "System.Runtime, Version=8.0.0.0, Culture=neutral, PublicKeyToken=b03f5f7f11d50a3a".
             Resolved file path is "C:\Program Files\dotnet\packs\Microsoft.NETCore.App.Ref\8.0.22\ref\net8.0\System.Runtime.dll".
             Reference found at search path location "{RawFileName}".
             This reference is not "CopyLocal" because at least one source item had "Private" set to "false" and no source items had "Private" set to "true".
         Primary reference "System.Security.AccessControl, Version=8.0.0.0, Culture=neutral, PublicKeyToken=b03f5f7f11d50a3a".
             Resolved file path is "C:\Program Files\dotnet\packs\Microsoft.NETCore.App.Ref\8.0.22\ref\net8.0\System.Security.AccessControl.dll".
             Reference found at search path location "{RawFileName}".
             This reference is not "CopyLocal" because at least one source item had "Private" set to "false" and no source items had "Private" set to "true".
         Primary reference "System.Security.Claims, Version=8.0.0.0, Culture=neutral, PublicKeyToken=b03f5f7f11d50a3a".
             Resolved file path is "C:\Program Files\dotnet\packs\Microsoft.NETCore.App.Ref\8.0.22\ref\net8.0\System.Security.Claims.dll".
             Reference found at search path location "{RawFileName}".
             This reference is not "CopyLocal" because at least one source item had "Private" set to "false" and no source items had "Private" set to "true".
         Primary reference "System.Security.Cryptography.Algorithms, Version=8.0.0.0, Culture=neutral, PublicKeyToken=b03f5f7f11d50a3a".
             Resolved file path is "C:\Program Files\dotnet\packs\Microsoft.NETCore.App.Ref\8.0.22\ref\net8.0\System.Security.Cryptography.Algorithms.dll".
             Reference found at search path location "{RawFileName}".
             This reference is not "CopyLocal" because at least one source item had "Private" set to "false" and no source items had "Private" set to "true".
         Primary reference "System.Security.Cryptography.Cng, Version=8.0.0.0, Culture=neutral, PublicKeyToken=b03f5f7f11d50a3a".
             Resolved file path is "C:\Program Files\dotnet\packs\Microsoft.NETCore.App.Ref\8.0.22\ref\net8.0\System.Security.Cryptography.Cng.dll".
             Reference found at search path location "{RawFileName}".
             This reference is not "CopyLocal" because at least one source item had "Private" set to "false" and no source items had "Private" set to "true".
         Primary reference "System.Security.Cryptography.Csp, Version=8.0.0.0, Culture=neutral, PublicKeyToken=b03f5f7f11d50a3a".
             Resolved file path is "C:\Program Files\dotnet\packs\Microsoft.NETCore.App.Ref\8.0.22\ref\net8.0\System.Security.Cryptography.Csp.dll".
             Reference found at search path location "{RawFileName}".
             This reference is not "CopyLocal" because at least one source item had "Private" set to "false" and no source items had "Private" set to "true".
         Primary reference "System.Security.Cryptography.Encoding, Version=8.0.0.0, Culture=neutral, PublicKeyToken=b03f5f7f11d50a3a".
             Resolved file path is "C:\Program Files\dotnet\packs\Microsoft.NETCore.App.Ref\8.0.22\ref\net8.0\System.Security.Cryptography.Encoding.dll".
             Reference found at search path location "{RawFileName}".
             This reference is not "CopyLocal" because at least one source item had "Private" set to "false" and no source items had "Private" set to "true".
         Primary reference "System.Security.Cryptography.OpenSsl, Version=8.0.0.0, Culture=neutral, PublicKeyToken=b03f5f7f11d50a3a".
             Resolved file path is "C:\Program Files\dotnet\packs\Microsoft.NETCore.App.Ref\8.0.22\ref\net8.0\System.Security.Cryptography.OpenSsl.dll".
             Reference found at search path location "{RawFileName}".
             This reference is not "CopyLocal" because at least one source item had "Private" set to "false" and no source items had "Private" set to "true".
         Primary reference "System.Security.Cryptography.Primitives, Version=8.0.0.0, Culture=neutral, PublicKeyToken=b03f5f7f11d50a3a".
             Resolved file path is "C:\Program Files\dotnet\packs\Microsoft.NETCore.App.Ref\8.0.22\ref\net8.0\System.Security.Cryptography.Primitives.dll".
             Reference found at search path location "{RawFileName}".
             This reference is not "CopyLocal" because at least one source item had "Private" set to "false" and no source items had "Private" set to "true".
         Primary reference "System.Security.Cryptography.X509Certificates, Version=8.0.0.0, Culture=neutral, PublicKeyToken=b03f5f7f11d50a3a".
             Resolved file path is "C:\Program Files\dotnet\packs\Microsoft.NETCore.App.Ref\8.0.22\ref\net8.0\System.Security.Cryptography.X509Certificates.dll".
             Reference found at search path location "{RawFileName}".
             This reference is not "CopyLocal" because at least one source item had "Private" set to "false" and no source items had "Private" set to "true".
         Primary reference "System.Security.Cryptography, Version=8.0.0.0, Culture=neutral, PublicKeyToken=b03f5f7f11d50a3a".
             Resolved file path is "C:\Program Files\dotnet\packs\Microsoft.NETCore.App.Ref\8.0.22\ref\net8.0\System.Security.Cryptography.dll".
             Reference found at search path location "{RawFileName}".
             This reference is not "CopyLocal" because at least one source item had "Private" set to "false" and no source items had "Private" set to "true".
         Primary reference "System.Security.Principal.Windows, Version=8.0.0.0, Culture=neutral, PublicKeyToken=b03f5f7f11d50a3a".
             Resolved file path is "C:\Program Files\dotnet\packs\Microsoft.NETCore.App.Ref\8.0.22\ref\net8.0\System.Security.Principal.Windows.dll".
             Reference found at search path location "{RawFileName}".
             This reference is not "CopyLocal" because at least one source item had "Private" set to "false" and no source items had "Private" set to "true".
         Primary reference "System.Security.Principal, Version=8.0.0.0, Culture=neutral, PublicKeyToken=b03f5f7f11d50a3a".
             Resolved file path is "C:\Program Files\dotnet\packs\Microsoft.NETCore.App.Ref\8.0.22\ref\net8.0\System.Security.Principal.dll".
             Reference found at search path location "{RawFileName}".
             This reference is not "CopyLocal" because at least one source item had "Private" set to "false" and no source items had "Private" set to "true".
         Primary reference "System.Security.SecureString, Version=8.0.0.0, Culture=neutral, PublicKeyToken=b03f5f7f11d50a3a".
             Resolved file path is "C:\Program Files\dotnet\packs\Microsoft.NETCore.App.Ref\8.0.22\ref\net8.0\System.Security.SecureString.dll".
             Reference found at search path location "{RawFileName}".
             This reference is not "CopyLocal" because at least one source item had "Private" set to "false" and no source items had "Private" set to "true".
         Primary reference "System.Security, Version=4.0.0.0, Culture=neutral, PublicKeyToken=b03f5f7f11d50a3a".
             Resolved file path is "C:\Program Files\dotnet\packs\Microsoft.NETCore.App.Ref\8.0.22\ref\net8.0\System.Security.dll".
             Reference found at search path location "{RawFileName}".
             This reference is not "CopyLocal" because at least one source item had "Private" set to "false" and no source items had "Private" set to "true".
         Primary reference "System.ServiceModel.Web, Version=4.0.0.0, Culture=neutral, PublicKeyToken=31bf3856ad364e35".
             Resolved file path is "C:\Program Files\dotnet\packs\Microsoft.NETCore.App.Ref\8.0.22\ref\net8.0\System.ServiceModel.Web.dll".
             Reference found at search path location "{RawFileName}".
             This reference is not "CopyLocal" because at least one source item had "Private" set to "false" and no source items had "Private" set to "true".
         Primary reference "System.ServiceProcess, Version=4.0.0.0, Culture=neutral, PublicKeyToken=b03f5f7f11d50a3a".
             Resolved file path is "C:\Program Files\dotnet\packs\Microsoft.NETCore.App.Ref\8.0.22\ref\net8.0\System.ServiceProcess.dll".
             Reference found at search path location "{RawFileName}".
             This reference is not "CopyLocal" because at least one source item had "Private" set to "false" and no source items had "Private" set to "true".
         Primary reference "System.Text.Encoding.CodePages, Version=8.0.0.0, Culture=neutral, PublicKeyToken=b03f5f7f11d50a3a".
             Resolved file path is "C:\Program Files\dotnet\packs\Microsoft.NETCore.App.Ref\8.0.22\ref\net8.0\System.Text.Encoding.CodePages.dll".
             Reference found at search path location "{RawFileName}".
             This reference is not "CopyLocal" because at least one source item had "Private" set to "false" and no source items had "Private" set to "true".
         Primary reference "System.Text.Encoding.Extensions, Version=8.0.0.0, Culture=neutral, PublicKeyToken=b03f5f7f11d50a3a".
             Resolved file path is "C:\Program Files\dotnet\packs\Microsoft.NETCore.App.Ref\8.0.22\ref\net8.0\System.Text.Encoding.Extensions.dll".
             Reference found at search path location "{RawFileName}".
             This reference is not "CopyLocal" because at least one source item had "Private" set to "false" and no source items had "Private" set to "true".
         Primary reference "System.Text.Encoding, Version=8.0.0.0, Culture=neutral, PublicKeyToken=b03f5f7f11d50a3a".
             Resolved file path is "C:\Program Files\dotnet\packs\Microsoft.NETCore.App.Ref\8.0.22\ref\net8.0\System.Text.Encoding.dll".
             Reference found at search path location "{RawFileName}".
             This reference is not "CopyLocal" because at least one source item had "Private" set to "false" and no source items had "Private" set to "true".
         Primary reference "System.Text.Encodings.Web, Version=8.0.0.0, Culture=neutral, PublicKeyToken=cc7b13ffcd2ddd51".
             Resolved file path is "C:\Program Files\dotnet\packs\Microsoft.NETCore.App.Ref\8.0.22\ref\net8.0\System.Text.Encodings.Web.dll".
             Reference found at search path location "{RawFileName}".
             This reference is not "CopyLocal" because at least one source item had "Private" set to "false" and no source items had "Private" set to "true".
         Primary reference "System.Text.Json, Version=8.0.0.0, Culture=neutral, PublicKeyToken=cc7b13ffcd2ddd51".
             Resolved file path is "C:\Program Files\dotnet\packs\Microsoft.NETCore.App.Ref\8.0.22\ref\net8.0\System.Text.Json.dll".
             Reference found at search path location "{RawFileName}".
             This reference is not "CopyLocal" because at least one source item had "Private" set to "false" and no source items had "Private" set to "true".
         Primary reference "System.Text.RegularExpressions, Version=8.0.0.0, Culture=neutral, PublicKeyToken=b03f5f7f11d50a3a".
             Resolved file path is "C:\Program Files\dotnet\packs\Microsoft.NETCore.App.Ref\8.0.22\ref\net8.0\System.Text.RegularExpressions.dll".
             Reference found at search path location "{RawFileName}".
             This reference is not "CopyLocal" because at least one source item had "Private" set to "false" and no source items had "Private" set to "true".
         Primary reference "System.Threading.Channels, Version=8.0.0.0, Culture=neutral, PublicKeyToken=cc7b13ffcd2ddd51".
             Resolved file path is "C:\Program Files\dotnet\packs\Microsoft.NETCore.App.Ref\8.0.22\ref\net8.0\System.Threading.Channels.dll".
             Reference found at search path location "{RawFileName}".
             This reference is not "CopyLocal" because at least one source item had "Private" set to "false" and no source items had "Private" set to "true".
         Primary reference "System.Threading.Overlapped, Version=8.0.0.0, Culture=neutral, PublicKeyToken=b03f5f7f11d50a3a".
             Resolved file path is "C:\Program Files\dotnet\packs\Microsoft.NETCore.App.Ref\8.0.22\ref\net8.0\System.Threading.Overlapped.dll".
             Reference found at search path location "{RawFileName}".
             This reference is not "CopyLocal" because at least one source item had "Private" set to "false" and no source items had "Private" set to "true".
         Primary reference "System.Threading.Tasks.Dataflow, Version=8.0.0.0, Culture=neutral, PublicKeyToken=b03f5f7f11d50a3a".
             Resolved file path is "C:\Program Files\dotnet\packs\Microsoft.NETCore.App.Ref\8.0.22\ref\net8.0\System.Threading.Tasks.Dataflow.dll".
             Reference found at search path location "{RawFileName}".
             This reference is not "CopyLocal" because at least one source item had "Private" set to "false" and no source items had "Private" set to "true".
         Primary reference "System.Threading.Tasks.Extensions, Version=8.0.0.0, Culture=neutral, PublicKeyToken=cc7b13ffcd2ddd51".
             Resolved file path is "C:\Program Files\dotnet\packs\Microsoft.NETCore.App.Ref\8.0.22\ref\net8.0\System.Threading.Tasks.Extensions.dll".
             Reference found at search path location "{RawFileName}".
             This reference is not "CopyLocal" because at least one source item had "Private" set to "false" and no source items had "Private" set to "true".
         Primary reference "System.Threading.Tasks.Parallel, Version=8.0.0.0, Culture=neutral, PublicKeyToken=b03f5f7f11d50a3a".
             Resolved file path is "C:\Program Files\dotnet\packs\Microsoft.NETCore.App.Ref\8.0.22\ref\net8.0\System.Threading.Tasks.Parallel.dll".
             Reference found at search path location "{RawFileName}".
             This reference is not "CopyLocal" because at least one source item had "Private" set to "false" and no source items had "Private" set to "true".
         Primary reference "System.Threading.Tasks, Version=8.0.0.0, Culture=neutral, PublicKeyToken=b03f5f7f11d50a3a".
             Resolved file path is "C:\Program Files\dotnet\packs\Microsoft.NETCore.App.Ref\8.0.22\ref\net8.0\System.Threading.Tasks.dll".
             Reference found at search path location "{RawFileName}".
             This reference is not "CopyLocal" because at least one source item had "Private" set to "false" and no source items had "Private" set to "true".
         Primary reference "System.Threading.Thread, Version=8.0.0.0, Culture=neutral, PublicKeyToken=b03f5f7f11d50a3a".
             Resolved file path is "C:\Program Files\dotnet\packs\Microsoft.NETCore.App.Ref\8.0.22\ref\net8.0\System.Threading.Thread.dll".
             Reference found at search path location "{RawFileName}".
             This reference is not "CopyLocal" because at least one source item had "Private" set to "false" and no source items had "Private" set to "true".
         Primary reference "System.Threading.ThreadPool, Version=8.0.0.0, Culture=neutral, PublicKeyToken=b03f5f7f11d50a3a".
             Resolved file path is "C:\Program Files\dotnet\packs\Microsoft.NETCore.App.Ref\8.0.22\ref\net8.0\System.Threading.ThreadPool.dll".
             Reference found at search path location "{RawFileName}".
             This reference is not "CopyLocal" because at least one source item had "Private" set to "false" and no source items had "Private" set to "true".
         Primary reference "System.Threading.Timer, Version=8.0.0.0, Culture=neutral, PublicKeyToken=b03f5f7f11d50a3a".
             Resolved file path is "C:\Program Files\dotnet\packs\Microsoft.NETCore.App.Ref\8.0.22\ref\net8.0\System.Threading.Timer.dll".
             Reference found at search path location "{RawFileName}".
             This reference is not "CopyLocal" because at least one source item had "Private" set to "false" and no source items had "Private" set to "true".
         Primary reference "System.Threading, Version=8.0.0.0, Culture=neutral, PublicKeyToken=b03f5f7f11d50a3a".
             Resolved file path is "C:\Program Files\dotnet\packs\Microsoft.NETCore.App.Ref\8.0.22\ref\net8.0\System.Threading.dll".
             Reference found at search path location "{RawFileName}".
             This reference is not "CopyLocal" because at least one source item had "Private" set to "false" and no source items had "Private" set to "true".
         Primary reference "System.Transactions.Local, Version=8.0.0.0, Culture=neutral, PublicKeyToken=cc7b13ffcd2ddd51".
             Resolved file path is "C:\Program Files\dotnet\packs\Microsoft.NETCore.App.Ref\8.0.22\ref\net8.0\System.Transactions.Local.dll".
             Reference found at search path location "{RawFileName}".
             This reference is not "CopyLocal" because at least one source item had "Private" set to "false" and no source items had "Private" set to "true".
         Primary reference "System.Transactions, Version=4.0.0.0, Culture=neutral, PublicKeyToken=b77a5c561934e089".
             Resolved file path is "C:\Program Files\dotnet\packs\Microsoft.NETCore.App.Ref\8.0.22\ref\net8.0\System.Transactions.dll".
             Reference found at search path location "{RawFileName}".
             This reference is not "CopyLocal" because at least one source item had "Private" set to "false" and no source items had "Private" set to "true".
         Primary reference "System.ValueTuple, Version=8.0.0.0, Culture=neutral, PublicKeyToken=cc7b13ffcd2ddd51".
             Resolved file path is "C:\Program Files\dotnet\packs\Microsoft.NETCore.App.Ref\8.0.22\ref\net8.0\System.ValueTuple.dll".
             Reference found at search path location "{RawFileName}".
             This reference is not "CopyLocal" because at least one source item had "Private" set to "false" and no source items had "Private" set to "true".
         Primary reference "System.Web.HttpUtility, Version=8.0.0.0, Culture=neutral, PublicKeyToken=cc7b13ffcd2ddd51".
             Resolved file path is "C:\Program Files\dotnet\packs\Microsoft.NETCore.App.Ref\8.0.22\ref\net8.0\System.Web.HttpUtility.dll".
             Reference found at search path location "{RawFileName}".
             This reference is not "CopyLocal" because at least one source item had "Private" set to "false" and no source items had "Private" set to "true".
         Primary reference "System.Web, Version=4.0.0.0, Culture=neutral, PublicKeyToken=b03f5f7f11d50a3a".
             Resolved file path is "C:\Program Files\dotnet\packs\Microsoft.NETCore.App.Ref\8.0.22\ref\net8.0\System.Web.dll".
             Reference found at search path location "{RawFileName}".
             This reference is not "CopyLocal" because at least one source item had "Private" set to "false" and no source items had "Private" set to "true".
         Primary reference "System.Windows, Version=4.0.0.0, Culture=neutral, PublicKeyToken=b03f5f7f11d50a3a".
             Resolved file path is "C:\Program Files\dotnet\packs\Microsoft.NETCore.App.Ref\8.0.22\ref\net8.0\System.Windows.dll".
             Reference found at search path location "{RawFileName}".
             This reference is not "CopyLocal" because at least one source item had "Private" set to "false" and no source items had "Private" set to "true".
         Primary reference "System.Xml.Linq, Version=4.0.0.0, Culture=neutral, PublicKeyToken=b77a5c561934e089".
             Resolved file path is "C:\Program Files\dotnet\packs\Microsoft.NETCore.App.Ref\8.0.22\ref\net8.0\System.Xml.Linq.dll".
             Reference found at search path location "{RawFileName}".
             This reference is not "CopyLocal" because at least one source item had "Private" set to "false" and no source items had "Private" set to "true".
         Primary reference "System.Xml.ReaderWriter, Version=8.0.0.0, Culture=neutral, PublicKeyToken=b03f5f7f11d50a3a".
             Resolved file path is "C:\Program Files\dotnet\packs\Microsoft.NETCore.App.Ref\8.0.22\ref\net8.0\System.Xml.ReaderWriter.dll".
             Reference found at search path location "{RawFileName}".
             This reference is not "CopyLocal" because at least one source item had "Private" set to "false" and no source items had "Private" set to "true".
         Primary reference "System.Xml.Serialization, Version=4.0.0.0, Culture=neutral, PublicKeyToken=b77a5c561934e089".
             Resolved file path is "C:\Program Files\dotnet\packs\Microsoft.NETCore.App.Ref\8.0.22\ref\net8.0\System.Xml.Serialization.dll".
             Reference found at search path location "{RawFileName}".
             This reference is not "CopyLocal" because at least one source item had "Private" set to "false" and no source items had "Private" set to "true".
         Primary reference "System.Xml.XDocument, Version=8.0.0.0, Culture=neutral, PublicKeyToken=b03f5f7f11d50a3a".
             Resolved file path is "C:\Program Files\dotnet\packs\Microsoft.NETCore.App.Ref\8.0.22\ref\net8.0\System.Xml.XDocument.dll".
             Reference found at search path location "{RawFileName}".
             This reference is not "CopyLocal" because at least one source item had "Private" set to "false" and no source items had "Private" set to "true".
         Primary reference "System.Xml.XPath.XDocument, Version=8.0.0.0, Culture=neutral, PublicKeyToken=b03f5f7f11d50a3a".
             Resolved file path is "C:\Program Files\dotnet\packs\Microsoft.NETCore.App.Ref\8.0.22\ref\net8.0\System.Xml.XPath.XDocument.dll".
             Reference found at search path location "{RawFileName}".
             This reference is not "CopyLocal" because at least one source item had "Private" set to "false" and no source items had "Private" set to "true".
         Primary reference "System.Xml.XPath, Version=8.0.0.0, Culture=neutral, PublicKeyToken=b03f5f7f11d50a3a".
             Resolved file path is "C:\Program Files\dotnet\packs\Microsoft.NETCore.App.Ref\8.0.22\ref\net8.0\System.Xml.XPath.dll".
             Reference found at search path location "{RawFileName}".
             This reference is not "CopyLocal" because at least one source item had "Private" set to "false" and no source items had "Private" set to "true".
         Primary reference "System.Xml.XmlDocument, Version=8.0.0.0, Culture=neutral, PublicKeyToken=b03f5f7f11d50a3a".
             Resolved file path is "C:\Program Files\dotnet\packs\Microsoft.NETCore.App.Ref\8.0.22\ref\net8.0\System.Xml.XmlDocument.dll".
             Reference found at search path location "{RawFileName}".
             This reference is not "CopyLocal" because at least one source item had "Private" set to "false" and no source items had "Private" set to "true".
         Primary reference "System.Xml.XmlSerializer, Version=8.0.0.0, Culture=neutral, PublicKeyToken=b03f5f7f11d50a3a".
             Resolved file path is "C:\Program Files\dotnet\packs\Microsoft.NETCore.App.Ref\8.0.22\ref\net8.0\System.Xml.XmlSerializer.dll".
             Reference found at search path location "{RawFileName}".
             This reference is not "CopyLocal" because at least one source item had "Private" set to "false" and no source items had "Private" set to "true".
         Primary reference "System.Xml, Version=4.0.0.0, Culture=neutral, PublicKeyToken=b77a5c561934e089".
             Resolved file path is "C:\Program Files\dotnet\packs\Microsoft.NETCore.App.Ref\8.0.22\ref\net8.0\System.Xml.dll".
             Reference found at search path location "{RawFileName}".
             This reference is not "CopyLocal" because at least one source item had "Private" set to "false" and no source items had "Private" set to "true".
         Primary reference "System, Version=4.0.0.0, Culture=neutral, PublicKeyToken=b77a5c561934e089".
             Resolved file path is "C:\Program Files\dotnet\packs\Microsoft.NETCore.App.Ref\8.0.22\ref\net8.0\System.dll".
             Reference found at search path location "{RawFileName}".
             This reference is not "CopyLocal" because at least one source item had "Private" set to "false" and no source items had "Private" set to "true".
         Primary reference "WindowsBase, Version=4.0.0.0, Culture=neutral, PublicKeyToken=31bf3856ad364e35".
             Resolved file path is "C:\Program Files\dotnet\packs\Microsoft.NETCore.App.Ref\8.0.22\ref\net8.0\WindowsBase.dll".
             Reference found at search path location "{RawFileName}".
             This reference is not "CopyLocal" because at least one source item had "Private" set to "false" and no source items had "Private" set to "true".
         Primary reference "mscorlib, Version=4.0.0.0, Culture=neutral, PublicKeyToken=b77a5c561934e089".
             Resolved file path is "C:\Program Files\dotnet\packs\Microsoft.NETCore.App.Ref\8.0.22\ref\net8.0\mscorlib.dll".
             Reference found at search path location "{RawFileName}".
             This reference is not "CopyLocal" because at least one source item had "Private" set to "false" and no source items had "Private" set to "true".
         Primary reference "netstandard, Version=2.1.0.0, Culture=neutral, PublicKeyToken=cc7b13ffcd2ddd51".
             Resolved file path is "C:\Program Files\dotnet\packs\Microsoft.NETCore.App.Ref\8.0.22\ref\net8.0\netstandard.dll".
             Reference found at search path location "{RawFileName}".
             This reference is not "CopyLocal" because at least one source item had "Private" set to "false" and no source items had "Private" set to "true".
         Primary reference "Microsoft.AspNetCore.Antiforgery, Version=8.0.0.0, Culture=neutral, PublicKeyToken=adb9793829ddae60".
             Resolved file path is "C:\Program Files\dotnet\packs\Microsoft.AspNetCore.App.Ref\8.0.22\ref\net8.0\Microsoft.AspNetCore.Antiforgery.dll".
             Reference found at search path location "{RawFileName}".
             This reference is not "CopyLocal" because at least one source item had "Private" set to "false" and no source items had "Private" set to "true".
         Primary reference "Microsoft.AspNetCore.Authentication.Abstractions, Version=8.0.0.0, Culture=neutral, PublicKeyToken=adb9793829ddae60".
             Resolved file path is "C:\Program Files\dotnet\packs\Microsoft.AspNetCore.App.Ref\8.0.22\ref\net8.0\Microsoft.AspNetCore.Authentication.Abstractions.dll".
             Reference found at search path location "{RawFileName}".
             This reference is not "CopyLocal" because at least one source item had "Private" set to "false" and no source items had "Private" set to "true".
         Primary reference "Microsoft.AspNetCore.Authentication.BearerToken, Version=8.0.0.0, Culture=neutral, PublicKeyToken=adb9793829ddae60".
             Resolved file path is "C:\Program Files\dotnet\packs\Microsoft.AspNetCore.App.Ref\8.0.22\ref\net8.0\Microsoft.AspNetCore.Authentication.BearerToken.dll".
             Reference found at search path location "{RawFileName}".
             This reference is not "CopyLocal" because at least one source item had "Private" set to "false" and no source items had "Private" set to "true".
         Primary reference "Microsoft.AspNetCore.Authentication.Cookies, Version=8.0.0.0, Culture=neutral, PublicKeyToken=adb9793829ddae60".
             Resolved file path is "C:\Program Files\dotnet\packs\Microsoft.AspNetCore.App.Ref\8.0.22\ref\net8.0\Microsoft.AspNetCore.Authentication.Cookies.dll".
             Reference found at search path location "{RawFileName}".
             This reference is not "CopyLocal" because at least one source item had "Private" set to "false" and no source items had "Private" set to "true".
         Primary reference "Microsoft.AspNetCore.Authentication.Core, Version=8.0.0.0, Culture=neutral, PublicKeyToken=adb9793829ddae60".
             Resolved file path is "C:\Program Files\dotnet\packs\Microsoft.AspNetCore.App.Ref\8.0.22\ref\net8.0\Microsoft.AspNetCore.Authentication.Core.dll".
             Reference found at search path location "{RawFileName}".
             This reference is not "CopyLocal" because at least one source item had "Private" set to "false" and no source items had "Private" set to "true".
         Primary reference "Microsoft.AspNetCore.Authentication.OAuth, Version=8.0.0.0, Culture=neutral, PublicKeyToken=adb9793829ddae60".
             Resolved file path is "C:\Program Files\dotnet\packs\Microsoft.AspNetCore.App.Ref\8.0.22\ref\net8.0\Microsoft.AspNetCore.Authentication.OAuth.dll".
             Reference found at search path location "{RawFileName}".
             This reference is not "CopyLocal" because at least one source item had "Private" set to "false" and no source items had "Private" set to "true".
         Primary reference "Microsoft.AspNetCore.Authentication, Version=8.0.0.0, Culture=neutral, PublicKeyToken=adb9793829ddae60".
             Resolved file path is "C:\Program Files\dotnet\packs\Microsoft.AspNetCore.App.Ref\8.0.22\ref\net8.0\Microsoft.AspNetCore.Authentication.dll".
             Reference found at search path location "{RawFileName}".
             This reference is not "CopyLocal" because at least one source item had "Private" set to "false" and no source items had "Private" set to "true".
         Primary reference "Microsoft.AspNetCore.Authorization.Policy, Version=8.0.0.0, Culture=neutral, PublicKeyToken=adb9793829ddae60".
             Resolved file path is "C:\Program Files\dotnet\packs\Microsoft.AspNetCore.App.Ref\8.0.22\ref\net8.0\Microsoft.AspNetCore.Authorization.Policy.dll".
             Reference found at search path location "{RawFileName}".
             This reference is not "CopyLocal" because at least one source item had "Private" set to "false" and no source items had "Private" set to "true".
         Primary reference "Microsoft.AspNetCore.Authorization, Version=8.0.0.0, Culture=neutral, PublicKeyToken=adb9793829ddae60".
             Resolved file path is "C:\Program Files\dotnet\packs\Microsoft.AspNetCore.App.Ref\8.0.22\ref\net8.0\Microsoft.AspNetCore.Authorization.dll".
             Reference found at search path location "{RawFileName}".
             This reference is not "CopyLocal" because at least one source item had "Private" set to "false" and no source items had "Private" set to "true".
         Primary reference "Microsoft.AspNetCore.Components.Authorization, Version=8.0.0.0, Culture=neutral, PublicKeyToken=adb9793829ddae60".
             Resolved file path is "C:\Program Files\dotnet\packs\Microsoft.AspNetCore.App.Ref\8.0.22\ref\net8.0\Microsoft.AspNetCore.Components.Authorization.dll".
             Reference found at search path location "{RawFileName}".
             This reference is not "CopyLocal" because at least one source item had "Private" set to "false" and no source items had "Private" set to "true".
         Primary reference "Microsoft.AspNetCore.Components.Endpoints, Version=8.0.0.0, Culture=neutral, PublicKeyToken=adb9793829ddae60".
             Resolved file path is "C:\Program Files\dotnet\packs\Microsoft.AspNetCore.App.Ref\8.0.22\ref\net8.0\Microsoft.AspNetCore.Components.Endpoints.dll".
             Reference found at search path location "{RawFileName}".
             This reference is not "CopyLocal" because at least one source item had "Private" set to "false" and no source items had "Private" set to "true".
         Primary reference "Microsoft.AspNetCore.Components.Forms, Version=8.0.0.0, Culture=neutral, PublicKeyToken=adb9793829ddae60".
             Resolved file path is "C:\Program Files\dotnet\packs\Microsoft.AspNetCore.App.Ref\8.0.22\ref\net8.0\Microsoft.AspNetCore.Components.Forms.dll".
             Reference found at search path location "{RawFileName}".
             This reference is not "CopyLocal" because at least one source item had "Private" set to "false" and no source items had "Private" set to "true".
         Primary reference "Microsoft.AspNetCore.Components.Server, Version=8.0.0.0, Culture=neutral, PublicKeyToken=adb9793829ddae60".
             Resolved file path is "C:\Program Files\dotnet\packs\Microsoft.AspNetCore.App.Ref\8.0.22\ref\net8.0\Microsoft.AspNetCore.Components.Server.dll".
             Reference found at search path location "{RawFileName}".
             This reference is not "CopyLocal" because at least one source item had "Private" set to "false" and no source items had "Private" set to "true".
         Primary reference "Microsoft.AspNetCore.Components.Web, Version=8.0.0.0, Culture=neutral, PublicKeyToken=adb9793829ddae60".
             Resolved file path is "C:\Program Files\dotnet\packs\Microsoft.AspNetCore.App.Ref\8.0.22\ref\net8.0\Microsoft.AspNetCore.Components.Web.dll".
             Reference found at search path location "{RawFileName}".
             This reference is not "CopyLocal" because at least one source item had "Private" set to "false" and no source items had "Private" set to "true".
         Primary reference "Microsoft.AspNetCore.Components, Version=8.0.0.0, Culture=neutral, PublicKeyToken=adb9793829ddae60".
             Resolved file path is "C:\Program Files\dotnet\packs\Microsoft.AspNetCore.App.Ref\8.0.22\ref\net8.0\Microsoft.AspNetCore.Components.dll".
             Reference found at search path location "{RawFileName}".
             This reference is not "CopyLocal" because at least one source item had "Private" set to "false" and no source items had "Private" set to "true".
         Primary reference "Microsoft.AspNetCore.Connections.Abstractions, Version=8.0.0.0, Culture=neutral, PublicKeyToken=adb9793829ddae60".
             Resolved file path is "C:\Program Files\dotnet\packs\Microsoft.AspNetCore.App.Ref\8.0.22\ref\net8.0\Microsoft.AspNetCore.Connections.Abstractions.dll".
             Reference found at search path location "{RawFileName}".
             This reference is not "CopyLocal" because at least one source item had "Private" set to "false" and no source items had "Private" set to "true".
         Primary reference "Microsoft.AspNetCore.CookiePolicy, Version=8.0.0.0, Culture=neutral, PublicKeyToken=adb9793829ddae60".
             Resolved file path is "C:\Program Files\dotnet\packs\Microsoft.AspNetCore.App.Ref\8.0.22\ref\net8.0\Microsoft.AspNetCore.CookiePolicy.dll".
             Reference found at search path location "{RawFileName}".
             This reference is not "CopyLocal" because at least one source item had "Private" set to "false" and no source items had "Private" set to "true".
         Primary reference "Microsoft.AspNetCore.Cors, Version=8.0.0.0, Culture=neutral, PublicKeyToken=adb9793829ddae60".
             Resolved file path is "C:\Program Files\dotnet\packs\Microsoft.AspNetCore.App.Ref\8.0.22\ref\net8.0\Microsoft.AspNetCore.Cors.dll".
             Reference found at search path location "{RawFileName}".
             This reference is not "CopyLocal" because at least one source item had "Private" set to "false" and no source items had "Private" set to "true".
         Primary reference "Microsoft.AspNetCore.Cryptography.Internal, Version=8.0.0.0, Culture=neutral, PublicKeyToken=adb9793829ddae60".
             Resolved file path is "C:\Program Files\dotnet\packs\Microsoft.AspNetCore.App.Ref\8.0.22\ref\net8.0\Microsoft.AspNetCore.Cryptography.Internal.dll".
             Reference found at search path location "{RawFileName}".
             This reference is not "CopyLocal" because at least one source item had "Private" set to "false" and no source items had "Private" set to "true".
         Primary reference "Microsoft.AspNetCore.Cryptography.KeyDerivation, Version=8.0.0.0, Culture=neutral, PublicKeyToken=adb9793829ddae60".
             Resolved file path is "C:\Program Files\dotnet\packs\Microsoft.AspNetCore.App.Ref\8.0.22\ref\net8.0\Microsoft.AspNetCore.Cryptography.KeyDerivation.dll".
             Reference found at search path location "{RawFileName}".
             This reference is not "CopyLocal" because at least one source item had "Private" set to "false" and no source items had "Private" set to "true".
         Primary reference "Microsoft.AspNetCore.DataProtection.Abstractions, Version=8.0.0.0, Culture=neutral, PublicKeyToken=adb9793829ddae60".
             Resolved file path is "C:\Program Files\dotnet\packs\Microsoft.AspNetCore.App.Ref\8.0.22\ref\net8.0\Microsoft.AspNetCore.DataProtection.Abstractions.dll".
             Reference found at search path location "{RawFileName}".
             This reference is not "CopyLocal" because at least one source item had "Private" set to "false" and no source items had "Private" set to "true".
         Primary reference "Microsoft.AspNetCore.DataProtection.Extensions, Version=8.0.0.0, Culture=neutral, PublicKeyToken=adb9793829ddae60".
             Resolved file path is "C:\Program Files\dotnet\packs\Microsoft.AspNetCore.App.Ref\8.0.22\ref\net8.0\Microsoft.AspNetCore.DataProtection.Extensions.dll".
             Reference found at search path location "{RawFileName}".
             This reference is not "CopyLocal" because at least one source item had "Private" set to "false" and no source items had "Private" set to "true".
         Primary reference "Microsoft.AspNetCore.DataProtection, Version=8.0.0.0, Culture=neutral, PublicKeyToken=adb9793829ddae60".
             Resolved file path is "C:\Program Files\dotnet\packs\Microsoft.AspNetCore.App.Ref\8.0.22\ref\net8.0\Microsoft.AspNetCore.DataProtection.dll".
             Reference found at search path location "{RawFileName}".
             This reference is not "CopyLocal" because at least one source item had "Private" set to "false" and no source items had "Private" set to "true".
         Primary reference "Microsoft.AspNetCore.Diagnostics.Abstractions, Version=8.0.0.0, Culture=neutral, PublicKeyToken=adb9793829ddae60".
             Resolved file path is "C:\Program Files\dotnet\packs\Microsoft.AspNetCore.App.Ref\8.0.22\ref\net8.0\Microsoft.AspNetCore.Diagnostics.Abstractions.dll".
             Reference found at search path location "{RawFileName}".
             This reference is not "CopyLocal" because at least one source item had "Private" set to "false" and no source items had "Private" set to "true".
         Primary reference "Microsoft.AspNetCore.Diagnostics.HealthChecks, Version=8.0.0.0, Culture=neutral, PublicKeyToken=adb9793829ddae60".
             Resolved file path is "C:\Program Files\dotnet\packs\Microsoft.AspNetCore.App.Ref\8.0.22\ref\net8.0\Microsoft.AspNetCore.Diagnostics.HealthChecks.dll".
             Reference found at search path location "{RawFileName}".
             This reference is not "CopyLocal" because at least one source item had "Private" set to "false" and no source items had "Private" set to "true".
         Primary reference "Microsoft.AspNetCore.Diagnostics, Version=8.0.0.0, Culture=neutral, PublicKeyToken=adb9793829ddae60".
             Resolved file path is "C:\Program Files\dotnet\packs\Microsoft.AspNetCore.App.Ref\8.0.22\ref\net8.0\Microsoft.AspNetCore.Diagnostics.dll".
             Reference found at search path location "{RawFileName}".
             This reference is not "CopyLocal" because at least one source item had "Private" set to "false" and no source items had "Private" set to "true".
         Primary reference "Microsoft.AspNetCore.HostFiltering, Version=8.0.0.0, Culture=neutral, PublicKeyToken=adb9793829ddae60".
             Resolved file path is "C:\Program Files\dotnet\packs\Microsoft.AspNetCore.App.Ref\8.0.22\ref\net8.0\Microsoft.AspNetCore.HostFiltering.dll".
             Reference found at search path location "{RawFileName}".
             This reference is not "CopyLocal" because at least one source item had "Private" set to "false" and no source items had "Private" set to "true".
         Primary reference "Microsoft.AspNetCore.Hosting.Abstractions, Version=8.0.0.0, Culture=neutral, PublicKeyToken=adb9793829ddae60".
             Resolved file path is "C:\Program Files\dotnet\packs\Microsoft.AspNetCore.App.Ref\8.0.22\ref\net8.0\Microsoft.AspNetCore.Hosting.Abstractions.dll".
             Reference found at search path location "{RawFileName}".
             This reference is not "CopyLocal" because at least one source item had "Private" set to "false" and no source items had "Private" set to "true".
         Primary reference "Microsoft.AspNetCore.Hosting.Server.Abstractions, Version=8.0.0.0, Culture=neutral, PublicKeyToken=adb9793829ddae60".
             Resolved file path is "C:\Program Files\dotnet\packs\Microsoft.AspNetCore.App.Ref\8.0.22\ref\net8.0\Microsoft.AspNetCore.Hosting.Server.Abstractions.dll".
             Reference found at search path location "{RawFileName}".
             This reference is not "CopyLocal" because at least one source item had "Private" set to "false" and no source items had "Private" set to "true".
         Primary reference "Microsoft.AspNetCore.Hosting, Version=8.0.0.0, Culture=neutral, PublicKeyToken=adb9793829ddae60".
             Resolved file path is "C:\Program Files\dotnet\packs\Microsoft.AspNetCore.App.Ref\8.0.22\ref\net8.0\Microsoft.AspNetCore.Hosting.dll".
             Reference found at search path location "{RawFileName}".
             This reference is not "CopyLocal" because at least one source item had "Private" set to "false" and no source items had "Private" set to "true".
         Primary reference "Microsoft.AspNetCore.Html.Abstractions, Version=8.0.0.0, Culture=neutral, PublicKeyToken=adb9793829ddae60".
             Resolved file path is "C:\Program Files\dotnet\packs\Microsoft.AspNetCore.App.Ref\8.0.22\ref\net8.0\Microsoft.AspNetCore.Html.Abstractions.dll".
             Reference found at search path location "{RawFileName}".
             This reference is not "CopyLocal" because at least one source item had "Private" set to "false" and no source items had "Private" set to "true".
         Primary reference "Microsoft.AspNetCore.Http.Abstractions, Version=8.0.0.0, Culture=neutral, PublicKeyToken=adb9793829ddae60".
             Resolved file path is "C:\Program Files\dotnet\packs\Microsoft.AspNetCore.App.Ref\8.0.22\ref\net8.0\Microsoft.AspNetCore.Http.Abstractions.dll".
             Reference found at search path location "{RawFileName}".
             This reference is not "CopyLocal" because at least one source item had "Private" set to "false" and no source items had "Private" set to "true".
         Primary reference "Microsoft.AspNetCore.Http.Connections.Common, Version=8.0.0.0, Culture=neutral, PublicKeyToken=adb9793829ddae60".
             Resolved file path is "C:\Program Files\dotnet\packs\Microsoft.AspNetCore.App.Ref\8.0.22\ref\net8.0\Microsoft.AspNetCore.Http.Connections.Common.dll".
             Reference found at search path location "{RawFileName}".
             This reference is not "CopyLocal" because at least one source item had "Private" set to "false" and no source items had "Private" set to "true".
         Primary reference "Microsoft.AspNetCore.Http.Connections, Version=8.0.0.0, Culture=neutral, PublicKeyToken=adb9793829ddae60".
             Resolved file path is "C:\Program Files\dotnet\packs\Microsoft.AspNetCore.App.Ref\8.0.22\ref\net8.0\Microsoft.AspNetCore.Http.Connections.dll".
             Reference found at search path location "{RawFileName}".
             This reference is not "CopyLocal" because at least one source item had "Private" set to "false" and no source items had "Private" set to "true".
         Primary reference "Microsoft.AspNetCore.Http.Extensions, Version=8.0.0.0, Culture=neutral, PublicKeyToken=adb9793829ddae60".
             Resolved file path is "C:\Program Files\dotnet\packs\Microsoft.AspNetCore.App.Ref\8.0.22\ref\net8.0\Microsoft.AspNetCore.Http.Extensions.dll".
             Reference found at search path location "{RawFileName}".
             This reference is not "CopyLocal" because at least one source item had "Private" set to "false" and no source items had "Private" set to "true".
         Primary reference "Microsoft.AspNetCore.Http.Features, Version=8.0.0.0, Culture=neutral, PublicKeyToken=adb9793829ddae60".
             Resolved file path is "C:\Program Files\dotnet\packs\Microsoft.AspNetCore.App.Ref\8.0.22\ref\net8.0\Microsoft.AspNetCore.Http.Features.dll".
             Reference found at search path location "{RawFileName}".
             This reference is not "CopyLocal" because at least one source item had "Private" set to "false" and no source items had "Private" set to "true".
         Primary reference "Microsoft.AspNetCore.Http.Results, Version=8.0.0.0, Culture=neutral, PublicKeyToken=adb9793829ddae60".
             Resolved file path is "C:\Program Files\dotnet\packs\Microsoft.AspNetCore.App.Ref\8.0.22\ref\net8.0\Microsoft.AspNetCore.Http.Results.dll".
             Reference found at search path location "{RawFileName}".
             This reference is not "CopyLocal" because at least one source item had "Private" set to "false" and no source items had "Private" set to "true".
         Primary reference "Microsoft.AspNetCore.Http, Version=8.0.0.0, Culture=neutral, PublicKeyToken=adb9793829ddae60".
             Resolved file path is "C:\Program Files\dotnet\packs\Microsoft.AspNetCore.App.Ref\8.0.22\ref\net8.0\Microsoft.AspNetCore.Http.dll".
             Reference found at search path location "{RawFileName}".
             This reference is not "CopyLocal" because at least one source item had "Private" set to "false" and no source items had "Private" set to "true".
         Primary reference "Microsoft.AspNetCore.HttpLogging, Version=8.0.0.0, Culture=neutral, PublicKeyToken=adb9793829ddae60".
             Resolved file path is "C:\Program Files\dotnet\packs\Microsoft.AspNetCore.App.Ref\8.0.22\ref\net8.0\Microsoft.AspNetCore.HttpLogging.dll".
             Reference found at search path location "{RawFileName}".
             This reference is not "CopyLocal" because at least one source item had "Private" set to "false" and no source items had "Private" set to "true".
         Primary reference "Microsoft.AspNetCore.HttpOverrides, Version=8.0.0.0, Culture=neutral, PublicKeyToken=adb9793829ddae60".
             Resolved file path is "C:\Program Files\dotnet\packs\Microsoft.AspNetCore.App.Ref\8.0.22\ref\net8.0\Microsoft.AspNetCore.HttpOverrides.dll".
             Reference found at search path location "{RawFileName}".
             This reference is not "CopyLocal" because at least one source item had "Private" set to "false" and no source items had "Private" set to "true".
         Primary reference "Microsoft.AspNetCore.HttpsPolicy, Version=8.0.0.0, Culture=neutral, PublicKeyToken=adb9793829ddae60".
             Resolved file path is "C:\Program Files\dotnet\packs\Microsoft.AspNetCore.App.Ref\8.0.22\ref\net8.0\Microsoft.AspNetCore.HttpsPolicy.dll".
             Reference found at search path location "{RawFileName}".
             This reference is not "CopyLocal" because at least one source item had "Private" set to "false" and no source items had "Private" set to "true".
         Primary reference "Microsoft.AspNetCore.Identity, Version=8.0.0.0, Culture=neutral, PublicKeyToken=adb9793829ddae60".
             Resolved file path is "C:\Program Files\dotnet\packs\Microsoft.AspNetCore.App.Ref\8.0.22\ref\net8.0\Microsoft.AspNetCore.Identity.dll".
             Reference found at search path location "{RawFileName}".
             This reference is not "CopyLocal" because at least one source item had "Private" set to "false" and no source items had "Private" set to "true".
         Primary reference "Microsoft.AspNetCore.Localization.Routing, Version=8.0.0.0, Culture=neutral, PublicKeyToken=adb9793829ddae60".
             Resolved file path is "C:\Program Files\dotnet\packs\Microsoft.AspNetCore.App.Ref\8.0.22\ref\net8.0\Microsoft.AspNetCore.Localization.Routing.dll".
             Reference found at search path location "{RawFileName}".
             This reference is not "CopyLocal" because at least one source item had "Private" set to "false" and no source items had "Private" set to "true".
         Primary reference "Microsoft.AspNetCore.Localization, Version=8.0.0.0, Culture=neutral, PublicKeyToken=adb9793829ddae60".
             Resolved file path is "C:\Program Files\dotnet\packs\Microsoft.AspNetCore.App.Ref\8.0.22\ref\net8.0\Microsoft.AspNetCore.Localization.dll".
             Reference found at search path location "{RawFileName}".
             This reference is not "CopyLocal" because at least one source item had "Private" set to "false" and no source items had "Private" set to "true".
         Primary reference "Microsoft.AspNetCore.Metadata, Version=8.0.0.0, Culture=neutral, PublicKeyToken=adb9793829ddae60".
             Resolved file path is "C:\Program Files\dotnet\packs\Microsoft.AspNetCore.App.Ref\8.0.22\ref\net8.0\Microsoft.AspNetCore.Metadata.dll".
             Reference found at search path location "{RawFileName}".
             This reference is not "CopyLocal" because at least one source item had "Private" set to "false" and no source items had "Private" set to "true".
         Primary reference "Microsoft.AspNetCore.Mvc.Abstractions, Version=8.0.0.0, Culture=neutral, PublicKeyToken=adb9793829ddae60".
             Resolved file path is "C:\Program Files\dotnet\packs\Microsoft.AspNetCore.App.Ref\8.0.22\ref\net8.0\Microsoft.AspNetCore.Mvc.Abstractions.dll".
             Reference found at search path location "{RawFileName}".
             This reference is not "CopyLocal" because at least one source item had "Private" set to "false" and no source items had "Private" set to "true".
         Primary reference "Microsoft.AspNetCore.Mvc.ApiExplorer, Version=8.0.0.0, Culture=neutral, PublicKeyToken=adb9793829ddae60".
             Resolved file path is "C:\Program Files\dotnet\packs\Microsoft.AspNetCore.App.Ref\8.0.22\ref\net8.0\Microsoft.AspNetCore.Mvc.ApiExplorer.dll".
             Reference found at search path location "{RawFileName}".
             This reference is not "CopyLocal" because at least one source item had "Private" set to "false" and no source items had "Private" set to "true".
         Primary reference "Microsoft.AspNetCore.Mvc.Core, Version=8.0.0.0, Culture=neutral, PublicKeyToken=adb9793829ddae60".
             Resolved file path is "C:\Program Files\dotnet\packs\Microsoft.AspNetCore.App.Ref\8.0.22\ref\net8.0\Microsoft.AspNetCore.Mvc.Core.dll".
             Reference found at search path location "{RawFileName}".
             This reference is not "CopyLocal" because at least one source item had "Private" set to "false" and no source items had "Private" set to "true".
         Primary reference "Microsoft.AspNetCore.Mvc.Cors, Version=8.0.0.0, Culture=neutral, PublicKeyToken=adb9793829ddae60".
             Resolved file path is "C:\Program Files\dotnet\packs\Microsoft.AspNetCore.App.Ref\8.0.22\ref\net8.0\Microsoft.AspNetCore.Mvc.Cors.dll".
             Reference found at search path location "{RawFileName}".
             This reference is not "CopyLocal" because at least one source item had "Private" set to "false" and no source items had "Private" set to "true".
         Primary reference "Microsoft.AspNetCore.Mvc.DataAnnotations, Version=8.0.0.0, Culture=neutral, PublicKeyToken=adb9793829ddae60".
             Resolved file path is "C:\Program Files\dotnet\packs\Microsoft.AspNetCore.App.Ref\8.0.22\ref\net8.0\Microsoft.AspNetCore.Mvc.DataAnnotations.dll".
             Reference found at search path location "{RawFileName}".
             This reference is not "CopyLocal" because at least one source item had "Private" set to "false" and no source items had "Private" set to "true".
         Primary reference "Microsoft.AspNetCore.Mvc.Formatters.Json, Version=8.0.0.0, Culture=neutral, PublicKeyToken=adb9793829ddae60".
             Resolved file path is "C:\Program Files\dotnet\packs\Microsoft.AspNetCore.App.Ref\8.0.22\ref\net8.0\Microsoft.AspNetCore.Mvc.Formatters.Json.dll".
             Reference found at search path location "{RawFileName}".
             This reference is not "CopyLocal" because at least one source item had "Private" set to "false" and no source items had "Private" set to "true".
         Primary reference "Microsoft.AspNetCore.Mvc.Formatters.Xml, Version=8.0.0.0, Culture=neutral, PublicKeyToken=adb9793829ddae60".
             Resolved file path is "C:\Program Files\dotnet\packs\Microsoft.AspNetCore.App.Ref\8.0.22\ref\net8.0\Microsoft.AspNetCore.Mvc.Formatters.Xml.dll".
             Reference found at search path location "{RawFileName}".
             This reference is not "CopyLocal" because at least one source item had "Private" set to "false" and no source items had "Private" set to "true".
         Primary reference "Microsoft.AspNetCore.Mvc.Localization, Version=8.0.0.0, Culture=neutral, PublicKeyToken=adb9793829ddae60".
             Resolved file path is "C:\Program Files\dotnet\packs\Microsoft.AspNetCore.App.Ref\8.0.22\ref\net8.0\Microsoft.AspNetCore.Mvc.Localization.dll".
             Reference found at search path location "{RawFileName}".
             This reference is not "CopyLocal" because at least one source item had "Private" set to "false" and no source items had "Private" set to "true".
         Primary reference "Microsoft.AspNetCore.Mvc.Razor, Version=8.0.0.0, Culture=neutral, PublicKeyToken=adb9793829ddae60".
             Resolved file path is "C:\Program Files\dotnet\packs\Microsoft.AspNetCore.App.Ref\8.0.22\ref\net8.0\Microsoft.AspNetCore.Mvc.Razor.dll".
             Reference found at search path location "{RawFileName}".
             This reference is not "CopyLocal" because at least one source item had "Private" set to "false" and no source items had "Private" set to "true".
         Primary reference "Microsoft.AspNetCore.Mvc.RazorPages, Version=8.0.0.0, Culture=neutral, PublicKeyToken=adb9793829ddae60".
             Resolved file path is "C:\Program Files\dotnet\packs\Microsoft.AspNetCore.App.Ref\8.0.22\ref\net8.0\Microsoft.AspNetCore.Mvc.RazorPages.dll".
             Reference found at search path location "{RawFileName}".
             This reference is not "CopyLocal" because at least one source item had "Private" set to "false" and no source items had "Private" set to "true".
         Primary reference "Microsoft.AspNetCore.Mvc.TagHelpers, Version=8.0.0.0, Culture=neutral, PublicKeyToken=adb9793829ddae60".
             Resolved file path is "C:\Program Files\dotnet\packs\Microsoft.AspNetCore.App.Ref\8.0.22\ref\net8.0\Microsoft.AspNetCore.Mvc.TagHelpers.dll".
             Reference found at search path location "{RawFileName}".
             This reference is not "CopyLocal" because at least one source item had "Private" set to "false" and no source items had "Private" set to "true".
         Primary reference "Microsoft.AspNetCore.Mvc.ViewFeatures, Version=8.0.0.0, Culture=neutral, PublicKeyToken=adb9793829ddae60".
             Resolved file path is "C:\Program Files\dotnet\packs\Microsoft.AspNetCore.App.Ref\8.0.22\ref\net8.0\Microsoft.AspNetCore.Mvc.ViewFeatures.dll".
             Reference found at search path location "{RawFileName}".
             This reference is not "CopyLocal" because at least one source item had "Private" set to "false" and no source items had "Private" set to "true".
         Primary reference "Microsoft.AspNetCore.Mvc, Version=8.0.0.0, Culture=neutral, PublicKeyToken=adb9793829ddae60".
             Resolved file path is "C:\Program Files\dotnet\packs\Microsoft.AspNetCore.App.Ref\8.0.22\ref\net8.0\Microsoft.AspNetCore.Mvc.dll".
             Reference found at search path location "{RawFileName}".
             This reference is not "CopyLocal" because at least one source item had "Private" set to "false" and no source items had "Private" set to "true".
         Primary reference "Microsoft.AspNetCore.OutputCaching, Version=8.0.0.0, Culture=neutral, PublicKeyToken=adb9793829ddae60".
             Resolved file path is "C:\Program Files\dotnet\packs\Microsoft.AspNetCore.App.Ref\8.0.22\ref\net8.0\Microsoft.AspNetCore.OutputCaching.dll".
             Reference found at search path location "{RawFileName}".
             This reference is not "CopyLocal" because at least one source item had "Private" set to "false" and no source items had "Private" set to "true".
         Primary reference "Microsoft.AspNetCore.RateLimiting, Version=8.0.0.0, Culture=neutral, PublicKeyToken=adb9793829ddae60".
             Resolved file path is "C:\Program Files\dotnet\packs\Microsoft.AspNetCore.App.Ref\8.0.22\ref\net8.0\Microsoft.AspNetCore.RateLimiting.dll".
             Reference found at search path location "{RawFileName}".
             This reference is not "CopyLocal" because at least one source item had "Private" set to "false" and no source items had "Private" set to "true".
         Primary reference "Microsoft.AspNetCore.Razor.Runtime, Version=8.0.0.0, Culture=neutral, PublicKeyToken=adb9793829ddae60".
             Resolved file path is "C:\Program Files\dotnet\packs\Microsoft.AspNetCore.App.Ref\8.0.22\ref\net8.0\Microsoft.AspNetCore.Razor.Runtime.dll".
             Reference found at search path location "{RawFileName}".
             This reference is not "CopyLocal" because at least one source item had "Private" set to "false" and no source items had "Private" set to "true".
         Primary reference "Microsoft.AspNetCore.Razor, Version=8.0.0.0, Culture=neutral, PublicKeyToken=adb9793829ddae60".
             Resolved file path is "C:\Program Files\dotnet\packs\Microsoft.AspNetCore.App.Ref\8.0.22\ref\net8.0\Microsoft.AspNetCore.Razor.dll".
             Reference found at search path location "{RawFileName}".
             This reference is not "CopyLocal" because at least one source item had "Private" set to "false" and no source items had "Private" set to "true".
         Primary reference "Microsoft.AspNetCore.RequestDecompression, Version=8.0.0.0, Culture=neutral, PublicKeyToken=adb9793829ddae60".
             Resolved file path is "C:\Program Files\dotnet\packs\Microsoft.AspNetCore.App.Ref\8.0.22\ref\net8.0\Microsoft.AspNetCore.RequestDecompression.dll".
             Reference found at search path location "{RawFileName}".
             This reference is not "CopyLocal" because at least one source item had "Private" set to "false" and no source items had "Private" set to "true".
         Primary reference "Microsoft.AspNetCore.ResponseCaching.Abstractions, Version=8.0.0.0, Culture=neutral, PublicKeyToken=adb9793829ddae60".
             Resolved file path is "C:\Program Files\dotnet\packs\Microsoft.AspNetCore.App.Ref\8.0.22\ref\net8.0\Microsoft.AspNetCore.ResponseCaching.Abstractions.dll".
             Reference found at search path location "{RawFileName}".
             This reference is not "CopyLocal" because at least one source item had "Private" set to "false" and no source items had "Private" set to "true".
         Primary reference "Microsoft.AspNetCore.ResponseCaching, Version=8.0.0.0, Culture=neutral, PublicKeyToken=adb9793829ddae60".
             Resolved file path is "C:\Program Files\dotnet\packs\Microsoft.AspNetCore.App.Ref\8.0.22\ref\net8.0\Microsoft.AspNetCore.ResponseCaching.dll".
             Reference found at search path location "{RawFileName}".
             This reference is not "CopyLocal" because at least one source item had "Private" set to "false" and no source items had "Private" set to "true".
         Primary reference "Microsoft.AspNetCore.ResponseCompression, Version=8.0.0.0, Culture=neutral, PublicKeyToken=adb9793829ddae60".
             Resolved file path is "C:\Program Files\dotnet\packs\Microsoft.AspNetCore.App.Ref\8.0.22\ref\net8.0\Microsoft.AspNetCore.ResponseCompression.dll".
             Reference found at search path location "{RawFileName}".
             This reference is not "CopyLocal" because at least one source item had "Private" set to "false" and no source items had "Private" set to "true".
         Primary reference "Microsoft.AspNetCore.Rewrite, Version=8.0.0.0, Culture=neutral, PublicKeyToken=adb9793829ddae60".
             Resolved file path is "C:\Program Files\dotnet\packs\Microsoft.AspNetCore.App.Ref\8.0.22\ref\net8.0\Microsoft.AspNetCore.Rewrite.dll".
             Reference found at search path location "{RawFileName}".
             This reference is not "CopyLocal" because at least one source item had "Private" set to "false" and no source items had "Private" set to "true".
         Primary reference "Microsoft.AspNetCore.Routing.Abstractions, Version=8.0.0.0, Culture=neutral, PublicKeyToken=adb9793829ddae60".
             Resolved file path is "C:\Program Files\dotnet\packs\Microsoft.AspNetCore.App.Ref\8.0.22\ref\net8.0\Microsoft.AspNetCore.Routing.Abstractions.dll".
             Reference found at search path location "{RawFileName}".
             This reference is not "CopyLocal" because at least one source item had "Private" set to "false" and no source items had "Private" set to "true".
         Primary reference "Microsoft.AspNetCore.Routing, Version=8.0.0.0, Culture=neutral, PublicKeyToken=adb9793829ddae60".
             Resolved file path is "C:\Program Files\dotnet\packs\Microsoft.AspNetCore.App.Ref\8.0.22\ref\net8.0\Microsoft.AspNetCore.Routing.dll".
             Reference found at search path location "{RawFileName}".
             This reference is not "CopyLocal" because at least one source item had "Private" set to "false" and no source items had "Private" set to "true".
         Primary reference "Microsoft.AspNetCore.Server.HttpSys, Version=8.0.0.0, Culture=neutral, PublicKeyToken=adb9793829ddae60".
             Resolved file path is "C:\Program Files\dotnet\packs\Microsoft.AspNetCore.App.Ref\8.0.22\ref\net8.0\Microsoft.AspNetCore.Server.HttpSys.dll".
             Reference found at search path location "{RawFileName}".
             This reference is not "CopyLocal" because at least one source item had "Private" set to "false" and no source items had "Private" set to "true".
         Primary reference "Microsoft.AspNetCore.Server.IIS, Version=8.0.0.0, Culture=neutral, PublicKeyToken=adb9793829ddae60".
             Resolved file path is "C:\Program Files\dotnet\packs\Microsoft.AspNetCore.App.Ref\8.0.22\ref\net8.0\Microsoft.AspNetCore.Server.IIS.dll".
             Reference found at search path location "{RawFileName}".
             This reference is not "CopyLocal" because at least one source item had "Private" set to "false" and no source items had "Private" set to "true".
         Primary reference "Microsoft.AspNetCore.Server.IISIntegration, Version=8.0.0.0, Culture=neutral, PublicKeyToken=adb9793829ddae60".
             Resolved file path is "C:\Program Files\dotnet\packs\Microsoft.AspNetCore.App.Ref\8.0.22\ref\net8.0\Microsoft.AspNetCore.Server.IISIntegration.dll".
             Reference found at search path location "{RawFileName}".
             This reference is not "CopyLocal" because at least one source item had "Private" set to "false" and no source items had "Private" set to "true".
         Primary reference "Microsoft.AspNetCore.Server.Kestrel.Core, Version=8.0.0.0, Culture=neutral, PublicKeyToken=adb9793829ddae60".
             Resolved file path is "C:\Program Files\dotnet\packs\Microsoft.AspNetCore.App.Ref\8.0.22\ref\net8.0\Microsoft.AspNetCore.Server.Kestrel.Core.dll".
             Reference found at search path location "{RawFileName}".
             This reference is not "CopyLocal" because at least one source item had "Private" set to "false" and no source items had "Private" set to "true".
         Primary reference "Microsoft.AspNetCore.Server.Kestrel.Transport.NamedPipes, Version=8.0.0.0, Culture=neutral, PublicKeyToken=adb9793829ddae60".
             Resolved file path is "C:\Program Files\dotnet\packs\Microsoft.AspNetCore.App.Ref\8.0.22\ref\net8.0\Microsoft.AspNetCore.Server.Kestrel.Transport.NamedPipes.dll".
             Reference found at search path location "{RawFileName}".
             This reference is not "CopyLocal" because at least one source item had "Private" set to "false" and no source items had "Private" set to "true".
         Primary reference "Microsoft.AspNetCore.Server.Kestrel.Transport.Quic, Version=8.0.0.0, Culture=neutral, PublicKeyToken=adb9793829ddae60".
             Resolved file path is "C:\Program Files\dotnet\packs\Microsoft.AspNetCore.App.Ref\8.0.22\ref\net8.0\Microsoft.AspNetCore.Server.Kestrel.Transport.Quic.dll".
             Reference found at search path location "{RawFileName}".
             This reference is not "CopyLocal" because at least one source item had "Private" set to "false" and no source items had "Private" set to "true".
         Primary reference "Microsoft.AspNetCore.Server.Kestrel.Transport.Sockets, Version=8.0.0.0, Culture=neutral, PublicKeyToken=adb9793829ddae60".
             Resolved file path is "C:\Program Files\dotnet\packs\Microsoft.AspNetCore.App.Ref\8.0.22\ref\net8.0\Microsoft.AspNetCore.Server.Kestrel.Transport.Sockets.dll".
             Reference found at search path location "{RawFileName}".
             This reference is not "CopyLocal" because at least one source item had "Private" set to "false" and no source items had "Private" set to "true".
         Primary reference "Microsoft.AspNetCore.Server.Kestrel, Version=8.0.0.0, Culture=neutral, PublicKeyToken=adb9793829ddae60".
             Resolved file path is "C:\Program Files\dotnet\packs\Microsoft.AspNetCore.App.Ref\8.0.22\ref\net8.0\Microsoft.AspNetCore.Server.Kestrel.dll".
             Reference found at search path location "{RawFileName}".
             This reference is not "CopyLocal" because at least one source item had "Private" set to "false" and no source items had "Private" set to "true".
         Primary reference "Microsoft.AspNetCore.Session, Version=8.0.0.0, Culture=neutral, PublicKeyToken=adb9793829ddae60".
             Resolved file path is "C:\Program Files\dotnet\packs\Microsoft.AspNetCore.App.Ref\8.0.22\ref\net8.0\Microsoft.AspNetCore.Session.dll".
             Reference found at search path location "{RawFileName}".
             This reference is not "CopyLocal" because at least one source item had "Private" set to "false" and no source items had "Private" set to "true".
         Primary reference "Microsoft.AspNetCore.SignalR.Common, Version=8.0.0.0, Culture=neutral, PublicKeyToken=adb9793829ddae60".
             Resolved file path is "C:\Program Files\dotnet\packs\Microsoft.AspNetCore.App.Ref\8.0.22\ref\net8.0\Microsoft.AspNetCore.SignalR.Common.dll".
             Reference found at search path location "{RawFileName}".
             This reference is not "CopyLocal" because at least one source item had "Private" set to "false" and no source items had "Private" set to "true".
         Primary reference "Microsoft.AspNetCore.SignalR.Core, Version=8.0.0.0, Culture=neutral, PublicKeyToken=adb9793829ddae60".
             Resolved file path is "C:\Program Files\dotnet\packs\Microsoft.AspNetCore.App.Ref\8.0.22\ref\net8.0\Microsoft.AspNetCore.SignalR.Core.dll".
             Reference found at search path location "{RawFileName}".
             This reference is not "CopyLocal" because at least one source item had "Private" set to "false" and no source items had "Private" set to "true".
         Primary reference "Microsoft.AspNetCore.SignalR.Protocols.Json, Version=8.0.0.0, Culture=neutral, PublicKeyToken=adb9793829ddae60".
             Resolved file path is "C:\Program Files\dotnet\packs\Microsoft.AspNetCore.App.Ref\8.0.22\ref\net8.0\Microsoft.AspNetCore.SignalR.Protocols.Json.dll".
             Reference found at search path location "{RawFileName}".
             This reference is not "CopyLocal" because at least one source item had "Private" set to "false" and no source items had "Private" set to "true".
         Primary reference "Microsoft.AspNetCore.SignalR, Version=8.0.0.0, Culture=neutral, PublicKeyToken=adb9793829ddae60".
             Resolved file path is "C:\Program Files\dotnet\packs\Microsoft.AspNetCore.App.Ref\8.0.22\ref\net8.0\Microsoft.AspNetCore.SignalR.dll".
             Reference found at search path location "{RawFileName}".
             This reference is not "CopyLocal" because at least one source item had "Private" set to "false" and no source items had "Private" set to "true".
         Primary reference "Microsoft.AspNetCore.StaticFiles, Version=8.0.0.0, Culture=neutral, PublicKeyToken=adb9793829ddae60".
             Resolved file path is "C:\Program Files\dotnet\packs\Microsoft.AspNetCore.App.Ref\8.0.22\ref\net8.0\Microsoft.AspNetCore.StaticFiles.dll".
             Reference found at search path location "{RawFileName}".
             This reference is not "CopyLocal" because at least one source item had "Private" set to "false" and no source items had "Private" set to "true".
         Primary reference "Microsoft.AspNetCore.WebSockets, Version=8.0.0.0, Culture=neutral, PublicKeyToken=adb9793829ddae60".
             Resolved file path is "C:\Program Files\dotnet\packs\Microsoft.AspNetCore.App.Ref\8.0.22\ref\net8.0\Microsoft.AspNetCore.WebSockets.dll".
             Reference found at search path location "{RawFileName}".
             This reference is not "CopyLocal" because at least one source item had "Private" set to "false" and no source items had "Private" set to "true".
         Primary reference "Microsoft.AspNetCore.WebUtilities, Version=8.0.0.0, Culture=neutral, PublicKeyToken=adb9793829ddae60".
             Resolved file path is "C:\Program Files\dotnet\packs\Microsoft.AspNetCore.App.Ref\8.0.22\ref\net8.0\Microsoft.AspNetCore.WebUtilities.dll".
             Reference found at search path location "{RawFileName}".
             This reference is not "CopyLocal" because at least one source item had "Private" set to "false" and no source items had "Private" set to "true".
         Primary reference "Microsoft.AspNetCore, Version=8.0.0.0, Culture=neutral, PublicKeyToken=adb9793829ddae60".
             Resolved file path is "C:\Program Files\dotnet\packs\Microsoft.AspNetCore.App.Ref\8.0.22\ref\net8.0\Microsoft.AspNetCore.dll".
             Reference found at search path location "{RawFileName}".
             This reference is not "CopyLocal" because at least one source item had "Private" set to "false" and no source items had "Private" set to "true".
         Primary reference "Microsoft.Extensions.Caching.Abstractions, Version=8.0.0.0, Culture=neutral, PublicKeyToken=adb9793829ddae60".
             Resolved file path is "C:\Program Files\dotnet\packs\Microsoft.AspNetCore.App.Ref\8.0.22\ref\net8.0\Microsoft.Extensions.Caching.Abstractions.dll".
             Reference found at search path location "{RawFileName}".
             This reference is not "CopyLocal" because at least one source item had "Private" set to "false" and no source items had "Private" set to "true".
         Primary reference "Microsoft.Extensions.Caching.Memory, Version=8.0.0.0, Culture=neutral, PublicKeyToken=adb9793829ddae60".
             Resolved file path is "C:\Program Files\dotnet\packs\Microsoft.AspNetCore.App.Ref\8.0.22\ref\net8.0\Microsoft.Extensions.Caching.Memory.dll".
             Reference found at search path location "{RawFileName}".
             This reference is not "CopyLocal" because at least one source item had "Private" set to "false" and no source items had "Private" set to "true".
         Primary reference "Microsoft.Extensions.Configuration.Abstractions, Version=8.0.0.0, Culture=neutral, PublicKeyToken=adb9793829ddae60".
             Resolved file path is "C:\Program Files\dotnet\packs\Microsoft.AspNetCore.App.Ref\8.0.22\ref\net8.0\Microsoft.Extensions.Configuration.Abstractions.dll".
             Reference found at search path location "{RawFileName}".
             This reference is not "CopyLocal" because at least one source item had "Private" set to "false" and no source items had "Private" set to "true".
         Primary reference "Microsoft.Extensions.Configuration.Binder, Version=8.0.0.0, Culture=neutral, PublicKeyToken=adb9793829ddae60".
             Resolved file path is "C:\Program Files\dotnet\packs\Microsoft.AspNetCore.App.Ref\8.0.22\ref\net8.0\Microsoft.Extensions.Configuration.Binder.dll".
             Reference found at search path location "{RawFileName}".
             This reference is not "CopyLocal" because at least one source item had "Private" set to "false" and no source items had "Private" set to "true".
         Primary reference "Microsoft.Extensions.Configuration.CommandLine, Version=8.0.0.0, Culture=neutral, PublicKeyToken=adb9793829ddae60".
             Resolved file path is "C:\Program Files\dotnet\packs\Microsoft.AspNetCore.App.Ref\8.0.22\ref\net8.0\Microsoft.Extensions.Configuration.CommandLine.dll".
             Reference found at search path location "{RawFileName}".
             This reference is not "CopyLocal" because at least one source item had "Private" set to "false" and no source items had "Private" set to "true".
         Primary reference "Microsoft.Extensions.Configuration.EnvironmentVariables, Version=8.0.0.0, Culture=neutral, PublicKeyToken=adb9793829ddae60".
             Resolved file path is "C:\Program Files\dotnet\packs\Microsoft.AspNetCore.App.Ref\8.0.22\ref\net8.0\Microsoft.Extensions.Configuration.EnvironmentVariables.dll".
             Reference found at search path location "{RawFileName}".
             This reference is not "CopyLocal" because at least one source item had "Private" set to "false" and no source items had "Private" set to "true".
         Primary reference "Microsoft.Extensions.Configuration.FileExtensions, Version=8.0.0.0, Culture=neutral, PublicKeyToken=adb9793829ddae60".
             Resolved file path is "C:\Program Files\dotnet\packs\Microsoft.AspNetCore.App.Ref\8.0.22\ref\net8.0\Microsoft.Extensions.Configuration.FileExtensions.dll".
             Reference found at search path location "{RawFileName}".
             This reference is not "CopyLocal" because at least one source item had "Private" set to "false" and no source items had "Private" set to "true".
         Primary reference "Microsoft.Extensions.Configuration.Ini, Version=8.0.0.0, Culture=neutral, PublicKeyToken=adb9793829ddae60".
             Resolved file path is "C:\Program Files\dotnet\packs\Microsoft.AspNetCore.App.Ref\8.0.22\ref\net8.0\Microsoft.Extensions.Configuration.Ini.dll".
             Reference found at search path location "{RawFileName}".
             This reference is not "CopyLocal" because at least one source item had "Private" set to "false" and no source items had "Private" set to "true".
         Primary reference "Microsoft.Extensions.Configuration.Json, Version=8.0.0.0, Culture=neutral, PublicKeyToken=adb9793829ddae60".
             Resolved file path is "C:\Program Files\dotnet\packs\Microsoft.AspNetCore.App.Ref\8.0.22\ref\net8.0\Microsoft.Extensions.Configuration.Json.dll".
             Reference found at search path location "{RawFileName}".
             This reference is not "CopyLocal" because at least one source item had "Private" set to "false" and no source items had "Private" set to "true".
         Primary reference "Microsoft.Extensions.Configuration.KeyPerFile, Version=8.0.0.0, Culture=neutral, PublicKeyToken=adb9793829ddae60".
             Resolved file path is "C:\Program Files\dotnet\packs\Microsoft.AspNetCore.App.Ref\8.0.22\ref\net8.0\Microsoft.Extensions.Configuration.KeyPerFile.dll".
             Reference found at search path location "{RawFileName}".
             This reference is not "CopyLocal" because at least one source item had "Private" set to "false" and no source items had "Private" set to "true".
         Primary reference "Microsoft.Extensions.Configuration.UserSecrets, Version=8.0.0.0, Culture=neutral, PublicKeyToken=adb9793829ddae60".
             Resolved file path is "C:\Program Files\dotnet\packs\Microsoft.AspNetCore.App.Ref\8.0.22\ref\net8.0\Microsoft.Extensions.Configuration.UserSecrets.dll".
             Reference found at search path location "{RawFileName}".
             This reference is not "CopyLocal" because at least one source item had "Private" set to "false" and no source items had "Private" set to "true".
         Primary reference "Microsoft.Extensions.Configuration.Xml, Version=8.0.0.0, Culture=neutral, PublicKeyToken=adb9793829ddae60".
             Resolved file path is "C:\Program Files\dotnet\packs\Microsoft.AspNetCore.App.Ref\8.0.22\ref\net8.0\Microsoft.Extensions.Configuration.Xml.dll".
             Reference found at search path location "{RawFileName}".
             This reference is not "CopyLocal" because at least one source item had "Private" set to "false" and no source items had "Private" set to "true".
         Primary reference "Microsoft.Extensions.Configuration, Version=8.0.0.0, Culture=neutral, PublicKeyToken=adb9793829ddae60".
             Resolved file path is "C:\Program Files\dotnet\packs\Microsoft.AspNetCore.App.Ref\8.0.22\ref\net8.0\Microsoft.Extensions.Configuration.dll".
             Reference found at search path location "{RawFileName}".
             This reference is not "CopyLocal" because at least one source item had "Private" set to "false" and no source items had "Private" set to "true".
         Primary reference "Microsoft.Extensions.DependencyInjection.Abstractions, Version=8.0.0.0, Culture=neutral, PublicKeyToken=adb9793829ddae60".
             Resolved file path is "C:\Program Files\dotnet\packs\Microsoft.AspNetCore.App.Ref\8.0.22\ref\net8.0\Microsoft.Extensions.DependencyInjection.Abstractions.dll".
             Reference found at search path location "{RawFileName}".
             This reference is not "CopyLocal" because at least one source item had "Private" set to "false" and no source items had "Private" set to "true".
         Primary reference "Microsoft.Extensions.DependencyInjection, Version=8.0.0.0, Culture=neutral, PublicKeyToken=adb9793829ddae60".
             Resolved file path is "C:\Program Files\dotnet\packs\Microsoft.AspNetCore.App.Ref\8.0.22\ref\net8.0\Microsoft.Extensions.DependencyInjection.dll".
             Reference found at search path location "{RawFileName}".
             This reference is not "CopyLocal" because at least one source item had "Private" set to "false" and no source items had "Private" set to "true".
         Primary reference "Microsoft.Extensions.Diagnostics.Abstractions, Version=8.0.0.0, Culture=neutral, PublicKeyToken=adb9793829ddae60".
             Resolved file path is "C:\Program Files\dotnet\packs\Microsoft.AspNetCore.App.Ref\8.0.22\ref\net8.0\Microsoft.Extensions.Diagnostics.Abstractions.dll".
             Reference found at search path location "{RawFileName}".
             This reference is not "CopyLocal" because at least one source item had "Private" set to "false" and no source items had "Private" set to "true".
         Primary reference "Microsoft.Extensions.Diagnostics.HealthChecks.Abstractions, Version=8.0.0.0, Culture=neutral, PublicKeyToken=adb9793829ddae60".
             Resolved file path is "C:\Program Files\dotnet\packs\Microsoft.AspNetCore.App.Ref\8.0.22\ref\net8.0\Microsoft.Extensions.Diagnostics.HealthChecks.Abstractions.dll".
             Reference found at search path location "{RawFileName}".
             This reference is not "CopyLocal" because at least one source item had "Private" set to "false" and no source items had "Private" set to "true".
         Primary reference "Microsoft.Extensions.Diagnostics.HealthChecks, Version=8.0.0.0, Culture=neutral, PublicKeyToken=adb9793829ddae60".
             Resolved file path is "C:\Program Files\dotnet\packs\Microsoft.AspNetCore.App.Ref\8.0.22\ref\net8.0\Microsoft.Extensions.Diagnostics.HealthChecks.dll".
             Reference found at search path location "{RawFileName}".
             This reference is not "CopyLocal" because at least one source item had "Private" set to "false" and no source items had "Private" set to "true".
         Primary reference "Microsoft.Extensions.Diagnostics, Version=8.0.0.0, Culture=neutral, PublicKeyToken=adb9793829ddae60".
             Resolved file path is "C:\Program Files\dotnet\packs\Microsoft.AspNetCore.App.Ref\8.0.22\ref\net8.0\Microsoft.Extensions.Diagnostics.dll".
             Reference found at search path location "{RawFileName}".
             This reference is not "CopyLocal" because at least one source item had "Private" set to "false" and no source items had "Private" set to "true".
         Primary reference "Microsoft.Extensions.Features, Version=8.0.0.0, Culture=neutral, PublicKeyToken=adb9793829ddae60".
             Resolved file path is "C:\Program Files\dotnet\packs\Microsoft.AspNetCore.App.Ref\8.0.22\ref\net8.0\Microsoft.Extensions.Features.dll".
             Reference found at search path location "{RawFileName}".
             This reference is not "CopyLocal" because at least one source item had "Private" set to "false" and no source items had "Private" set to "true".
         Primary reference "Microsoft.Extensions.FileProviders.Abstractions, Version=8.0.0.0, Culture=neutral, PublicKeyToken=adb9793829ddae60".
             Resolved file path is "C:\Program Files\dotnet\packs\Microsoft.AspNetCore.App.Ref\8.0.22\ref\net8.0\Microsoft.Extensions.FileProviders.Abstractions.dll".
             Reference found at search path location "{RawFileName}".
             This reference is not "CopyLocal" because at least one source item had "Private" set to "false" and no source items had "Private" set to "true".
         Primary reference "Microsoft.Extensions.FileProviders.Composite, Version=8.0.0.0, Culture=neutral, PublicKeyToken=adb9793829ddae60".
             Resolved file path is "C:\Program Files\dotnet\packs\Microsoft.AspNetCore.App.Ref\8.0.22\ref\net8.0\Microsoft.Extensions.FileProviders.Composite.dll".
             Reference found at search path location "{RawFileName}".
             This reference is not "CopyLocal" because at least one source item had "Private" set to "false" and no source items had "Private" set to "true".
         Primary reference "Microsoft.Extensions.FileProviders.Embedded, Version=8.0.0.0, Culture=neutral, PublicKeyToken=adb9793829ddae60".
             Resolved file path is "C:\Program Files\dotnet\packs\Microsoft.AspNetCore.App.Ref\8.0.22\ref\net8.0\Microsoft.Extensions.FileProviders.Embedded.dll".
             Reference found at search path location "{RawFileName}".
             This reference is not "CopyLocal" because at least one source item had "Private" set to "false" and no source items had "Private" set to "true".
         Primary reference "Microsoft.Extensions.FileProviders.Physical, Version=8.0.0.0, Culture=neutral, PublicKeyToken=adb9793829ddae60".
             Resolved file path is "C:\Program Files\dotnet\packs\Microsoft.AspNetCore.App.Ref\8.0.22\ref\net8.0\Microsoft.Extensions.FileProviders.Physical.dll".
             Reference found at search path location "{RawFileName}".
             This reference is not "CopyLocal" because at least one source item had "Private" set to "false" and no source items had "Private" set to "true".
         Primary reference "Microsoft.Extensions.FileSystemGlobbing, Version=8.0.0.0, Culture=neutral, PublicKeyToken=adb9793829ddae60".
             Resolved file path is "C:\Program Files\dotnet\packs\Microsoft.AspNetCore.App.Ref\8.0.22\ref\net8.0\Microsoft.Extensions.FileSystemGlobbing.dll".
             Reference found at search path location "{RawFileName}".
             This reference is not "CopyLocal" because at least one source item had "Private" set to "false" and no source items had "Private" set to "true".
         Primary reference "Microsoft.Extensions.Hosting.Abstractions, Version=8.0.0.0, Culture=neutral, PublicKeyToken=adb9793829ddae60".
             Resolved file path is "C:\Program Files\dotnet\packs\Microsoft.AspNetCore.App.Ref\8.0.22\ref\net8.0\Microsoft.Extensions.Hosting.Abstractions.dll".
             Reference found at search path location "{RawFileName}".
             This reference is not "CopyLocal" because at least one source item had "Private" set to "false" and no source items had "Private" set to "true".
         Primary reference "Microsoft.Extensions.Hosting, Version=8.0.0.0, Culture=neutral, PublicKeyToken=adb9793829ddae60".
             Resolved file path is "C:\Program Files\dotnet\packs\Microsoft.AspNetCore.App.Ref\8.0.22\ref\net8.0\Microsoft.Extensions.Hosting.dll".
             Reference found at search path location "{RawFileName}".
             This reference is not "CopyLocal" because at least one source item had "Private" set to "false" and no source items had "Private" set to "true".
         Primary reference "Microsoft.Extensions.Http, Version=8.0.0.0, Culture=neutral, PublicKeyToken=adb9793829ddae60".
             Resolved file path is "C:\Program Files\dotnet\packs\Microsoft.AspNetCore.App.Ref\8.0.22\ref\net8.0\Microsoft.Extensions.Http.dll".
             Reference found at search path location "{RawFileName}".
             This reference is not "CopyLocal" because at least one source item had "Private" set to "false" and no source items had "Private" set to "true".
         Primary reference "Microsoft.Extensions.Identity.Core, Version=8.0.0.0, Culture=neutral, PublicKeyToken=adb9793829ddae60".
             Resolved file path is "C:\Program Files\dotnet\packs\Microsoft.AspNetCore.App.Ref\8.0.22\ref\net8.0\Microsoft.Extensions.Identity.Core.dll".
             Reference found at search path location "{RawFileName}".
             This reference is not "CopyLocal" because at least one source item had "Private" set to "false" and no source items had "Private" set to "true".
         Primary reference "Microsoft.Extensions.Identity.Stores, Version=8.0.0.0, Culture=neutral, PublicKeyToken=adb9793829ddae60".
             Resolved file path is "C:\Program Files\dotnet\packs\Microsoft.AspNetCore.App.Ref\8.0.22\ref\net8.0\Microsoft.Extensions.Identity.Stores.dll".
             Reference found at search path location "{RawFileName}".
             This reference is not "CopyLocal" because at least one source item had "Private" set to "false" and no source items had "Private" set to "true".
         Primary reference "Microsoft.Extensions.Localization.Abstractions, Version=8.0.0.0, Culture=neutral, PublicKeyToken=adb9793829ddae60".
             Resolved file path is "C:\Program Files\dotnet\packs\Microsoft.AspNetCore.App.Ref\8.0.22\ref\net8.0\Microsoft.Extensions.Localization.Abstractions.dll".
             Reference found at search path location "{RawFileName}".
             This reference is not "CopyLocal" because at least one source item had "Private" set to "false" and no source items had "Private" set to "true".
         Primary reference "Microsoft.Extensions.Localization, Version=8.0.0.0, Culture=neutral, PublicKeyToken=adb9793829ddae60".
             Resolved file path is "C:\Program Files\dotnet\packs\Microsoft.AspNetCore.App.Ref\8.0.22\ref\net8.0\Microsoft.Extensions.Localization.dll".
             Reference found at search path location "{RawFileName}".
             This reference is not "CopyLocal" because at least one source item had "Private" set to "false" and no source items had "Private" set to "true".
         Primary reference "Microsoft.Extensions.Logging.Abstractions, Version=8.0.0.0, Culture=neutral, PublicKeyToken=adb9793829ddae60".
             Resolved file path is "C:\Program Files\dotnet\packs\Microsoft.AspNetCore.App.Ref\8.0.22\ref\net8.0\Microsoft.Extensions.Logging.Abstractions.dll".
             Reference found at search path location "{RawFileName}".
             This reference is not "CopyLocal" because at least one source item had "Private" set to "false" and no source items had "Private" set to "true".
         Primary reference "Microsoft.Extensions.Logging.Configuration, Version=8.0.0.0, Culture=neutral, PublicKeyToken=adb9793829ddae60".
             Resolved file path is "C:\Program Files\dotnet\packs\Microsoft.AspNetCore.App.Ref\8.0.22\ref\net8.0\Microsoft.Extensions.Logging.Configuration.dll".
             Reference found at search path location "{RawFileName}".
             This reference is not "CopyLocal" because at least one source item had "Private" set to "false" and no source items had "Private" set to "true".
         Primary reference "Microsoft.Extensions.Logging.Console, Version=8.0.0.0, Culture=neutral, PublicKeyToken=adb9793829ddae60".
             Resolved file path is "C:\Program Files\dotnet\packs\Microsoft.AspNetCore.App.Ref\8.0.22\ref\net8.0\Microsoft.Extensions.Logging.Console.dll".
             Reference found at search path location "{RawFileName}".
             This reference is not "CopyLocal" because at least one source item had "Private" set to "false" and no source items had "Private" set to "true".
         Primary reference "Microsoft.Extensions.Logging.Debug, Version=8.0.0.0, Culture=neutral, PublicKeyToken=adb9793829ddae60".
             Resolved file path is "C:\Program Files\dotnet\packs\Microsoft.AspNetCore.App.Ref\8.0.22\ref\net8.0\Microsoft.Extensions.Logging.Debug.dll".
             Reference found at search path location "{RawFileName}".
             This reference is not "CopyLocal" because at least one source item had "Private" set to "false" and no source items had "Private" set to "true".
         Primary reference "Microsoft.Extensions.Logging.EventLog, Version=8.0.0.0, Culture=neutral, PublicKeyToken=adb9793829ddae60".
             Resolved file path is "C:\Program Files\dotnet\packs\Microsoft.AspNetCore.App.Ref\8.0.22\ref\net8.0\Microsoft.Extensions.Logging.EventLog.dll".
             Reference found at search path location "{RawFileName}".
             This reference is not "CopyLocal" because at least one source item had "Private" set to "false" and no source items had "Private" set to "true".
         Primary reference "Microsoft.Extensions.Logging.EventSource, Version=8.0.0.0, Culture=neutral, PublicKeyToken=adb9793829ddae60".
             Resolved file path is "C:\Program Files\dotnet\packs\Microsoft.AspNetCore.App.Ref\8.0.22\ref\net8.0\Microsoft.Extensions.Logging.EventSource.dll".
             Reference found at search path location "{RawFileName}".
             This reference is not "CopyLocal" because at least one source item had "Private" set to "false" and no source items had "Private" set to "true".
         Primary reference "Microsoft.Extensions.Logging.TraceSource, Version=8.0.0.0, Culture=neutral, PublicKeyToken=adb9793829ddae60".
             Resolved file path is "C:\Program Files\dotnet\packs\Microsoft.AspNetCore.App.Ref\8.0.22\ref\net8.0\Microsoft.Extensions.Logging.TraceSource.dll".
             Reference found at search path location "{RawFileName}".
             This reference is not "CopyLocal" because at least one source item had "Private" set to "false" and no source items had "Private" set to "true".
         Primary reference "Microsoft.Extensions.Logging, Version=8.0.0.0, Culture=neutral, PublicKeyToken=adb9793829ddae60".
             Resolved file path is "C:\Program Files\dotnet\packs\Microsoft.AspNetCore.App.Ref\8.0.22\ref\net8.0\Microsoft.Extensions.Logging.dll".
             Reference found at search path location "{RawFileName}".
             This reference is not "CopyLocal" because at least one source item had "Private" set to "false" and no source items had "Private" set to "true".
         Primary reference "Microsoft.Extensions.ObjectPool, Version=8.0.0.0, Culture=neutral, PublicKeyToken=adb9793829ddae60".
             Resolved file path is "C:\Program Files\dotnet\packs\Microsoft.AspNetCore.App.Ref\8.0.22\ref\net8.0\Microsoft.Extensions.ObjectPool.dll".
             Reference found at search path location "{RawFileName}".
             This reference is not "CopyLocal" because at least one source item had "Private" set to "false" and no source items had "Private" set to "true".
         Primary reference "Microsoft.Extensions.Options.ConfigurationExtensions, Version=8.0.0.0, Culture=neutral, PublicKeyToken=adb9793829ddae60".
             Resolved file path is "C:\Program Files\dotnet\packs\Microsoft.AspNetCore.App.Ref\8.0.22\ref\net8.0\Microsoft.Extensions.Options.ConfigurationExtensions.dll".
             Reference found at search path location "{RawFileName}".
             This reference is not "CopyLocal" because at least one source item had "Private" set to "false" and no source items had "Private" set to "true".
         Primary reference "Microsoft.Extensions.Options.DataAnnotations, Version=8.0.0.0, Culture=neutral, PublicKeyToken=adb9793829ddae60".
             Resolved file path is "C:\Program Files\dotnet\packs\Microsoft.AspNetCore.App.Ref\8.0.22\ref\net8.0\Microsoft.Extensions.Options.DataAnnotations.dll".
             Reference found at search path location "{RawFileName}".
             This reference is not "CopyLocal" because at least one source item had "Private" set to "false" and no source items had "Private" set to "true".
         Primary reference "Microsoft.Extensions.Options, Version=8.0.0.0, Culture=neutral, PublicKeyToken=adb9793829ddae60".
             Resolved file path is "C:\Program Files\dotnet\packs\Microsoft.AspNetCore.App.Ref\8.0.22\ref\net8.0\Microsoft.Extensions.Options.dll".
             Reference found at search path location "{RawFileName}".
             This reference is not "CopyLocal" because at least one source item had "Private" set to "false" and no source items had "Private" set to "true".
         Primary reference "Microsoft.Extensions.Primitives, Version=8.0.0.0, Culture=neutral, PublicKeyToken=adb9793829ddae60".
             Resolved file path is "C:\Program Files\dotnet\packs\Microsoft.AspNetCore.App.Ref\8.0.22\ref\net8.0\Microsoft.Extensions.Primitives.dll".
             Reference found at search path location "{RawFileName}".
             This reference is not "CopyLocal" because at least one source item had "Private" set to "false" and no source items had "Private" set to "true".
         Primary reference "Microsoft.Extensions.WebEncoders, Version=8.0.0.0, Culture=neutral, PublicKeyToken=adb9793829ddae60".
             Resolved file path is "C:\Program Files\dotnet\packs\Microsoft.AspNetCore.App.Ref\8.0.22\ref\net8.0\Microsoft.Extensions.WebEncoders.dll".
             Reference found at search path location "{RawFileName}".
             This reference is not "CopyLocal" because at least one source item had "Private" set to "false" and no source items had "Private" set to "true".
         Primary reference "Microsoft.JSInterop, Version=8.0.0.0, Culture=neutral, PublicKeyToken=adb9793829ddae60".
             Resolved file path is "C:\Program Files\dotnet\packs\Microsoft.AspNetCore.App.Ref\8.0.22\ref\net8.0\Microsoft.JSInterop.dll".
             Reference found at search path location "{RawFileName}".
             This reference is not "CopyLocal" because at least one source item had "Private" set to "false" and no source items had "Private" set to "true".
         Primary reference "Microsoft.Net.Http.Headers, Version=8.0.0.0, Culture=neutral, PublicKeyToken=adb9793829ddae60".
             Resolved file path is "C:\Program Files\dotnet\packs\Microsoft.AspNetCore.App.Ref\8.0.22\ref\net8.0\Microsoft.Net.Http.Headers.dll".
             Reference found at search path location "{RawFileName}".
             This reference is not "CopyLocal" because at least one source item had "Private" set to "false" and no source items had "Private" set to "true".
         Primary reference "System.Diagnostics.EventLog, Version=8.0.0.0, Culture=neutral, PublicKeyToken=cc7b13ffcd2ddd51".
             Resolved file path is "C:\Program Files\dotnet\packs\Microsoft.AspNetCore.App.Ref\8.0.22\ref\net8.0\System.Diagnostics.EventLog.dll".
             Reference found at search path location "{RawFileName}".
             This reference is not "CopyLocal" because at least one source item had "Private" set to "false" and no source items had "Private" set to "true".
         Primary reference "System.IO.Pipelines, Version=8.0.0.0, Culture=neutral, PublicKeyToken=cc7b13ffcd2ddd51".
             Resolved file path is "C:\Program Files\dotnet\packs\Microsoft.AspNetCore.App.Ref\8.0.22\ref\net8.0\System.IO.Pipelines.dll".
             Reference found at search path location "{RawFileName}".
             This reference is not "CopyLocal" because at least one source item had "Private" set to "false" and no source items had "Private" set to "true".
         Primary reference "System.Security.Cryptography.Xml, Version=8.0.0.0, Culture=neutral, PublicKeyToken=cc7b13ffcd2ddd51".
             Resolved file path is "C:\Program Files\dotnet\packs\Microsoft.AspNetCore.App.Ref\8.0.22\ref\net8.0\System.Security.Cryptography.Xml.dll".
             Reference found at search path location "{RawFileName}".
             This reference is not "CopyLocal" because at least one source item had "Private" set to "false" and no source items had "Private" set to "true".
         Primary reference "System.Threading.RateLimiting, Version=8.0.0.0, Culture=neutral, PublicKeyToken=cc7b13ffcd2ddd51".
             Resolved file path is "C:\Program Files\dotnet\packs\Microsoft.AspNetCore.App.Ref\8.0.22\ref\net8.0\System.Threading.RateLimiting.dll".
             Reference found at search path location "{RawFileName}".
             This reference is not "CopyLocal" because at least one source item had "Private" set to "false" and no source items had "Private" set to "true".
       Done executing task "ResolveAssemblyReference".
   1:7>Done building target "ResolveAssemblyReferences" in project "MoneyTrackerApp.csproj".
       Target "GenerateBindingRedirects" skipped, due to false condition; ('$(AutoGenerateBindingRedirects)' == 'true' and '$(GenerateBindingRedirectsOutputType)' == 'true' and '@(SuggestedBindingRedirects)' != '' and '$(DesignTimeBuild)' != 'true' and '$(BuildingProject)' == 'true') was evaluated as ('' == 'true' and 'true' == 'true' and '' != '' and '' != 'true' and 'true' == 'true').
       Target "GenerateSupportedRuntime" skipped, due to false condition; ('$(GenerateSupportedRuntime)' != 'false' and '$(TargetFrameworkIdentifier)' == '.NETFramework' and '$(HasRuntimeOutput)' == 'true') was evaluated as ('' != 'false' and '.NETCoreApp' == '.NETFramework' and 'true' == 'true').
       Target "GenerateBindingRedirectsUpdateAppConfig" skipped, due to false condition; ('$(AutoGenerateBindingRedirects)' == 'true' and '$(GenerateBindingRedirectsOutputType)' == 'true') was evaluated as ('' == 'true' and 'true' == 'true').
       Target "ResolveComReferences" skipped, due to false condition; ('@(COMReference)'!='' or '@(COMFileReference)'!='') was evaluated as (''!='' or ''!='').
   1:7>Target "AfterResolveReferences" in file "C:\Program Files\dotnet\sdk\8.0.416\Microsoft.Common.CurrentVersion.targets" from project "F:\OJT-Review\MoneyTrackerApp\Expense-Manager\MoneyTrackerApp\MoneyTrackerApp\MoneyTrackerApp.csproj" (target "ResolveReferences" depends on it):
   1:7>Done building target "AfterResolveReferences" in project "MoneyTrackerApp.csproj".
   1:7>Target "ResolveReferences" in file "C:\Program Files\dotnet\sdk\8.0.416\Microsoft.Common.CurrentVersion.targets" from project "F:\OJT-Review\MoneyTrackerApp\Expense-Manager\MoneyTrackerApp\MoneyTrackerApp\MoneyTrackerApp.csproj" (target "_BlockWinMDsOnUnsupportedTFMs" depends on it):
   1:7>Done building target "ResolveReferences" in project "MoneyTrackerApp.csproj".
   1:7>Target "_BlockWinMDsOnUnsupportedTFMs" in file "C:\Program Files\dotnet\sdk\8.0.416\Sdks\Microsoft.NET.Sdk\targets\Microsoft.NET.Sdk.targets" from project "F:\OJT-Review\MoneyTrackerApp\Expense-Manager\MoneyTrackerApp\MoneyTrackerApp\MoneyTrackerApp.csproj" (target "CoreBuild" depends on it):
       Using "CheckForUnsupportedWinMDReferences" task from assembly "C:\Program Files\dotnet\sdk\8.0.416\Sdks\Microsoft.NET.Sdk\targets\..\tools\net8.0\Microsoft.NET.Build.Tasks.dll".
       Task "CheckForUnsupportedWinMDReferences"
       Done executing task "CheckForUnsupportedWinMDReferences".
       Task "NETSdkError" skipped, due to false condition; ('$(OutputType)' == 'winmdobj') was evaluated as ('Exe' == 'winmdobj').
   1:7>Done building target "_BlockWinMDsOnUnsupportedTFMs" in project "MoneyTrackerApp.csproj".
       Target "ResolveReferences" skipped. Previously built successfully.
       Target "ResolvePackageDependenciesForBuild" skipped. Previously built successfully.
       Target "_HandlePackageFileConflicts" skipped. Previously built successfully.
   1:7>Target "CopyAdditionalFiles" in file "C:\Program Files\dotnet\sdk\8.0.416\Roslyn\Microsoft.Managed.Core.targets" from project "F:\OJT-Review\MoneyTrackerApp\Expense-Manager\MoneyTrackerApp\MoneyTrackerApp\MoneyTrackerApp.csproj" (target "AssignTargetPaths" depends on it):
   1:7>Done building target "CopyAdditionalFiles" in project "MoneyTrackerApp.csproj".
       Target "ResolvePackageAssets" skipped. Previously built successfully.
       Target "ResolveFrameworkReferences" skipped. Previously built successfully.
   1:7>Target "_GetAppHostPaths" in file "C:\Program Files\dotnet\sdk\8.0.416\Sdks\Microsoft.NET.Sdk\targets\Microsoft.NET.Sdk.targets" from project "F:\OJT-Review\MoneyTrackerApp\Expense-Manager\MoneyTrackerApp\MoneyTrackerApp\MoneyTrackerApp.csproj" (target "_ChooseAppHost" depends on it):
       Task "NETSdkError" skipped, due to false condition; ('@(_NativeRestoredAppHostNETCore->Count())' > 1) was evaluated as ('0' > 1).
   1:7>Done building target "_GetAppHostPaths" in project "MoneyTrackerApp.csproj".
   1:7>Target "_ChooseAppHost" in file "C:\Program Files\dotnet\sdk\8.0.416\Sdks\Microsoft.NET.Sdk\targets\Microsoft.NET.Sdk.targets" from project "F:\OJT-Review\MoneyTrackerApp\Expense-Manager\MoneyTrackerApp\MoneyTrackerApp\MoneyTrackerApp.csproj" (target "_ComputeNETCoreBuildOutputFiles" depends on it):
   1:7>Done building target "_ChooseAppHost" in project "MoneyTrackerApp.csproj".
       Target "_GetComHostPaths" skipped, due to false condition; ('$(EnableComHosting)' == 'true' and '$(_IsExecutable)' != 'true') was evaluated as ('' == 'true' and 'true' != 'true').
       Target "_GetIjwHostPaths" skipped, due to false condition; ('$(UseIJWHost)' == 'true') was evaluated as ('' == 'true').
   1:7>Target "_ComputeNETCoreBuildOutputFiles" in file "C:\Program Files\dotnet\sdk\8.0.416\Sdks\Microsoft.NET.Sdk\targets\Microsoft.NET.Sdk.targets" from project "F:\OJT-Review\MoneyTrackerApp\Expense-Manager\MoneyTrackerApp\MoneyTrackerApp\MoneyTrackerApp.csproj" (target "AssignTargetPaths" depends on it):
   1:7>Done building target "_ComputeNETCoreBuildOutputFiles" in project "MoneyTrackerApp.csproj".
   1:7>Target "ResolveStaticWebAssetsConfiguration" in file "C:\Program Files\dotnet\sdk\8.0.416\Sdks\Microsoft.NET.Sdk.StaticWebAssets\targets\Microsoft.NET.Sdk.StaticWebAssets.targets" from project "F:\OJT-Review\MoneyTrackerApp\Expense-Manager\MoneyTrackerApp\MoneyTrackerApp\MoneyTrackerApp.csproj" (target "ResolveProjectStaticWebAssets" depends on it):
       Task "MakeDir" skipped, due to false condition; (!Exists('$(_StaticWebAssetsManifestBase)')) was evaluated as (!Exists('obj\Debug\net8.0\')).
       Task "MakeDir" skipped, due to false condition; (!Exists('$(_StaticWebAssetsIntermediateOutputPath)')) was evaluated as (!Exists('obj\Debug\net8.0\staticwebassets\')).
   1:7>Done building target "ResolveStaticWebAssetsConfiguration" in project "MoneyTrackerApp.csproj".
   1:7>Target "ResolveProjectStaticWebAssets" in file "C:\Program Files\dotnet\sdk\8.0.416\Sdks\Microsoft.NET.Sdk.StaticWebAssets\targets\Microsoft.NET.Sdk.StaticWebAssets.targets" from project "F:\OJT-Review\MoneyTrackerApp\Expense-Manager\MoneyTrackerApp\MoneyTrackerApp\MoneyTrackerApp.csproj" (target "AssignTargetPaths" depends on it):
       Using "DiscoverStaticWebAssets" task from assembly "C:\Program Files\dotnet\sdk\8.0.416\Sdks\Microsoft.NET.Sdk.StaticWebAssets\targets\..\tasks\net8.0\Microsoft.NET.Sdk.StaticWebAssets.Tasks.dll".
       Task "DiscoverStaticWebAssets"
         Assembly loaded during TaskRun (Microsoft.AspNetCore.StaticWebAssets.Tasks.DiscoverStaticWebAssets): Microsoft.Extensions.FileSystemGlobbing, Version=8.0.0.0, Culture=neutral, PublicKeyToken=adb9793829ddae60 (location: C:\Program Files\dotnet\sdk\8.0.416\Sdks\Microsoft.NET.Sdk.StaticWebAssets\tasks\net8.0\Microsoft.Extensions.FileSystemGlobbing.dll, MVID: 323e76ff-b656-4dac-a245-a2c838eeed71, AssemblyLoadContext: MSBuild plugin C:\Program Files\dotnet\sdk\8.0.416\Sdks\Microsoft.NET.Sdk.StaticWebAssets\tasks\net8.0\Microsoft.NET.Sdk.StaticWebAssets.Tasks.dll)
         Accepted asset 'wwwroot\css\admin-dark.css' for pattern 'wwwroot/**' with relative path 'css/admin-dark.css'
         Accepted asset 'wwwroot\css\animations.css' for pattern 'wwwroot/**' with relative path 'css/animations.css'
         Accepted asset 'wwwroot\css\auth.css' for pattern 'wwwroot/**' with relative path 'css/auth.css'
         Accepted asset 'wwwroot\css\bento-grid.css' for pattern 'wwwroot/**' with relative path 'css/bento-grid.css'
         Accepted asset 'wwwroot\css\bento-system.css' for pattern 'wwwroot/**' with relative path 'css/bento-system.css'
         Accepted asset 'wwwroot\css\budgets.css' for pattern 'wwwroot/**' with relative path 'css/budgets.css'
         Accepted asset 'wwwroot\css\checkout-enhanced.css' for pattern 'wwwroot/**' with relative path 'css/checkout-enhanced.css'
         Accepted asset 'wwwroot\css\checkout.css' for pattern 'wwwroot/**' with relative path 'css/checkout.css'
         Accepted asset 'wwwroot\css\christmas.css' for pattern 'wwwroot/**' with relative path 'css/christmas.css'
         Accepted asset 'wwwroot\css\contacts.css' for pattern 'wwwroot/**' with relative path 'css/contacts.css'
         Accepted asset 'wwwroot\css\debts.css' for pattern 'wwwroot/**' with relative path 'css/debts.css'
         Accepted asset 'wwwroot\css\design-system.css' for pattern 'wwwroot/**' with relative path 'css/design-system.css'
         Accepted asset 'wwwroot\css\groups.css' for pattern 'wwwroot/**' with relative path 'css/groups.css'
         Accepted asset 'wwwroot\css\header.css' for pattern 'wwwroot/**' with relative path 'css/header.css'
         Accepted asset 'wwwroot\css\home.css' for pattern 'wwwroot/**' with relative path 'css/home.css'
         Accepted asset 'wwwroot\css\investments.css' for pattern 'wwwroot/**' with relative path 'css/investments.css'
         Accepted asset 'wwwroot\css\main.css' for pattern 'wwwroot/**' with relative path 'css/main.css'
         Accepted asset 'wwwroot\css\micro-interactions.css' for pattern 'wwwroot/**' with relative path 'css/micro-interactions.css'
         Accepted asset 'wwwroot\css\modern-pages.css' for pattern 'wwwroot/**' with relative path 'css/modern-pages.css'
         Accepted asset 'wwwroot\css\onboarding.css' for pattern 'wwwroot/**' with relative path 'css/onboarding.css'
         Accepted asset 'wwwroot\css\reports-accessibility.css' for pattern 'wwwroot/**' with relative path 'css/reports-accessibility.css'
         Accepted asset 'wwwroot\css\reports-modern.css' for pattern 'wwwroot/**' with relative path 'css/reports-modern.css'
         Accepted asset 'wwwroot\css\reports.css' for pattern 'wwwroot/**' with relative path 'css/reports.css'
         Accepted asset 'wwwroot\css\savings.css' for pattern 'wwwroot/**' with relative path 'css/savings.css'
         Accepted asset 'wwwroot\css\service-packages.css' for pattern 'wwwroot/**' with relative path 'css/service-packages.css'
         Accepted asset 'wwwroot\css\settings.css' for pattern 'wwwroot/**' with relative path 'css/settings.css'
         Accepted asset 'wwwroot\css\shared-wallets.css' for pattern 'wwwroot/**' with relative path 'css/shared-wallets.css'
         Accepted asset 'wwwroot\css\site.css' for pattern 'wwwroot/**' with relative path 'css/site.css'
         Accepted asset 'wwwroot\css\theme-variables.css' for pattern 'wwwroot/**' with relative path 'css/theme-variables.css'
         Accepted asset 'wwwroot\css\trading.css' for pattern 'wwwroot/**' with relative path 'css/trading.css'
         Accepted asset 'wwwroot\css\wallet-detail-modern.css' for pattern 'wwwroot/**' with relative path 'css/wallet-detail-modern.css'
         Accepted asset 'wwwroot\css\wallet-modern.css' for pattern 'wwwroot/**' with relative path 'css/wallet-modern.css'
         Accepted asset 'wwwroot\css\wallet-page.css' for pattern 'wwwroot/**' with relative path 'css/wallet-page.css'
         Accepted asset 'wwwroot\css\wallets.css' for pattern 'wwwroot/**' with relative path 'css/wallets.css'
         Accepted asset 'wwwroot\docs\Reports_Trading_Enhancements.md' for pattern 'wwwroot/**' with relative path 'docs/Reports_Trading_Enhancements.md'
         Accepted asset 'wwwroot\docs\requirement_update.md' for pattern 'wwwroot/**' with relative path 'docs/requirement_update.md'
         Accepted asset 'wwwroot\favicon.ico' for pattern 'wwwroot/**' with relative path 'favicon.ico'
         Accepted asset 'wwwroot\js\admin-service-packages.js' for pattern 'wwwroot/**' with relative path 'js/admin-service-packages.js'
         Accepted asset 'wwwroot\js\api-mock.js' for pattern 'wwwroot/**' with relative path 'js/api-mock.js'
         Accepted asset 'wwwroot\js\auth.js' for pattern 'wwwroot/**' with relative path 'js/auth.js'
         Accepted asset 'wwwroot\js\budgets.js' for pattern 'wwwroot/**' with relative path 'js/budgets.js'
         Accepted asset 'wwwroot\js\charts-config.js' for pattern 'wwwroot/**' with relative path 'js/charts-config.js'
         Accepted asset 'wwwroot\js\christmas.js' for pattern 'wwwroot/**' with relative path 'js/christmas.js'
         Accepted asset 'wwwroot\js\contacts.js' for pattern 'wwwroot/**' with relative path 'js/contacts.js'
         Accepted asset 'wwwroot\js\debts.js' for pattern 'wwwroot/**' with relative path 'js/debts.js'
         Accepted asset 'wwwroot\js\frontend-error-tests.js' for pattern 'wwwroot/**' with relative path 'js/frontend-error-tests.js'
         Accepted asset 'wwwroot\js\global-transaction-modal.js' for pattern 'wwwroot/**' with relative path 'js/global-transaction-modal.js'
         Accepted asset 'wwwroot\js\groups-tests.js' for pattern 'wwwroot/**' with relative path 'js/groups-tests.js'
         Accepted asset 'wwwroot\js\groups.js' for pattern 'wwwroot/**' with relative path 'js/groups.js'
         Accepted asset 'wwwroot\js\header.js' for pattern 'wwwroot/**' with relative path 'js/header.js'
         Accepted asset 'wwwroot\js\home.js' for pattern 'wwwroot/**' with relative path 'js/home.js'
         Accepted asset 'wwwroot\js\investments.js' for pattern 'wwwroot/**' with relative path 'js/investments.js'
         Accepted asset 'wwwroot\js\micro-interactions.js' for pattern 'wwwroot/**' with relative path 'js/micro-interactions.js'
         Accepted asset 'wwwroot\js\onboarding-basic-settings.js' for pattern 'wwwroot/**' with relative path 'js/onboarding-basic-settings.js'
         Accepted asset 'wwwroot\js\onboarding-create-wallet.js' for pattern 'wwwroot/**' with relative path 'js/onboarding-create-wallet.js'
         Accepted asset 'wwwroot\js\onboarding-savings-goal.js' for pattern 'wwwroot/**' with relative path 'js/onboarding-savings-goal.js'
         Accepted asset 'wwwroot\js\onboarding-setup-categories.js' for pattern 'wwwroot/**' with relative path 'js/onboarding-setup-categories.js'
         Accepted asset 'wwwroot\js\onboarding-welcome.js' for pattern 'wwwroot/**' with relative path 'js/onboarding-welcome.js'
         Accepted asset 'wwwroot\js\onboarding.js' for pattern 'wwwroot/**' with relative path 'js/onboarding.js'
         Accepted asset 'wwwroot\js\performance.js' for pattern 'wwwroot/**' with relative path 'js/performance.js'
         Accepted asset 'wwwroot\js\quick-add.js' for pattern 'wwwroot/**' with relative path 'js/quick-add.js'
         Accepted asset 'wwwroot\js\reports.js' for pattern 'wwwroot/**' with relative path 'js/reports.js'
         Accepted asset 'wwwroot\js\savings.js' for pattern 'wwwroot/**' with relative path 'js/savings.js'
         Accepted asset 'wwwroot\js\service-packages.js' for pattern 'wwwroot/**' with relative path 'js/service-packages.js'
         Accepted asset 'wwwroot\js\shared-wallets.js' for pattern 'wwwroot/**' with relative path 'js/shared-wallets.js'
         Accepted asset 'wwwroot\js\site.js' for pattern 'wwwroot/**' with relative path 'js/site.js'
         Accepted asset 'wwwroot\js\subscription-utils.js' for pattern 'wwwroot/**' with relative path 'js/subscription-utils.js'
         Accepted asset 'wwwroot\js\theme-manager.js' for pattern 'wwwroot/**' with relative path 'js/theme-manager.js'
         Accepted asset 'wwwroot\js\trading.js' for pattern 'wwwroot/**' with relative path 'js/trading.js'
         Accepted asset 'wwwroot\js\transactions-utils.js' for pattern 'wwwroot/**' with relative path 'js/transactions-utils.js'
         Accepted asset 'wwwroot\js\vnpay-checkout.js' for pattern 'wwwroot/**' with relative path 'js/vnpay-checkout.js'
         Accepted asset 'wwwroot\js\wallet-detail.js' for pattern 'wwwroot/**' with relative path 'js/wallet-detail.js'
         Accepted asset 'wwwroot\js\wallet-page.js' for pattern 'wwwroot/**' with relative path 'js/wallet-page.js'
         Accepted asset 'wwwroot\lib\bootstrap\dist\css\bootstrap-grid.css' for pattern 'wwwroot/**' with relative path 'lib/bootstrap/dist/css/bootstrap-grid.css'
         Accepted asset 'wwwroot\lib\bootstrap\dist\css\bootstrap-grid.css.map' for pattern 'wwwroot/**' with relative path 'lib/bootstrap/dist/css/bootstrap-grid.css.map'
         Accepted asset 'wwwroot\lib\bootstrap\dist\css\bootstrap-grid.min.css' for pattern 'wwwroot/**' with relative path 'lib/bootstrap/dist/css/bootstrap-grid.min.css'
         Accepted asset 'wwwroot\lib\bootstrap\dist\css\bootstrap-grid.min.css.map' for pattern 'wwwroot/**' with relative path 'lib/bootstrap/dist/css/bootstrap-grid.min.css.map'
         Accepted asset 'wwwroot\lib\bootstrap\dist\css\bootstrap-grid.rtl.css' for pattern 'wwwroot/**' with relative path 'lib/bootstrap/dist/css/bootstrap-grid.rtl.css'
         Accepted asset 'wwwroot\lib\bootstrap\dist\css\bootstrap-grid.rtl.css.map' for pattern 'wwwroot/**' with relative path 'lib/bootstrap/dist/css/bootstrap-grid.rtl.css.map'
         Accepted asset 'wwwroot\lib\bootstrap\dist\css\bootstrap-grid.rtl.min.css' for pattern 'wwwroot/**' with relative path 'lib/bootstrap/dist/css/bootstrap-grid.rtl.min.css'
         Accepted asset 'wwwroot\lib\bootstrap\dist\css\bootstrap-grid.rtl.min.css.map' for pattern 'wwwroot/**' with relative path 'lib/bootstrap/dist/css/bootstrap-grid.rtl.min.css.map'
         Accepted asset 'wwwroot\lib\bootstrap\dist\css\bootstrap-reboot.css' for pattern 'wwwroot/**' with relative path 'lib/bootstrap/dist/css/bootstrap-reboot.css'
         Accepted asset 'wwwroot\lib\bootstrap\dist\css\bootstrap-reboot.css.map' for pattern 'wwwroot/**' with relative path 'lib/bootstrap/dist/css/bootstrap-reboot.css.map'
         Accepted asset 'wwwroot\lib\bootstrap\dist\css\bootstrap-reboot.min.css' for pattern 'wwwroot/**' with relative path 'lib/bootstrap/dist/css/bootstrap-reboot.min.css'
         Accepted asset 'wwwroot\lib\bootstrap\dist\css\bootstrap-reboot.min.css.map' for pattern 'wwwroot/**' with relative path 'lib/bootstrap/dist/css/bootstrap-reboot.min.css.map'
         Accepted asset 'wwwroot\lib\bootstrap\dist\css\bootstrap-reboot.rtl.css' for pattern 'wwwroot/**' with relative path 'lib/bootstrap/dist/css/bootstrap-reboot.rtl.css'
         Accepted asset 'wwwroot\lib\bootstrap\dist\css\bootstrap-reboot.rtl.css.map' for pattern 'wwwroot/**' with relative path 'lib/bootstrap/dist/css/bootstrap-reboot.rtl.css.map'
         Accepted asset 'wwwroot\lib\bootstrap\dist\css\bootstrap-reboot.rtl.min.css' for pattern 'wwwroot/**' with relative path 'lib/bootstrap/dist/css/bootstrap-reboot.rtl.min.css'
         Accepted asset 'wwwroot\lib\bootstrap\dist\css\bootstrap-reboot.rtl.min.css.map' for pattern 'wwwroot/**' with relative path 'lib/bootstrap/dist/css/bootstrap-reboot.rtl.min.css.map'
         Accepted asset 'wwwroot\lib\bootstrap\dist\css\bootstrap-utilities.css' for pattern 'wwwroot/**' with relative path 'lib/bootstrap/dist/css/bootstrap-utilities.css'
         Accepted asset 'wwwroot\lib\bootstrap\dist\css\bootstrap-utilities.css.map' for pattern 'wwwroot/**' with relative path 'lib/bootstrap/dist/css/bootstrap-utilities.css.map'
         Accepted asset 'wwwroot\lib\bootstrap\dist\css\bootstrap-utilities.min.css' for pattern 'wwwroot/**' with relative path 'lib/bootstrap/dist/css/bootstrap-utilities.min.css'
         Accepted asset 'wwwroot\lib\bootstrap\dist\css\bootstrap-utilities.min.css.map' for pattern 'wwwroot/**' with relative path 'lib/bootstrap/dist/css/bootstrap-utilities.min.css.map'
         Accepted asset 'wwwroot\lib\bootstrap\dist\css\bootstrap-utilities.rtl.css' for pattern 'wwwroot/**' with relative path 'lib/bootstrap/dist/css/bootstrap-utilities.rtl.css'
         Accepted asset 'wwwroot\lib\bootstrap\dist\css\bootstrap-utilities.rtl.css.map' for pattern 'wwwroot/**' with relative path 'lib/bootstrap/dist/css/bootstrap-utilities.rtl.css.map'
         Accepted asset 'wwwroot\lib\bootstrap\dist\css\bootstrap-utilities.rtl.min.css' for pattern 'wwwroot/**' with relative path 'lib/bootstrap/dist/css/bootstrap-utilities.rtl.min.css'
         Accepted asset 'wwwroot\lib\bootstrap\dist\css\bootstrap-utilities.rtl.min.css.map' for pattern 'wwwroot/**' with relative path 'lib/bootstrap/dist/css/bootstrap-utilities.rtl.min.css.map'
         Accepted asset 'wwwroot\lib\bootstrap\dist\css\bootstrap.css' for pattern 'wwwroot/**' with relative path 'lib/bootstrap/dist/css/bootstrap.css'
         Accepted asset 'wwwroot\lib\bootstrap\dist\css\bootstrap.css.map' for pattern 'wwwroot/**' with relative path 'lib/bootstrap/dist/css/bootstrap.css.map'
         Accepted asset 'wwwroot\lib\bootstrap\dist\css\bootstrap.min.css' for pattern 'wwwroot/**' with relative path 'lib/bootstrap/dist/css/bootstrap.min.css'
         Accepted asset 'wwwroot\lib\bootstrap\dist\css\bootstrap.min.css.map' for pattern 'wwwroot/**' with relative path 'lib/bootstrap/dist/css/bootstrap.min.css.map'
         Accepted asset 'wwwroot\lib\bootstrap\dist\css\bootstrap.rtl.css' for pattern 'wwwroot/**' with relative path 'lib/bootstrap/dist/css/bootstrap.rtl.css'
         Accepted asset 'wwwroot\lib\bootstrap\dist\css\bootstrap.rtl.css.map' for pattern 'wwwroot/**' with relative path 'lib/bootstrap/dist/css/bootstrap.rtl.css.map'
         Accepted asset 'wwwroot\lib\bootstrap\dist\css\bootstrap.rtl.min.css' for pattern 'wwwroot/**' with relative path 'lib/bootstrap/dist/css/bootstrap.rtl.min.css'
         Accepted asset 'wwwroot\lib\bootstrap\dist\css\bootstrap.rtl.min.css.map' for pattern 'wwwroot/**' with relative path 'lib/bootstrap/dist/css/bootstrap.rtl.min.css.map'
         Accepted asset 'wwwroot\lib\bootstrap\dist\js\bootstrap.bundle.js' for pattern 'wwwroot/**' with relative path 'lib/bootstrap/dist/js/bootstrap.bundle.js'
         Accepted asset 'wwwroot\lib\bootstrap\dist\js\bootstrap.bundle.js.map' for pattern 'wwwroot/**' with relative path 'lib/bootstrap/dist/js/bootstrap.bundle.js.map'
         Accepted asset 'wwwroot\lib\bootstrap\dist\js\bootstrap.bundle.min.js' for pattern 'wwwroot/**' with relative path 'lib/bootstrap/dist/js/bootstrap.bundle.min.js'
         Accepted asset 'wwwroot\lib\bootstrap\dist\js\bootstrap.bundle.min.js.map' for pattern 'wwwroot/**' with relative path 'lib/bootstrap/dist/js/bootstrap.bundle.min.js.map'
         Accepted asset 'wwwroot\lib\bootstrap\dist\js\bootstrap.esm.js' for pattern 'wwwroot/**' with relative path 'lib/bootstrap/dist/js/bootstrap.esm.js'
         Accepted asset 'wwwroot\lib\bootstrap\dist\js\bootstrap.esm.js.map' for pattern 'wwwroot/**' with relative path 'lib/bootstrap/dist/js/bootstrap.esm.js.map'
         Accepted asset 'wwwroot\lib\bootstrap\dist\js\bootstrap.esm.min.js' for pattern 'wwwroot/**' with relative path 'lib/bootstrap/dist/js/bootstrap.esm.min.js'
         Accepted asset 'wwwroot\lib\bootstrap\dist\js\bootstrap.esm.min.js.map' for pattern 'wwwroot/**' with relative path 'lib/bootstrap/dist/js/bootstrap.esm.min.js.map'
         Accepted asset 'wwwroot\lib\bootstrap\dist\js\bootstrap.js' for pattern 'wwwroot/**' with relative path 'lib/bootstrap/dist/js/bootstrap.js'
         Accepted asset 'wwwroot\lib\bootstrap\dist\js\bootstrap.js.map' for pattern 'wwwroot/**' with relative path 'lib/bootstrap/dist/js/bootstrap.js.map'
         Accepted asset 'wwwroot\lib\bootstrap\dist\js\bootstrap.min.js' for pattern 'wwwroot/**' with relative path 'lib/bootstrap/dist/js/bootstrap.min.js'
         Accepted asset 'wwwroot\lib\bootstrap\dist\js\bootstrap.min.js.map' for pattern 'wwwroot/**' with relative path 'lib/bootstrap/dist/js/bootstrap.min.js.map'
         Accepted asset 'wwwroot\lib\bootstrap\LICENSE' for pattern 'wwwroot/**' with relative path 'lib/bootstrap/LICENSE'
         Accepted asset 'wwwroot\lib\jquery-validation-unobtrusive\jquery.validate.unobtrusive.js' for pattern 'wwwroot/**' with relative path 'lib/jquery-validation-unobtrusive/jquery.validate.unobtrusive.js'
         Accepted asset 'wwwroot\lib\jquery-validation-unobtrusive\jquery.validate.unobtrusive.min.js' for pattern 'wwwroot/**' with relative path 'lib/jquery-validation-unobtrusive/jquery.validate.unobtrusive.min.js'
         Accepted asset 'wwwroot\lib\jquery-validation-unobtrusive\LICENSE.txt' for pattern 'wwwroot/**' with relative path 'lib/jquery-validation-unobtrusive/LICENSE.txt'
         Accepted asset 'wwwroot\lib\jquery-validation\dist\additional-methods.js' for pattern 'wwwroot/**' with relative path 'lib/jquery-validation/dist/additional-methods.js'
         Accepted asset 'wwwroot\lib\jquery-validation\dist\additional-methods.min.js' for pattern 'wwwroot/**' with relative path 'lib/jquery-validation/dist/additional-methods.min.js'
         Accepted asset 'wwwroot\lib\jquery-validation\dist\jquery.validate.js' for pattern 'wwwroot/**' with relative path 'lib/jquery-validation/dist/jquery.validate.js'
         Accepted asset 'wwwroot\lib\jquery-validation\dist\jquery.validate.min.js' for pattern 'wwwroot/**' with relative path 'lib/jquery-validation/dist/jquery.validate.min.js'
         Accepted asset 'wwwroot\lib\jquery-validation\LICENSE.md' for pattern 'wwwroot/**' with relative path 'lib/jquery-validation/LICENSE.md'
         Accepted asset 'wwwroot\lib\jquery\dist\jquery.js' for pattern 'wwwroot/**' with relative path 'lib/jquery/dist/jquery.js'
         Accepted asset 'wwwroot\lib\jquery\dist\jquery.min.js' for pattern 'wwwroot/**' with relative path 'lib/jquery/dist/jquery.min.js'
         Accepted asset 'wwwroot\lib\jquery\dist\jquery.min.map' for pattern 'wwwroot/**' with relative path 'lib/jquery/dist/jquery.min.map'
         Accepted asset 'wwwroot\lib\jquery\LICENSE.txt' for pattern 'wwwroot/**' with relative path 'lib/jquery/LICENSE.txt'
         Accepted asset 'wwwroot\test-reports-api.html' for pattern 'wwwroot/**' with relative path 'test-reports-api.html'
         Accepted asset 'wwwroot\uploads\images\1\28bdeb7e-dcef-4e9b-bba6-619980cd5821.webp' for pattern 'wwwroot/**' with relative path 'uploads/images/1/28bdeb7e-dcef-4e9b-bba6-619980cd5821.webp'
         Accepted asset 'wwwroot\uploads\images\1\28bdeb7e-dcef-4e9b-bba6-619980cd5821_thumb.webp' for pattern 'wwwroot/**' with relative path 'uploads/images/1/28bdeb7e-dcef-4e9b-bba6-619980cd5821_thumb.webp'
         Accepted asset 'wwwroot\uploads\images\1\3e17ba09-ea58-427a-b0d1-d3d741c26f10.jpg' for pattern 'wwwroot/**' with relative path 'uploads/images/1/3e17ba09-ea58-427a-b0d1-d3d741c26f10.jpg'
         Accepted asset 'wwwroot\uploads\images\1\3e17ba09-ea58-427a-b0d1-d3d741c26f10_thumb.jpg' for pattern 'wwwroot/**' with relative path 'uploads/images/1/3e17ba09-ea58-427a-b0d1-d3d741c26f10_thumb.jpg'
         Accepted asset 'wwwroot\uploads\images\1\5315bf71-5596-46df-b027-cc9fc0386358.jpg' for pattern 'wwwroot/**' with relative path 'uploads/images/1/5315bf71-5596-46df-b027-cc9fc0386358.jpg'
         Accepted asset 'wwwroot\uploads\images\1\5315bf71-5596-46df-b027-cc9fc0386358_thumb.jpg' for pattern 'wwwroot/**' with relative path 'uploads/images/1/5315bf71-5596-46df-b027-cc9fc0386358_thumb.jpg'
         Accepted asset 'wwwroot\uploads\images\1\6163ac46-d6a3-4968-b9b0-8b86d00928f0.jpg' for pattern 'wwwroot/**' with relative path 'uploads/images/1/6163ac46-d6a3-4968-b9b0-8b86d00928f0.jpg'
         Accepted asset 'wwwroot\uploads\images\1\6163ac46-d6a3-4968-b9b0-8b86d00928f0_thumb.jpg' for pattern 'wwwroot/**' with relative path 'uploads/images/1/6163ac46-d6a3-4968-b9b0-8b86d00928f0_thumb.jpg'
         Accepted asset 'wwwroot\uploads\images\1\6cf0e72c-2592-47c3-9154-e86ca159936d.jpg' for pattern 'wwwroot/**' with relative path 'uploads/images/1/6cf0e72c-2592-47c3-9154-e86ca159936d.jpg'
         Accepted asset 'wwwroot\uploads\images\1\6cf0e72c-2592-47c3-9154-e86ca159936d_thumb.jpg' for pattern 'wwwroot/**' with relative path 'uploads/images/1/6cf0e72c-2592-47c3-9154-e86ca159936d_thumb.jpg'
         Accepted asset 'wwwroot\uploads\images\1\b7ab8752-560d-49aa-9703-257f769ff3a6.jpg' for pattern 'wwwroot/**' with relative path 'uploads/images/1/b7ab8752-560d-49aa-9703-257f769ff3a6.jpg'
         Accepted asset 'wwwroot\uploads\images\1\b7ab8752-560d-49aa-9703-257f769ff3a6_thumb.jpg' for pattern 'wwwroot/**' with relative path 'uploads/images/1/b7ab8752-560d-49aa-9703-257f769ff3a6_thumb.jpg'
         Accepted asset 'wwwroot\uploads\images\2\fc9190f7-7372-461d-bbc3-82d8dc50ea2c.jpg' for pattern 'wwwroot/**' with relative path 'uploads/images/2/fc9190f7-7372-461d-bbc3-82d8dc50ea2c.jpg'
         Accepted asset 'wwwroot\uploads\images\2\fc9190f7-7372-461d-bbc3-82d8dc50ea2c_thumb.jpg' for pattern 'wwwroot/**' with relative path 'uploads/images/2/fc9190f7-7372-461d-bbc3-82d8dc50ea2c_thumb.jpg'
         Accepted asset 'wwwroot\uploads\profiles\1_7fae67f3-0c15-470d-bdff-b3605193bb49.png' for pattern 'wwwroot/**' with relative path 'uploads/profiles/1_7fae67f3-0c15-470d-bdff-b3605193bb49.png'
         Accepted asset 'wwwroot\uploads\profiles\1_a7227041-4857-42fb-aeae-d989bc0ced64.png' for pattern 'wwwroot/**' with relative path 'uploads/profiles/1_a7227041-4857-42fb-aeae-d989bc0ced64.png'
         Accepted asset 'wwwroot\uploads\profiles\2_4ac3ee7b-2d97-4ccd-bcfe-4a2ce14a833b.jpg' for pattern 'wwwroot/**' with relative path 'uploads/profiles/2_4ac3ee7b-2d97-4ccd-bcfe-4a2ce14a833b.jpg'
         Accepted asset 'wwwroot\uploads\profiles\2_ac93351b-17cc-4bb6-842d-860bbf6bef3e.png' for pattern 'wwwroot/**' with relative path 'uploads/profiles/2_ac93351b-17cc-4bb6-842d-860bbf6bef3e.png'
         Accepted asset 'wwwroot\uploads\profiles\2_ba6b8f33-748a-449e-93fa-952aa3cb09e2.jpg' for pattern 'wwwroot/**' with relative path 'uploads/profiles/2_ba6b8f33-748a-449e-93fa-952aa3cb09e2.jpg'
         Accepted asset 'wwwroot\uploads\profiles\3_0ce645e9-c76f-4f24-ab38-755402a3bc17.png' for pattern 'wwwroot/**' with relative path 'uploads/profiles/3_0ce645e9-c76f-4f24-ab38-755402a3bc17.png'
         Accepted asset 'wwwroot\uploads\profiles\3_6f4c8657-4668-4c5e-907f-2f4dc07c56c1.jpg' for pattern 'wwwroot/**' with relative path 'uploads/profiles/3_6f4c8657-4668-4c5e-907f-2f4dc07c56c1.jpg'
         Rejected asset 'appsettings.Development.json' for pattern 'wwwroot/**'
         Rejected asset 'appsettings.json' for pattern 'wwwroot/**'
         Rejected asset 'Pages\Admin\Dashboard.cshtml' for pattern 'wwwroot/**'
         Rejected asset 'Pages\Admin\MasterData\Categories.cshtml' for pattern 'wwwroot/**'
         Rejected asset 'Pages\Admin\Monitoring\AuditLogs.cshtml' for pattern 'wwwroot/**'
         Rejected asset 'Pages\Admin\Monitoring\Logs.cshtml' for pattern 'wwwroot/**'
         Rejected asset 'Pages\Admin\ServicePackages.cshtml' for pattern 'wwwroot/**'
         Rejected asset 'Pages\Admin\Settings\Index.cshtml' for pattern 'wwwroot/**'
         Rejected asset 'Pages\Admin\Transactions.cshtml' for pattern 'wwwroot/**'
         Rejected asset 'Pages\Admin\Users\Index.cshtml' for pattern 'wwwroot/**'
         Rejected asset 'Pages\Auth\ForgotPassword.cshtml' for pattern 'wwwroot/**'
         Rejected asset 'Pages\Auth\Login.cshtml' for pattern 'wwwroot/**'
         Rejected asset 'Pages\Auth\Logout.cshtml' for pattern 'wwwroot/**'
         Rejected asset 'Pages\Auth\Register.cshtml' for pattern 'wwwroot/**'
         Rejected asset 'Pages\Auth\ResetPassword.cshtml' for pattern 'wwwroot/**'
         Rejected asset 'Pages\Budgets\Index.cshtml' for pattern 'wwwroot/**'
         Rejected asset 'Pages\Categories\Index.cshtml' for pattern 'wwwroot/**'
         Rejected asset 'Pages\Contacts\Index.cshtml' for pattern 'wwwroot/**'
         Rejected asset 'Pages\Debts\Index.cshtml' for pattern 'wwwroot/**'
         Rejected asset 'Pages\Dev\TransactionsTests.cshtml' for pattern 'wwwroot/**'
         Rejected asset 'Pages\Groups\Index.cshtml' for pattern 'wwwroot/**'
         Rejected asset 'Pages\Home.cshtml' for pattern 'wwwroot/**'
         Rejected asset 'Pages\Index.cshtml' for pattern 'wwwroot/**'
         Rejected asset 'Pages\Investments\Index.cshtml' for pattern 'wwwroot/**'
         Rejected asset 'Pages\Notifications.cshtml' for pattern 'wwwroot/**'
         Rejected asset 'Pages\Onboarding\BasicSettings.cshtml' for pattern 'wwwroot/**'
         Rejected asset 'Pages\Onboarding\Complete.cshtml' for pattern 'wwwroot/**'
         Rejected asset 'Pages\Onboarding\CreateWallet.cshtml' for pattern 'wwwroot/**'
         Rejected asset 'Pages\Onboarding\Index.cshtml' for pattern 'wwwroot/**'
         Rejected asset 'Pages\Onboarding\SavingsGoal.cshtml' for pattern 'wwwroot/**'
         Rejected asset 'Pages\Onboarding\SetupCategories.cshtml' for pattern 'wwwroot/**'
         Rejected asset 'Pages\Onboarding\Splash.cshtml' for pattern 'wwwroot/**'
         Rejected asset 'Pages\Onboarding\Welcome.cshtml' for pattern 'wwwroot/**'
         Rejected asset 'Pages\Profile\Index.cshtml' for pattern 'wwwroot/**'
         Rejected asset 'Pages\Profile\MyWallet.cshtml' for pattern 'wwwroot/**'
         Rejected asset 'Pages\Profile\_WalletTransactions.cshtml' for pattern 'wwwroot/**'
         Rejected asset 'Pages\Reports\Index.cshtml' for pattern 'wwwroot/**'
         Rejected asset 'Pages\Savings\Index.cshtml' for pattern 'wwwroot/**'
         Rejected asset 'Pages\Savings\_SavingsModals.cshtml' for pattern 'wwwroot/**'
         Rejected asset 'Pages\ServicePackages.cshtml' for pattern 'wwwroot/**'
         Rejected asset 'Pages\Settings\Currencies.cshtml' for pattern 'wwwroot/**'
         Rejected asset 'Pages\Settings\Index.cshtml' for pattern 'wwwroot/**'
         Rejected asset 'Pages\Shared\_AdminHeader.cshtml' for pattern 'wwwroot/**'
         Rejected asset 'Pages\Shared\_AdminLayout.cshtml' for pattern 'wwwroot/**'
         Rejected asset 'Pages\Shared\_AiChatWidget.cshtml' for pattern 'wwwroot/**'
         Rejected asset 'Pages\Shared\_CreateTransactionModal.cshtml' for pattern 'wwwroot/**'
         Rejected asset 'Pages\Shared\_Header.cshtml' for pattern 'wwwroot/**'
         Rejected asset 'Pages\Shared\_Layout.cshtml' for pattern 'wwwroot/**'
         Rejected asset 'Pages\Shared\_LoginPartial.cshtml' for pattern 'wwwroot/**'
         Rejected asset 'Pages\Shared\_QuickAddModal.cshtml' for pattern 'wwwroot/**'
         Rejected asset 'Pages\Shared\_Sidebar.cshtml' for pattern 'wwwroot/**'
         Rejected asset 'Pages\Shared\_TopBar.cshtml' for pattern 'wwwroot/**'
         Rejected asset 'Pages\Shared\_TransactionModal.cshtml' for pattern 'wwwroot/**'
         Rejected asset 'Pages\Shared\_ValidationScriptsPartial.cshtml' for pattern 'wwwroot/**'
         Rejected asset 'Pages\Shared\_WalletSelector.cshtml' for pattern 'wwwroot/**'
         Rejected asset 'Pages\Subscription\Checkout.cshtml' for pattern 'wwwroot/**'
         Rejected asset 'Pages\Subscription\Failed.cshtml' for pattern 'wwwroot/**'
         Rejected asset 'Pages\Subscription\Index.cshtml' for pattern 'wwwroot/**'
         Rejected asset 'Pages\Subscription\Payment.cshtml' for pattern 'wwwroot/**'
         Rejected asset 'Pages\Subscription\Processing.cshtml' for pattern 'wwwroot/**'
         Rejected asset 'Pages\Subscription\Success.cshtml' for pattern 'wwwroot/**'
         Rejected asset 'Pages\Trading\Index.cshtml' for pattern 'wwwroot/**'
         Rejected asset 'Pages\Transactions\Create.cshtml' for pattern 'wwwroot/**'
         Rejected asset 'Pages\Transactions\Scheduled.cshtml' for pattern 'wwwroot/**'
         Rejected asset 'Pages\Wallets\Detail.cshtml' for pattern 'wwwroot/**'
         Rejected asset 'Pages\Wallets\Index.cshtml' for pattern 'wwwroot/**'
         Rejected asset 'Pages\Wallets\IndexModern.cshtml' for pattern 'wwwroot/**'
         Rejected asset 'Pages\Wallets\Shared\Index.cshtml' for pattern 'wwwroot/**'
         Rejected asset 'Pages\Wallets\_WalletModals.cshtml' for pattern 'wwwroot/**'
         Rejected asset 'Pages\Wallets\_WalletTransactions.cshtml' for pattern 'wwwroot/**'
         Rejected asset 'Pages\_ViewImports.cshtml' for pattern 'wwwroot/**'
         Rejected asset 'Pages\_ViewStart.cshtml' for pattern 'wwwroot/**'
       Done executing task "DiscoverStaticWebAssets".
   1:7>Done building target "ResolveProjectStaticWebAssets" in project "MoneyTrackerApp.csproj".
   1:7>Target "AssignTargetPaths" in file "C:\Program Files\dotnet\sdk\8.0.416\Microsoft.Common.CurrentVersion.targets" from project "F:\OJT-Review\MoneyTrackerApp\Expense-Manager\MoneyTrackerApp\MoneyTrackerApp\MoneyTrackerApp.csproj" (target "PrepareResourceNames" depends on it):
       Using "AssignTargetPath" task from assembly "Microsoft.Build.Tasks.Core, Version=15.1.0.0, Culture=neutral, PublicKeyToken=b03f5f7f11d50a3a".
       Task "AssignTargetPath"
       Done executing task "AssignTargetPath".
       Task "AssignTargetPath"
       Done executing task "AssignTargetPath".
       Task "AssignTargetPath"
       Done executing task "AssignTargetPath".
       Task "AssignTargetPath"
       Done executing task "AssignTargetPath".
       Task "AssignTargetPath" skipped, due to false condition; ('@(_DeploymentBaseManifestWithTargetPath)'=='' and '%(None.Extension)'=='.manifest') was evaluated as (''=='' and '.log'=='.manifest').
       Task "AssignTargetPath" skipped, due to false condition; ('@(_DeploymentBaseManifestWithTargetPath)'=='' and '%(None.Extension)'=='.manifest') was evaluated as (''=='' and '.txt'=='.manifest').
       Task "AssignTargetPath" skipped, due to false condition; ('@(_DeploymentBaseManifestWithTargetPath)'=='' and '%(None.Extension)'=='.manifest') was evaluated as (''=='' and '.css'=='.manifest').
       Task "AssignTargetPath" skipped, due to false condition; ('@(_DeploymentBaseManifestWithTargetPath)'=='' and '%(None.Extension)'=='.manifest') was evaluated as (''=='' and '.bak'=='.manifest').
       Task "AssignTargetPath" skipped, due to false condition; ('@(_DeploymentBaseManifestWithTargetPath)'=='' and '%(None.Extension)'=='.manifest') was evaluated as (''=='' and '.json'=='.manifest').
       Task "AssignTargetPath" skipped, due to false condition; ('@(_DeploymentBaseManifestWithTargetPath)'=='' and '%(None.Extension)'=='.manifest') was evaluated as (''=='' and '.exe'=='.manifest').
   1:7>Done building target "AssignTargetPaths" in project "MoneyTrackerApp.csproj".
       Target "AssignTargetPaths" skipped. Previously built successfully.
   1:7>Target "SplitResourcesByCulture" in file "C:\Program Files\dotnet\sdk\8.0.416\Microsoft.Common.CurrentVersion.targets" from project "F:\OJT-Review\MoneyTrackerApp\Expense-Manager\MoneyTrackerApp\MoneyTrackerApp\MoneyTrackerApp.csproj" (target "PrepareResourceNames" depends on it):
       Task "Warning" skipped, due to false condition; ('@(ResxWithNoCulture)'!='') was evaluated as (''!='').
       Task "Warning" skipped, due to false condition; ('@(ResxWithCulture)'!='') was evaluated as (''!='').
       Task "Warning" skipped, due to false condition; ('@(NonResxWithCulture)'!='') was evaluated as (''!='').
       Task "Warning" skipped, due to false condition; ('@(NonResxWithNoCulture)'!='') was evaluated as (''!='').
       Using "AssignCulture" task from assembly "Microsoft.Build.Tasks.Core, Version=15.1.0.0, Culture=neutral, PublicKeyToken=b03f5f7f11d50a3a".
       Task "AssignCulture"
       Done executing task "AssignCulture".
   1:7>Done building target "SplitResourcesByCulture" in project "MoneyTrackerApp.csproj".
       Target "CreateManifestResourceNames" skipped, due to false condition; ('@(EmbeddedResource)' != '') was evaluated as ('' != '').
   1:7>Target "CreateCustomManifestResourceNames" in file "C:\Program Files\dotnet\sdk\8.0.416\Microsoft.Common.CurrentVersion.targets" from project "F:\OJT-Review\MoneyTrackerApp\Expense-Manager\MoneyTrackerApp\MoneyTrackerApp\MoneyTrackerApp.csproj" (target "PrepareResourceNames" depends on it):
   1:7>Done building target "CreateCustomManifestResourceNames" in project "MoneyTrackerApp.csproj".
   1:7>Target "PrepareResourceNames" in file "C:\Program Files\dotnet\sdk\8.0.416\Microsoft.Common.CurrentVersion.targets" from project "F:\OJT-Review\MoneyTrackerApp\Expense-Manager\MoneyTrackerApp\MoneyTrackerApp\MoneyTrackerApp.csproj" (target "PrepareResources" depends on it):
   1:7>Done building target "PrepareResourceNames" in project "MoneyTrackerApp.csproj".
       Target "ResolveAssemblyReferences" skipped. Previously built successfully.
       Target "SplitResourcesByCulture" skipped. Previously built successfully.
   1:7>Target "BeforeResGen" in file "C:\Program Files\dotnet\sdk\8.0.416\Microsoft.Common.CurrentVersion.targets" from project "F:\OJT-Review\MoneyTrackerApp\Expense-Manager\MoneyTrackerApp\MoneyTrackerApp\MoneyTrackerApp.csproj" (target "ResGen" depends on it):
   1:7>Done building target "BeforeResGen" in project "MoneyTrackerApp.csproj".
       Target "ResolveReferences" skipped. Previously built successfully.
   1:7>Target "FindReferenceAssembliesForReferences" in file "C:\Program Files\dotnet\sdk\8.0.416\Microsoft.Common.CurrentVersion.targets" from project "F:\OJT-Review\MoneyTrackerApp\Expense-Manager\MoneyTrackerApp\MoneyTrackerApp\MoneyTrackerApp.csproj" (target "CoreResGen" depends on it):
   1:7>Done building target "FindReferenceAssembliesForReferences" in project "MoneyTrackerApp.csproj".
   1:7>Target "CoreResGen" in file "C:\Program Files\dotnet\sdk\8.0.416\Microsoft.Common.CurrentVersion.targets" from project "F:\OJT-Review\MoneyTrackerApp\Expense-Manager\MoneyTrackerApp\MoneyTrackerApp\MoneyTrackerApp.csproj" (target "ResGen" depends on it):
       Task "GenerateResource" skipped, due to false condition; ('%(EmbeddedResource.Type)' == 'Resx' and '%(EmbeddedResource.GenerateResource)' != 'false' and '$(GenerateResourceMSBuildRuntime)' != 'CLR2') was evaluated as ('' == 'Resx' and '' != 'false' and 'CurrentRuntime' != 'CLR2').
       Task "GenerateResource" skipped, due to false condition; ('%(EmbeddedResource.Type)' == 'Resx' and '%(EmbeddedResource.GenerateResource)' != 'false' and '$(GenerateResourceMSBuildRuntime)' == 'CLR2') was evaluated as ('' == 'Resx' and '' != 'false' and 'CurrentRuntime' == 'CLR2').
   1:7>Done building target "CoreResGen" in project "MoneyTrackerApp.csproj".
   1:7>Target "AfterResGen" in file "C:\Program Files\dotnet\sdk\8.0.416\Microsoft.Common.CurrentVersion.targets" from project "F:\OJT-Review\MoneyTrackerApp\Expense-Manager\MoneyTrackerApp\MoneyTrackerApp\MoneyTrackerApp.csproj" (target "ResGen" depends on it):
   1:7>Done building target "AfterResGen" in project "MoneyTrackerApp.csproj".
   1:7>Target "ResGen" in file "C:\Program Files\dotnet\sdk\8.0.416\Microsoft.Common.CurrentVersion.targets" from project "F:\OJT-Review\MoneyTrackerApp\Expense-Manager\MoneyTrackerApp\MoneyTrackerApp\MoneyTrackerApp.csproj" (target "PrepareResources" depends on it):
   1:7>Done building target "ResGen" in project "MoneyTrackerApp.csproj".
       Target "CompileLicxFiles" skipped, due to false condition; ('@(_LicxFile)'!='') was evaluated as (''!='').
   1:7>Target "PrepareResources" in file "C:\Program Files\dotnet\sdk\8.0.416\Microsoft.Common.CurrentVersion.targets" from project "F:\OJT-Review\MoneyTrackerApp\Expense-Manager\MoneyTrackerApp\MoneyTrackerApp\MoneyTrackerApp.csproj" (target "CoreBuild" depends on it):
   1:7>Done building target "PrepareResources" in project "MoneyTrackerApp.csproj".
       Target "ResolveKeySource" skipped, due to false condition; ($(SignManifests) == 'true' or $(SignAssembly) == 'true') was evaluated as ( == 'true' or false == 'true').
       Target "ResolveReferences" skipped. Previously built successfully.
       Target "ResolveKeySource" skipped, due to false condition; ($(SignManifests) == 'true' or $(SignAssembly) == 'true') was evaluated as ( == 'true' or false == 'true').
       Target "ResolveComReferences" skipped, due to false condition; ('@(COMReference)'!='' or '@(COMFileReference)'!='') was evaluated as (''!='' or ''!='').
       Target "ResolveNativeReferences" skipped, due to false condition; ('@(NativeReference)'!='') was evaluated as (''!='').
       Target "_SetExternalWin32ManifestProperties" skipped, due to false condition; ('$(GenerateClickOnceManifests)'=='true' or '@(NativeReference)'!='' or '@(ResolvedIsolatedComModules)'!='') was evaluated as (''=='true' or ''!='' or ''!='').
   1:7>Target "_SetEmbeddedWin32ManifestProperties" in file "C:\Program Files\dotnet\sdk\8.0.416\Microsoft.Common.CurrentVersion.targets" from project "F:\OJT-Review\MoneyTrackerApp\Expense-Manager\MoneyTrackerApp\MoneyTrackerApp\MoneyTrackerApp.csproj" (target "SetWin32ManifestProperties" depends on it):
       Using "GetFrameworkPath" task from assembly "Microsoft.Build.Tasks.Core, Version=15.1.0.0, Culture=neutral, PublicKeyToken=b03f5f7f11d50a3a".
       Task "GetFrameworkPath"
       Done executing task "GetFrameworkPath".
   1:7>Done building target "_SetEmbeddedWin32ManifestProperties" in project "MoneyTrackerApp.csproj".
   1:7>Target "SetWin32ManifestProperties" in file "C:\Program Files\dotnet\sdk\8.0.416\Microsoft.Common.CurrentVersion.targets" from project "F:\OJT-Review\MoneyTrackerApp\Expense-Manager\MoneyTrackerApp\MoneyTrackerApp\MoneyTrackerApp.csproj" (target "Compile" depends on it):
   1:7>Done building target "SetWin32ManifestProperties" in project "MoneyTrackerApp.csproj".
       Target "_SetPreferNativeArm64Win32ManifestProperties" skipped, due to false condition; ( '$(PreferNativeArm64)'=='true' and '$(NoWin32Manifest)'!='true') was evaluated as ( ''=='true' and ''!='true').
       Target "FindReferenceAssembliesForReferences" skipped. Previously built successfully.
   1:7>Target "_GenerateCompileInputs" in file "C:\Program Files\dotnet\sdk\8.0.416\Microsoft.Common.CurrentVersion.targets" from project "F:\OJT-Review\MoneyTrackerApp\Expense-Manager\MoneyTrackerApp\MoneyTrackerApp\MoneyTrackerApp.csproj" (target "Compile" depends on it):
       Task "Warning" skipped, due to false condition; ('@(ManifestResourceWithNoCulture)'!='' and '%(ManifestResourceWithNoCulture.EmittedForCompatibilityOnly)'=='') was evaluated as (''!='' and ''=='').
       Task "Warning" skipped, due to false condition; ('@(ManifestNonResxWithNoCultureOnDisk)'!='' and '%(ManifestNonResxWithNoCultureOnDisk.EmittedForCompatibilityOnly)'=='') was evaluated as (''!='' and ''=='').
   1:7>Done building target "_GenerateCompileInputs" in project "MoneyTrackerApp.csproj".
       Target "PrepareForBuild" skipped. Previously built successfully.
   1:7>Target "ResolveRazorConfiguration" in file "C:\Program Files\dotnet\sdk\8.0.416\Sdks\Microsoft.NET.Sdk.Razor\targets\Sdk.Razor.CurrentVersion.targets" from project "F:\OJT-Review\MoneyTrackerApp\Expense-Manager\MoneyTrackerApp\MoneyTrackerApp\MoneyTrackerApp.csproj" (target "PrepareForRazorGenerate" depends on it):
       Task "Warning" skipped, due to false condition; ('$(_Targeting30OrNewerRazorLangVersion)' == 'true' AND '@(ResolvedRazorConfiguration->Count())' == '0') was evaluated as ('true' == 'true' AND '1' == '0').
       Task "Warning" skipped, due to false condition; ('$(_Targeting30OrNewerRazorLangVersion)' == 'true' AND '@(ResolvedRazorConfiguration->Count())' > '1') was evaluated as ('true' == 'true' AND '1' > '1').
       Task "Warning" skipped, due to false condition; ('$(_Targeting30OrNewerRazorLangVersion)' != 'true' AND '$(_TargetingNETCoreApp30OrLater)' == 'true') was evaluated as ('true' != 'true' AND 'true' == 'true').
       Using "FindInList" task from assembly "Microsoft.Build.Tasks.Core, Version=15.1.0.0, Culture=neutral, PublicKeyToken=b03f5f7f11d50a3a".
       Task "FindInList"
         Found "MVC-3.0".
       Done executing task "FindInList".
   1:7>Done building target "ResolveRazorConfiguration" in project "MoneyTrackerApp.csproj".
       Target "ResolveRazorGenerateInputs" skipped. Previously built successfully.
   1:7>Target "ResolveScopedCssInputs" in file "C:\Program Files\dotnet\sdk\8.0.416\Sdks\Microsoft.NET.Sdk.StaticWebAssets\targets\Microsoft.NET.Sdk.StaticWebAssets.ScopedCss.targets" from project "F:\OJT-Review\MoneyTrackerApp\Expense-Manager\MoneyTrackerApp\MoneyTrackerApp\MoneyTrackerApp.csproj" (target "ComputeCssScope" depends on it):
       Using "DiscoverDefaultScopedCssItems" task from assembly "C:\Program Files\dotnet\sdk\8.0.416\Sdks\Microsoft.NET.Sdk.StaticWebAssets\targets\..\tasks\net8.0\Microsoft.NET.Sdk.StaticWebAssets.Tasks.dll".
       Task "DiscoverDefaultScopedCssItems"
       Done executing task "DiscoverDefaultScopedCssItems".
   1:7>Done building target "ResolveScopedCssInputs" in project "MoneyTrackerApp.csproj".
   1:7>Target "ComputeCssScope" in file "C:\Program Files\dotnet\sdk\8.0.416\Sdks\Microsoft.NET.Sdk.StaticWebAssets\targets\Microsoft.NET.Sdk.StaticWebAssets.ScopedCss.targets" from project "F:\OJT-Review\MoneyTrackerApp\Expense-Manager\MoneyTrackerApp\MoneyTrackerApp\MoneyTrackerApp.csproj" (target "ResolveCssScopes" depends on it):
       Using "ComputeCssScope" task from assembly "C:\Program Files\dotnet\sdk\8.0.416\Sdks\Microsoft.NET.Sdk.StaticWebAssets\targets\..\tasks\net8.0\Microsoft.NET.Sdk.StaticWebAssets.Tasks.dll".
       Task "ComputeCssScope"
       Done executing task "ComputeCssScope".
   1:7>Done building target "ComputeCssScope" in project "MoneyTrackerApp.csproj".
   1:7>Target "ResolveRazorComponentInputs" in file "C:\Program Files\dotnet\sdk\8.0.416\Sdks\Microsoft.NET.Sdk.Razor\targets\Sdk.Razor.CurrentVersion.targets" from project "F:\OJT-Review\MoneyTrackerApp\Expense-Manager\MoneyTrackerApp\MoneyTrackerApp\MoneyTrackerApp.csproj" (target "ResolveCssScopes" depends on it):
   1:7>Done building target "ResolveRazorComponentInputs" in project "MoneyTrackerApp.csproj".
       Target "ResolveRazorGenerateInputs" skipped. Previously built successfully.
   1:7>Target "ResolveCssScopes" in file "C:\Program Files\dotnet\sdk\8.0.416\Sdks\Microsoft.NET.Sdk.Razor\targets\Sdk.Razor.CurrentVersion.targets" from project "F:\OJT-Review\MoneyTrackerApp\Expense-Manager\MoneyTrackerApp\MoneyTrackerApp\MoneyTrackerApp.csproj" (target "AssignRazorGenerateTargetPaths" depends on it):
       Using "ApplyCssScopes" task from assembly "C:\Program Files\dotnet\sdk\8.0.416\Sdks\Microsoft.NET.Sdk.StaticWebAssets\targets\..\tasks\net8.0\Microsoft.NET.Sdk.StaticWebAssets.Tasks.dll".
       Task "ApplyCssScopes"
       Done executing task "ApplyCssScopes".
   1:7>Done building target "ResolveCssScopes" in project "MoneyTrackerApp.csproj".
   1:7>Target "AssignRazorGenerateTargetPaths" in file "C:\Program Files\dotnet\sdk\8.0.416\Sdks\Microsoft.NET.Sdk.Razor\targets\Sdk.Razor.CurrentVersion.targets" from project "F:\OJT-Review\MoneyTrackerApp\Expense-Manager\MoneyTrackerApp\MoneyTrackerApp\MoneyTrackerApp.csproj" (target "PrepareForRazorGenerate" depends on it):
       Task "AssignTargetPath"
       Done executing task "AssignTargetPath".
   1:7>Done building target "AssignRazorGenerateTargetPaths" in project "MoneyTrackerApp.csproj".
   1:7>Target "_ResolveGeneratedRazorCompileInputs" in file "C:\Program Files\dotnet\sdk\8.0.416\Sdks\Microsoft.NET.Sdk.Razor\targets\Sdk.Razor.CurrentVersion.targets" from project "F:\OJT-Review\MoneyTrackerApp\Expense-Manager\MoneyTrackerApp\MoneyTrackerApp\MoneyTrackerApp.csproj" (target "PrepareForRazorGenerate" depends on it):
   1:7>Done building target "_ResolveGeneratedRazorCompileInputs" in project "MoneyTrackerApp.csproj".
       Target "_CheckForIncorrectMvcConfiguration" skipped, due to false condition; ('@(ResolvedRazorConfiguration)' == 'Default' AND
             ('$(RazorCompileOnBuild)' == 'true' OR '$(RazorCompileOnPublish)' =='true') AND
             '@(RazorGenerate->Count())' != '0' AND
             '$(_Targeting30OrNewerRazorLangVersion)' == 'true' AND
             '$(_IsTargetingRazor2X)' != 'true') was evaluated as ('MVC-3.0' == 'Default' AND
             ('true' == 'true' OR 'true' =='true') AND
             '70' != '0' AND
             'true' == 'true' AND
             '' != 'true').
   1:7>Target "PrepareForRazorGenerate" in file "C:\Program Files\dotnet\sdk\8.0.416\Sdks\Microsoft.NET.Sdk.Razor\targets\Sdk.Razor.CurrentVersion.targets" from project "F:\OJT-Review\MoneyTrackerApp\Expense-Manager\MoneyTrackerApp\MoneyTrackerApp\MoneyTrackerApp.csproj" (target "_PrepareRazorSourceGenerators" depends on it):
   1:7>Done building target "PrepareForRazorGenerate" in project "MoneyTrackerApp.csproj".
       Target "ResolveRazorConfiguration" skipped. Previously built successfully.
       Target "ResolveRazorComponentInputs" skipped. Previously built successfully.
       Target "_CheckForIncorrectComponentsConfiguration" skipped, due to false condition; (('$(RazorCompileOnBuild)' == 'true' OR '$(RazorCompileOnPublish)' =='true') AND
             '@(RazorComponent->Count())' != '0' AND
             '$(_Targeting30OrNewerRazorLangVersion)' != 'true' AND
             '$(_IsTargetingRazor2X)' != 'true') was evaluated as (('true' == 'true' OR 'true' =='true') AND
             '0' != '0' AND
             'true' != 'true' AND
             '' != 'true').
       Target "AssignRazorComponentTargetPaths" skipped, due to false condition; ('@(RazorComponent)' != '') was evaluated as ('' != '').
   1:7>Target "PrepareForRazorComponentGenerate" in file "C:\Program Files\dotnet\sdk\8.0.416\Sdks\Microsoft.NET.Sdk.Razor\targets\Sdk.Razor.CurrentVersion.targets" from project "F:\OJT-Review\MoneyTrackerApp\Expense-Manager\MoneyTrackerApp\MoneyTrackerApp\MoneyTrackerApp.csproj" (target "_PrepareRazorSourceGenerators" depends on it):
   1:7>Done building target "PrepareForRazorComponentGenerate" in project "MoneyTrackerApp.csproj".
   1:7>Target "_PrepareRazorSourceGenerators" in file "C:\Program Files\dotnet\sdk\8.0.416\Sdks\Microsoft.NET.Sdk.Razor\targets\Microsoft.NET.Sdk.Razor.SourceGenerators.targets" from project "F:\OJT-Review\MoneyTrackerApp\Expense-Manager\MoneyTrackerApp\MoneyTrackerApp\MoneyTrackerApp.csproj" (target "GenerateMSBuildEditorConfigFileShouldRun" depends on it):
       Using "EncodeRazorInputItem" task from assembly "C:\Program Files\dotnet\sdk\8.0.416\Sdks\Microsoft.NET.Sdk.Razor\targets\..\tasks\net8.0\Microsoft.NET.Sdk.Razor.Tasks.dll".
       Task "EncodeRazorInputItem"
       Done executing task "EncodeRazorInputItem".
   1:7>Done building target "_PrepareRazorSourceGenerators" in project "MoneyTrackerApp.csproj".
   1:7>Target "GenerateMSBuildEditorConfigFileShouldRun" in file "C:\Program Files\dotnet\sdk\8.0.416\Roslyn\Microsoft.Managed.Core.targets" from project "F:\OJT-Review\MoneyTrackerApp\Expense-Manager\MoneyTrackerApp\MoneyTrackerApp\MoneyTrackerApp.csproj" (target "GenerateMSBuildEditorConfigFile" depends on it):
   1:7>Done building target "GenerateMSBuildEditorConfigFileShouldRun" in project "MoneyTrackerApp.csproj".
   1:7>Target "GenerateMSBuildEditorConfigFileCore" in file "C:\Program Files\dotnet\sdk\8.0.416\Roslyn\Microsoft.Managed.Core.targets" from project "F:\OJT-Review\MoneyTrackerApp\Expense-Manager\MoneyTrackerApp\MoneyTrackerApp\MoneyTrackerApp.csproj" (target "GenerateMSBuildEditorConfigFile" depends on it):
       Building target "GenerateMSBuildEditorConfigFileCore" completely.
       No input files were specified.
       Using "GenerateMSBuildEditorConfig" task from assembly "C:\Program Files\dotnet\sdk\8.0.416\Roslyn\Microsoft.Build.Tasks.CodeAnalysis.dll".
       Task "GenerateMSBuildEditorConfig"
       Done executing task "GenerateMSBuildEditorConfig".
   1:7>Done building target "GenerateMSBuildEditorConfigFileCore" in project "MoneyTrackerApp.csproj".
   1:7>Target "GenerateMSBuildEditorConfigFile" in file "C:\Program Files\dotnet\sdk\8.0.416\Roslyn\Microsoft.Managed.Core.targets" from project "F:\OJT-Review\MoneyTrackerApp\Expense-Manager\MoneyTrackerApp\MoneyTrackerApp\MoneyTrackerApp.csproj" (target "BeforeCompile" depends on it):
   1:7>Done building target "GenerateMSBuildEditorConfigFile" in project "MoneyTrackerApp.csproj".
       Target "PrepareForBuild" skipped. Previously built successfully.
       Target "GetReferenceAssemblyPaths" skipped. Previously built successfully.
   1:7>Target "_SetTargetFrameworkMonikerAttribute" in file "C:\Program Files\dotnet\sdk\8.0.416\Microsoft.CSharp.CurrentVersion.targets" from project "F:\OJT-Review\MoneyTrackerApp\Expense-Manager\MoneyTrackerApp\MoneyTrackerApp\MoneyTrackerApp.csproj" (target "GenerateTargetFrameworkMonikerAttribute" depends on it):
   1:7>Done building target "_SetTargetFrameworkMonikerAttribute" in project "MoneyTrackerApp.csproj".
   1:7>Target "GenerateTargetFrameworkMonikerAttribute" in file "C:\Program Files\dotnet\sdk\8.0.416\Microsoft.Common.CurrentVersion.targets" from project "F:\OJT-Review\MoneyTrackerApp\Expense-Manager\MoneyTrackerApp\MoneyTrackerApp\MoneyTrackerApp.csproj" (target "BeforeCompile" depends on it):
       Skipping target "GenerateTargetFrameworkMonikerAttribute" because all output files are up-to-date with respect to the input files.
       Input files: C:\Program Files\dotnet\sdk\8.0.416\Microsoft.Common.targets
       Output files: obj\Debug\net8.0\.NETCoreApp,Version=v8.0.AssemblyAttributes.cs
   1:7>Done building target "GenerateTargetFrameworkMonikerAttribute" in project "MoneyTrackerApp.csproj".
       Target "GenerateAdditionalSources" skipped, due to false condition; ('@(AssemblyAttributes)' != '' and '$(GenerateAdditionalSources)' == 'true') was evaluated as ('' != '' and '' == 'true').
       Target "PrepareForBuild" skipped. Previously built successfully.
   1:7>Target "GetAssemblyVersion" in file "C:\Program Files\dotnet\sdk\8.0.416\Sdks\Microsoft.NET.Sdk\targets\Microsoft.NET.GenerateAssemblyInfo.targets" from project "F:\OJT-Review\MoneyTrackerApp\Expense-Manager\MoneyTrackerApp\MoneyTrackerApp\MoneyTrackerApp.csproj" (target "GetAssemblyAttributes" depends on it):
       Using "GetAssemblyVersion" task from assembly "C:\Program Files\dotnet\sdk\8.0.416\Sdks\Microsoft.NET.Sdk\targets\..\tools\net8.0\Microsoft.NET.Build.Tasks.dll".
       Task "GetAssemblyVersion"
       Done executing task "GetAssemblyVersion".
   1:7>Done building target "GetAssemblyVersion" in project "MoneyTrackerApp.csproj".
       Target "GetAssemblyVersion" skipped. Previously built successfully.
   1:7>Target "InitializeSourceControlInformationFromSourceControlManager" in file "C:\Program Files\dotnet\sdk\8.0.416\Sdks\Microsoft.Build.Tasks.Git\build\Microsoft.Build.Tasks.Git.targets" from project "F:\OJT-Review\MoneyTrackerApp\Expense-Manager\MoneyTrackerApp\MoneyTrackerApp\MoneyTrackerApp.csproj" (target "_InitializeSourceControlInformationFromSourceControlManager" depends on it):
       Using "Microsoft.Build.Tasks.Git.LocateRepository" task from assembly "C:\Program Files\dotnet\sdk\8.0.416\Sdks\Microsoft.Build.Tasks.Git\build\..\tools\core\Microsoft.Build.Tasks.Git.dll".
       Task "Microsoft.Build.Tasks.Git.LocateRepository"
         SourceLink: Repository instance not found in cache: '*:F:\OJT-Review\MoneyTrackerApp\Expense-Manager\.git'
       Done executing task "Microsoft.Build.Tasks.Git.LocateRepository".
   1:7>Done building target "InitializeSourceControlInformationFromSourceControlManager" in project "MoneyTrackerApp.csproj".
   1:7>Target "_SourceLinkHasSingleProvider" in file "C:\Program Files\dotnet\sdk\8.0.416\Sdks\Microsoft.SourceLink.Common\build\InitializeSourceControlInformation.targets" from project "F:\OJT-Review\MoneyTrackerApp\Expense-Manager\MoneyTrackerApp\MoneyTrackerApp\MoneyTrackerApp.csproj" (target "_InitializeSourceControlInformationFromSourceControlManager" depends on it):
       Assembly loaded during TaskRun: Microsoft.SourceLink.Common, Version=8.0.9.11501, Culture=neutral, PublicKeyToken=31bf3856ad364e35 (location: C:\Program Files\dotnet\sdk\8.0.416\Sdks\Microsoft.SourceLink.Common\tools\core\Microsoft.SourceLink.Common.dll, MVID: d5b96578-81ec-438f-8487-2f5405206516, AssemblyLoadContext: MSBuild plugin C:\Program Files\dotnet\sdk\8.0.416\Sdks\Microsoft.SourceLink.Common\tools\core\Microsoft.SourceLink.Common.dll)
       Using "Microsoft.SourceLink.Common.SourceLinkHasSingleProvider" task from assembly "C:\Program Files\dotnet\sdk\8.0.416\Sdks\Microsoft.SourceLink.Common\build\..\tools\core\Microsoft.SourceLink.Common.dll".
       Task "Microsoft.SourceLink.Common.SourceLinkHasSingleProvider"
       Done executing task "Microsoft.SourceLink.Common.SourceLinkHasSingleProvider".
   1:7>Done building target "_SourceLinkHasSingleProvider" in project "MoneyTrackerApp.csproj".
   1:7>Target "TranslateGitHubUrlsInSourceControlInformation" in file "C:\Program Files\dotnet\sdk\8.0.416\Sdks\Microsoft.SourceLink.GitHub\build\Microsoft.SourceLink.GitHub.targets" from project "F:\OJT-Review\MoneyTrackerApp\Expense-Manager\MoneyTrackerApp\MoneyTrackerApp\MoneyTrackerApp.csproj" (target "_InitializeSourceControlInformationFromSourceControlManager" depends on it):
       Assembly loaded during TaskRun: Microsoft.SourceLink.GitHub, Version=8.0.9.11501, Culture=neutral, PublicKeyToken=31bf3856ad364e35 (location: C:\Program Files\dotnet\sdk\8.0.416\Sdks\Microsoft.SourceLink.GitHub\tools\core\Microsoft.SourceLink.GitHub.dll, MVID: 1fbac130-3a2a-4cf4-9c60-b0ae73333681, AssemblyLoadContext: MSBuild plugin C:\Program Files\dotnet\sdk\8.0.416\Sdks\Microsoft.SourceLink.GitHub\tools\core\Microsoft.SourceLink.GitHub.dll)
       Using "Microsoft.SourceLink.GitHub.TranslateRepositoryUrls" task from assembly "C:\Program Files\dotnet\sdk\8.0.416\Sdks\Microsoft.SourceLink.GitHub\build\..\tools\core\Microsoft.SourceLink.GitHub.dll".
       Task "Microsoft.SourceLink.GitHub.TranslateRepositoryUrls"
       Done executing task "Microsoft.SourceLink.GitHub.TranslateRepositoryUrls".
   1:7>Done building target "TranslateGitHubUrlsInSourceControlInformation" in project "MoneyTrackerApp.csproj".
   1:7>Target "TranslateGitLabUrlsInSourceControlInformation" in file "C:\Program Files\dotnet\sdk\8.0.416\Sdks\Microsoft.SourceLink.GitLab\build\Microsoft.SourceLink.GitLab.targets" from project "F:\OJT-Review\MoneyTrackerApp\Expense-Manager\MoneyTrackerApp\MoneyTrackerApp\MoneyTrackerApp.csproj" (target "_InitializeSourceControlInformationFromSourceControlManager" depends on it):
       Assembly loaded during TaskRun: Microsoft.SourceLink.GitLab, Version=8.0.9.11501, Culture=neutral, PublicKeyToken=31bf3856ad364e35 (location: C:\Program Files\dotnet\sdk\8.0.416\Sdks\Microsoft.SourceLink.GitLab\tools\core\Microsoft.SourceLink.GitLab.dll, MVID: 6b003cb9-36ef-4a5a-83ae-cc8fa7fbcb67, AssemblyLoadContext: MSBuild plugin C:\Program Files\dotnet\sdk\8.0.416\Sdks\Microsoft.SourceLink.GitLab\tools\core\Microsoft.SourceLink.GitLab.dll)
       Using "Microsoft.SourceLink.GitLab.TranslateRepositoryUrls" task from assembly "C:\Program Files\dotnet\sdk\8.0.416\Sdks\Microsoft.SourceLink.GitLab\build\..\tools\core\Microsoft.SourceLink.GitLab.dll".
       Task "Microsoft.SourceLink.GitLab.TranslateRepositoryUrls"
       Done executing task "Microsoft.SourceLink.GitLab.TranslateRepositoryUrls".
   1:7>Done building target "TranslateGitLabUrlsInSourceControlInformation" in project "MoneyTrackerApp.csproj".
   1:7>Target "TranslateAzureReposGitUrlsInSourceControlInformation" in file "C:\Program Files\dotnet\sdk\8.0.416\Sdks\Microsoft.SourceLink.AzureRepos.Git\build\Microsoft.SourceLink.AzureRepos.Git.targets" from project "F:\OJT-Review\MoneyTrackerApp\Expense-Manager\MoneyTrackerApp\MoneyTrackerApp\MoneyTrackerApp.csproj" (target "_InitializeSourceControlInformationFromSourceControlManager" depends on it):
       Assembly loaded during TaskRun: Microsoft.SourceLink.AzureRepos.Git, Version=8.0.9.11501, Culture=neutral, PublicKeyToken=31bf3856ad364e35 (location: C:\Program Files\dotnet\sdk\8.0.416\Sdks\Microsoft.SourceLink.AzureRepos.Git\tools\core\Microsoft.SourceLink.AzureRepos.Git.dll, MVID: 3a082d27-0e6b-4d51-92ea-8eaf3fc3120f, AssemblyLoadContext: MSBuild plugin C:\Program Files\dotnet\sdk\8.0.416\Sdks\Microsoft.SourceLink.AzureRepos.Git\tools\core\Microsoft.SourceLink.AzureRepos.Git.dll)
       Using "Microsoft.SourceLink.AzureRepos.Git.TranslateRepositoryUrls" task from assembly "C:\Program Files\dotnet\sdk\8.0.416\Sdks\Microsoft.SourceLink.AzureRepos.Git\build\..\tools\core\Microsoft.SourceLink.AzureRepos.Git.dll".
       Task "Microsoft.SourceLink.AzureRepos.Git.TranslateRepositoryUrls"
       Done executing task "Microsoft.SourceLink.AzureRepos.Git.TranslateRepositoryUrls".
   1:7>Done building target "TranslateAzureReposGitUrlsInSourceControlInformation" in project "MoneyTrackerApp.csproj".
   1:7>Target "TranslateBitbucketGitUrlsInSourceControlInformation" in file "C:\Program Files\dotnet\sdk\8.0.416\Sdks\Microsoft.SourceLink.Bitbucket.Git\build\Microsoft.SourceLink.Bitbucket.Git.targets" from project "F:\OJT-Review\MoneyTrackerApp\Expense-Manager\MoneyTrackerApp\MoneyTrackerApp\MoneyTrackerApp.csproj" (target "_InitializeSourceControlInformationFromSourceControlManager" depends on it):
       Assembly loaded during TaskRun: Microsoft.SourceLink.Bitbucket.Git, Version=8.0.9.11501, Culture=neutral, PublicKeyToken=31bf3856ad364e35 (location: C:\Program Files\dotnet\sdk\8.0.416\Sdks\Microsoft.SourceLink.Bitbucket.Git\tools\core\Microsoft.SourceLink.Bitbucket.Git.dll, MVID: 3994e8b0-7ae9-409e-bc2b-53baef289161, AssemblyLoadContext: MSBuild plugin C:\Program Files\dotnet\sdk\8.0.416\Sdks\Microsoft.SourceLink.Bitbucket.Git\tools\core\Microsoft.SourceLink.Bitbucket.Git.dll)
       Using "Microsoft.SourceLink.Bitbucket.Git.TranslateRepositoryUrls" task from assembly "C:\Program Files\dotnet\sdk\8.0.416\Sdks\Microsoft.SourceLink.Bitbucket.Git\build\..\tools\core\Microsoft.SourceLink.Bitbucket.Git.dll".
       Task "Microsoft.SourceLink.Bitbucket.Git.TranslateRepositoryUrls"
       Done executing task "Microsoft.SourceLink.Bitbucket.Git.TranslateRepositoryUrls".
   1:7>Done building target "TranslateBitbucketGitUrlsInSourceControlInformation" in project "MoneyTrackerApp.csproj".
   1:7>Target "SourceControlManagerPublishTranslatedUrls" in file "C:\Program Files\dotnet\sdk\8.0.416\Sdks\Microsoft.SourceLink.Common\build\InitializeSourceControlInformation.targets" from project "F:\OJT-Review\MoneyTrackerApp\Expense-Manager\MoneyTrackerApp\MoneyTrackerApp\MoneyTrackerApp.csproj" (target "_InitializeSourceControlInformationFromSourceControlManager" depends on it):
   1:7>Done building target "SourceControlManagerPublishTranslatedUrls" in project "MoneyTrackerApp.csproj".
   1:7>Target "_InitializeSourceControlInformationFromSourceControlManager" in file "C:\Program Files\dotnet\sdk\8.0.416\Sdks\Microsoft.SourceLink.Common\build\InitializeSourceControlInformation.targets" from project "F:\OJT-Review\MoneyTrackerApp\Expense-Manager\MoneyTrackerApp\MoneyTrackerApp\MoneyTrackerApp.csproj" (target "InitializeSourceControlInformation" depends on it):
   1:7>Done building target "_InitializeSourceControlInformationFromSourceControlManager" in project "MoneyTrackerApp.csproj".
   1:7>Target "InitializeSourceControlInformation" in file "C:\Program Files\dotnet\sdk\8.0.416\Microsoft.Common.CurrentVersion.targets" from project "F:\OJT-Review\MoneyTrackerApp\Expense-Manager\MoneyTrackerApp\MoneyTrackerApp\MoneyTrackerApp.csproj" (target "AddSourceRevisionToInformationalVersion" depends on it):
   1:7>Done building target "InitializeSourceControlInformation" in project "MoneyTrackerApp.csproj".
   1:7>Target "AddSourceRevisionToInformationalVersion" in file "C:\Program Files\dotnet\sdk\8.0.416\Sdks\Microsoft.NET.Sdk\targets\Microsoft.NET.GenerateAssemblyInfo.targets" from project "F:\OJT-Review\MoneyTrackerApp\Expense-Manager\MoneyTrackerApp\MoneyTrackerApp\MoneyTrackerApp.csproj" (target "GetAssemblyAttributes" depends on it):
   1:7>Done building target "AddSourceRevisionToInformationalVersion" in project "MoneyTrackerApp.csproj".
       Target "_GetUserSecretsAssemblyAttribute" skipped, due to false condition; ( '$(UserSecretsId)' != '' AND '$(GenerateUserSecretsAttribute)' != 'false' AND '$(GeneratedUserSecretsAttributeFile)' == '' ) was evaluated as ( '' != '' AND '' != 'false' AND '' == '' ).
   1:7>Target "GetAssemblyAttributes" in file "C:\Program Files\dotnet\sdk\8.0.416\Sdks\Microsoft.NET.Sdk\targets\Microsoft.NET.GenerateAssemblyInfo.targets" from project "F:\OJT-Review\MoneyTrackerApp\Expense-Manager\MoneyTrackerApp\MoneyTrackerApp\MoneyTrackerApp.csproj" (target "CreateGeneratedAssemblyInfoInputsCacheFile" depends on it):
   1:7>Done building target "GetAssemblyAttributes" in project "MoneyTrackerApp.csproj".
   1:7>Target "CreateGeneratedAssemblyInfoInputsCacheFile" in file "C:\Program Files\dotnet\sdk\8.0.416\Sdks\Microsoft.NET.Sdk\targets\Microsoft.NET.GenerateAssemblyInfo.targets" from project "F:\OJT-Review\MoneyTrackerApp\Expense-Manager\MoneyTrackerApp\MoneyTrackerApp\MoneyTrackerApp.csproj" (target "CoreGenerateAssemblyInfo" depends on it):
       Using "Hash" task from assembly "Microsoft.Build.Tasks.Core, Version=15.1.0.0, Culture=neutral, PublicKeyToken=b03f5f7f11d50a3a".
       Task "Hash"
       Done executing task "Hash".
       Task "WriteLinesToFile"
         Skipping write to file "obj\Debug\net8.0\MoneyTrackerApp.AssemblyInfoInputs.cache" because content would not change.
       Done executing task "WriteLinesToFile".
   1:7>Done building target "CreateGeneratedAssemblyInfoInputsCacheFile" in project "MoneyTrackerApp.csproj".
   1:7>Target "CoreGenerateAssemblyInfo" in file "C:\Program Files\dotnet\sdk\8.0.416\Sdks\Microsoft.NET.Sdk\targets\Microsoft.NET.GenerateAssemblyInfo.targets" from project "F:\OJT-Review\MoneyTrackerApp\Expense-Manager\MoneyTrackerApp\MoneyTrackerApp\MoneyTrackerApp.csproj" (target "GenerateAssemblyInfo" depends on it):
       Skipping target "CoreGenerateAssemblyInfo" because all output files are up-to-date with respect to the input files.
       Input files: obj\Debug\net8.0\MoneyTrackerApp.AssemblyInfoInputs.cache
       Output files: obj\Debug\net8.0\MoneyTrackerApp.AssemblyInfo.cs
   1:7>Done building target "CoreGenerateAssemblyInfo" in project "MoneyTrackerApp.csproj".
   1:7>Target "GenerateAssemblyInfo" in file "C:\Program Files\dotnet\sdk\8.0.416\Sdks\Microsoft.NET.Sdk\targets\Microsoft.NET.GenerateAssemblyInfo.targets" from project "F:\OJT-Review\MoneyTrackerApp\Expense-Manager\MoneyTrackerApp\MoneyTrackerApp\MoneyTrackerApp.csproj" (target "BeforeCompile" depends on it):
   1:7>Done building target "GenerateAssemblyInfo" in project "MoneyTrackerApp.csproj".
   1:7>Target "BeforeCompile" in file "C:\Program Files\dotnet\sdk\8.0.416\Microsoft.Common.CurrentVersion.targets" from project "F:\OJT-Review\MoneyTrackerApp\Expense-Manager\MoneyTrackerApp\MoneyTrackerApp\MoneyTrackerApp.csproj" (target "Compile" depends on it):
   1:7>Done building target "BeforeCompile" in project "MoneyTrackerApp.csproj".
       Target "_TimeStampBeforeCompile" skipped, due to false condition; ('$(RunPostBuildEvent)'=='OnOutputUpdated' or ('$(RegisterForComInterop)'=='true' and '$(OutputType)'=='library')) was evaluated as (''=='OnOutputUpdated' or (''=='true' and 'Exe'=='library')).
       Target "ResolveAssemblyReferences" skipped. Previously built successfully.
   1:7>Target "_GenerateCompileDependencyCache" in file "C:\Program Files\dotnet\sdk\8.0.416\Microsoft.Common.CurrentVersion.targets" from project "F:\OJT-Review\MoneyTrackerApp\Expense-Manager\MoneyTrackerApp\MoneyTrackerApp\MoneyTrackerApp.csproj" (target "Compile" depends on it):
       Task "Hash"
       Done executing task "Hash".
       Task "WriteLinesToFile"
         Skipping write to file "obj\Debug\net8.0\MoneyTrackerApp.csproj.CoreCompileInputs.cache" because content would not change.
       Done executing task "WriteLinesToFile".
   1:7>Done building target "_GenerateCompileDependencyCache" in project "MoneyTrackerApp.csproj".
       Target "ResolveAssemblyReferences" skipped. Previously built successfully.
   1:7>Target "_DiscoverMvcApplicationParts" in file "C:\Program Files\dotnet\sdk\8.0.416\Sdks\Microsoft.NET.Sdk.Razor\targets\Microsoft.NET.Sdk.Razor.MvcApplicationPartsDiscovery.targets" from project "F:\OJT-Review\MoneyTrackerApp\Expense-Manager\MoneyTrackerApp\MoneyTrackerApp\MoneyTrackerApp.csproj" (target "CoreCompile" depends on it):
       Skipping target "_DiscoverMvcApplicationParts" because all output files are up-to-date with respect to the input files.
       Input files: 
           F:\OJT-Review\MoneyTrackerApp\Expense-Manager\MoneyTrackerApp\MoneyTrackerApp\obj\project.assets.json
           F:\OJT-Review\MoneyTrackerApp\Expense-Manager\MoneyTrackerApp\MoneyTrackerApp\obj\MoneyTrackerApp.csproj.nuget.g.props
           C:\Program Files\dotnet\sdk\8.0.416\Current\Microsoft.Common.targets\ImportAfter\Microsoft.TestPlatform.ImportAfter.targets
       Output files: obj\Debug\net8.0\MoneyTrackerApp.MvcApplicationPartsAssemblyInfo.cache
   1:7>Done building target "_DiscoverMvcApplicationParts" in project "MoneyTrackerApp.csproj".
       Target "_ComputeNonExistentFileProperty" skipped, due to false condition; (('$(BuildingInsideVisualStudio)' == 'true') and ('$(BuildingOutOfProcess)' != 'true') and (('$(BuildingProject)' == 'false') or ('$(UseHostCompilerIfAvailable)' == 'true'))) was evaluated as (('' == 'true') and ('' != 'true') and (('true' == 'false') or ('true' == 'true'))).
       Target "ResolveCodeAnalysisRuleSet" skipped, due to false condition; ('$(CodeAnalysisRuleSet)' != '') was evaluated as ('' != '').
       Target "ResolveRazorGenerateInputs" skipped. Previously built successfully.
   1:7>Target "_ResolveMvcAssemblyAttributes" in file "C:\Program Files\dotnet\sdk\8.0.416\Sdks\Microsoft.NET.Sdk.Razor\targets\Microsoft.NET.Sdk.Razor.Configuration.targets" from project "F:\OJT-Review\MoneyTrackerApp\Expense-Manager\MoneyTrackerApp\MoneyTrackerApp\MoneyTrackerApp.csproj" (target "_GenerateRazorAssemblyInfo" depends on it):
   1:7>Done building target "_ResolveMvcAssemblyAttributes" in project "MoneyTrackerApp.csproj".
       Target "RazorGetAssemblyAttributes" skipped, due to false condition; ('$(GenerateRazorHostingAssemblyInfo)'=='true' and '$(RazorDefaultConfiguration)'!='') was evaluated as (''=='true' and 'MVC-3.0'!='').
       Target "PrepareForBuild" skipped. Previously built successfully.
   1:7>Target "_CreateRazorAssemblyInfoInputsCacheFile" in file "C:\Program Files\dotnet\sdk\8.0.416\Sdks\Microsoft.NET.Sdk.Razor\targets\Microsoft.NET.Sdk.Razor.GenerateAssemblyInfo.targets" from project "F:\OJT-Review\MoneyTrackerApp\Expense-Manager\MoneyTrackerApp\MoneyTrackerApp\MoneyTrackerApp.csproj" (target "_CoreGenerateRazorAssemblyInfo" depends on it):
       Task "Hash"
       Done executing task "Hash".
       Task "WriteLinesToFile"
         Skipping write to file "obj\Debug\net8.0\MoneyTrackerApp.RazorAssemblyInfo.cache" because content would not change.
       Done executing task "WriteLinesToFile".
   1:7>Done building target "_CreateRazorAssemblyInfoInputsCacheFile" in project "MoneyTrackerApp.csproj".
   1:7>Target "_CoreGenerateRazorAssemblyInfo" in file "C:\Program Files\dotnet\sdk\8.0.416\Sdks\Microsoft.NET.Sdk.Razor\targets\Microsoft.NET.Sdk.Razor.GenerateAssemblyInfo.targets" from project "F:\OJT-Review\MoneyTrackerApp\Expense-Manager\MoneyTrackerApp\MoneyTrackerApp\MoneyTrackerApp.csproj" (target "_GenerateRazorAssemblyInfo" depends on it):
       Skipping target "_CoreGenerateRazorAssemblyInfo" because all output files are up-to-date with respect to the input files.
       Input files: obj\Debug\net8.0\MoneyTrackerApp.RazorAssemblyInfo.cache
       Output files: obj\Debug\net8.0\MoneyTrackerApp.RazorAssemblyInfo.cs
   1:7>Done building target "_CoreGenerateRazorAssemblyInfo" in project "MoneyTrackerApp.csproj".
   1:7>Target "_GenerateRazorAssemblyInfo" in file "C:\Program Files\dotnet\sdk\8.0.416\Sdks\Microsoft.NET.Sdk.Razor\targets\Microsoft.NET.Sdk.Razor.GenerateAssemblyInfo.targets" from project "F:\OJT-Review\MoneyTrackerApp\Expense-Manager\MoneyTrackerApp\MoneyTrackerApp\MoneyTrackerApp.csproj" (target "CoreCompile" depends on it):
   1:7>Done building target "_GenerateRazorAssemblyInfo" in project "MoneyTrackerApp.csproj".
       Target "ShimReferencePathsWhenCommonTargetsDoesNotUnderstandReferenceAssemblies" skipped, due to false condition; ('@(ReferencePathWithRefAssemblies)' == '') was evaluated as ('C:\Users\MY PC\.nuget\packages\azure.core\1.35.0\lib\net6.0\Azure.Core.dll;C:\Users\MY PC\.nuget\packages\azure.identity\1.10.3\lib\netstandard2.0\Azure.Identity.dll;C:\Users\MY PC\.nuget\packages\bcrypt.net-next\4.0.3\lib\net6.0\BCrypt.Net-Next.dll;...' == '').
   1:7>Target "_BeforeVBCSCoreCompile" in file "C:\Program Files\dotnet\sdk\8.0.416\Roslyn\Microsoft.Managed.Core.targets" from project "F:\OJT-Review\MoneyTrackerApp\Expense-Manager\MoneyTrackerApp\MoneyTrackerApp\MoneyTrackerApp.csproj" (target "CoreCompile" depends on it):
   1:7>Done building target "_BeforeVBCSCoreCompile" in project "MoneyTrackerApp.csproj".
       Target "AdjustDefaultPlatformTargetForNetFrameworkExeWithNoNativeCopyLocalItems" skipped, due to false condition; ('$(_UsingDefaultPlatformTarget)' == 'true' and
                            '$(_UsingDefaultRuntimeIdentifier)' == 'true') was evaluated as ('true' == 'true' and
                            '' == 'true').
       Target "_DisableDiagnosticTracing" skipped, due to false condition; ('$(DisableDiagnosticTracing)' == 'true') was evaluated as ('' == 'true').
       Target "GenerateTargetPlatformDefineConstants" skipped, due to false condition; ( '$(DisableImplicitFrameworkDefines)' != 'true' and '$(TargetPlatformIdentifier)' != '' and '$(TargetFrameworkIdentifier)' == '.NETCoreApp' and $([MSBuild]::VersionGreaterThanOrEquals($(TargetFrameworkVersion), 5.0)) ) was evaluated as ( '' != 'true' and '' != '' and '.NETCoreApp' == '.NETCoreApp' and True ).
   1:7>Target "GenerateNETCompatibleDefineConstants" in file "C:\Program Files\dotnet\sdk\8.0.416\Sdks\Microsoft.NET.Sdk\targets\Microsoft.NET.Sdk.BeforeCommon.targets" from project "F:\OJT-Review\MoneyTrackerApp\Expense-Manager\MoneyTrackerApp\MoneyTrackerApp\MoneyTrackerApp.csproj" (target "AddImplicitDefineConstants" depends on it):
   1:7>Done building target "GenerateNETCompatibleDefineConstants" in project "MoneyTrackerApp.csproj".
       Target "GeneratePlatformCompatibleDefineConstants" skipped, due to false condition; ( '$(DisableImplicitFrameworkDefines)' != 'true' and '$(TargetPlatformIdentifier)' != '' and '$(TargetFrameworkIdentifier)' == '.NETCoreApp' and $([MSBuild]::VersionGreaterThanOrEquals($(TargetFrameworkVersion), 5.0)) ) was evaluated as ( '' != 'true' and '' != '' and '.NETCoreApp' == '.NETCoreApp' and True ).
       Target "_DisableDiagnosticTracing" skipped, due to false condition; ('$(DisableDiagnosticTracing)' == 'true') was evaluated as ('' == 'true').
   1:7>Target "AddImplicitDefineConstants" in file "C:\Program Files\dotnet\sdk\8.0.416\Sdks\Microsoft.NET.Sdk\targets\Microsoft.NET.Sdk.BeforeCommon.targets" from project "F:\OJT-Review\MoneyTrackerApp\Expense-Manager\MoneyTrackerApp\MoneyTrackerApp\MoneyTrackerApp.csproj" (target "CoreCompile" depends on it):
   1:7>Done building target "AddImplicitDefineConstants" in project "MoneyTrackerApp.csproj".
       Target "ShimReferencePathsWhenCommonTargetsDoesNotUnderstandReferenceAssemblies" skipped, due to false condition; ('@(ReferencePathWithRefAssemblies)' == '') was evaluated as ('C:\Users\MY PC\.nuget\packages\azure.core\1.35.0\lib\net6.0\Azure.Core.dll;C:\Users\MY PC\.nuget\packages\azure.identity\1.10.3\lib\netstandard2.0\Azure.Identity.dll;C:\Users\MY PC\.nuget\packages\bcrypt.net-next\4.0.3\lib\net6.0\BCrypt.Net-Next.dll;...' == '').
   1:7>Target "_ComputeSkipAnalyzers" in file "C:\Program Files\dotnet\sdk\8.0.416\Roslyn\Microsoft.Managed.Core.targets" from project "F:\OJT-Review\MoneyTrackerApp\Expense-Manager\MoneyTrackerApp\MoneyTrackerApp\MoneyTrackerApp.csproj" (target "CoreCompile" depends on it):
       Task "ShowMessageForImplicitlySkipAnalyzers" skipped, due to false condition; ('$(_ImplicitlySkipAnalyzers)' == 'true') was evaluated as ('' == 'true').
   1:7>Done building target "_ComputeSkipAnalyzers" in project "MoneyTrackerApp.csproj".
       Target "_SetPathMapFromSourceRoots" skipped, due to false condition; ('$(DeterministicSourcePaths)' == 'true') was evaluated as ('' == 'true').
       Target "CreateCompilerGeneratedFilesOutputPath" skipped, due to false condition; ('$(EmitCompilerGeneratedFiles)' == 'true' and !('$(DesignTimeBuild)' == 'true' OR '$(BuildingProject)' != 'true')) was evaluated as ('false' == 'true' and !('' == 'true' OR 'true' != 'true')).
       Target "BeforeCompile" skipped. Previously built successfully.
       Target "InitializeSourceControlInformationFromSourceControlManager" skipped. Previously built successfully.
   1:7>Target "SetEmbeddedFilesFromSourceControlManagerUntrackedFiles" in file "C:\Program Files\dotnet\sdk\8.0.416\Sdks\Microsoft.Build.Tasks.Git\build\Microsoft.Build.Tasks.Git.targets" from project "F:\OJT-Review\MoneyTrackerApp\Expense-Manager\MoneyTrackerApp\MoneyTrackerApp\MoneyTrackerApp.csproj" (target "_SetEmbeddedFilesFromSourceControlManagerUntrackedFiles" depends on it):
       Using "Microsoft.Build.Tasks.Git.GetUntrackedFiles" task from assembly "C:\Program Files\dotnet\sdk\8.0.416\Sdks\Microsoft.Build.Tasks.Git\build\..\tools\core\Microsoft.Build.Tasks.Git.dll".
       Task "Microsoft.Build.Tasks.Git.GetUntrackedFiles"
         SourceLink: Reusing cached git repository information.
       Done executing task "Microsoft.Build.Tasks.Git.GetUntrackedFiles".
   1:7>Done building target "SetEmbeddedFilesFromSourceControlManagerUntrackedFiles" in project "MoneyTrackerApp.csproj".
   1:7>Target "_SetEmbeddedFilesFromSourceControlManagerUntrackedFiles" in file "C:\Program Files\dotnet\sdk\8.0.416\Sdks\Microsoft.SourceLink.Common\build\Microsoft.SourceLink.Common.targets" from project "F:\OJT-Review\MoneyTrackerApp\Expense-Manager\MoneyTrackerApp\MoneyTrackerApp\MoneyTrackerApp.csproj" (target "CoreCompile" depends on it):
   1:7>Done building target "_SetEmbeddedFilesFromSourceControlManagerUntrackedFiles" in project "MoneyTrackerApp.csproj".
       Target "InitializeSourceControlInformation" skipped. Previously built successfully.
   1:7>Target "_SetSourceLinkFilePath" in file "C:\Program Files\dotnet\sdk\8.0.416\Sdks\Microsoft.SourceLink.Common\build\Microsoft.SourceLink.Common.targets" from project "F:\OJT-Review\MoneyTrackerApp\Expense-Manager\MoneyTrackerApp\MoneyTrackerApp\MoneyTrackerApp.csproj" (target "_GenerateSourceLinkFile" depends on it):
   1:7>Done building target "_SetSourceLinkFilePath" in project "MoneyTrackerApp.csproj".
       Target "InitializeSourceControlInformation" skipped. Previously built successfully.
   1:7>Target "_InitializeSourceRootMappedPathsFromSourceControl" in file "C:\Program Files\dotnet\sdk\8.0.416\Roslyn\Microsoft.Managed.Core.targets" from project "F:\OJT-Review\MoneyTrackerApp\Expense-Manager\MoneyTrackerApp\MoneyTrackerApp\MoneyTrackerApp.csproj" (target "InitializeSourceRootMappedPaths" depends on it):
   1:7>Done building target "_InitializeSourceRootMappedPathsFromSourceControl" in project "MoneyTrackerApp.csproj".
   1:7>Target "InitializeSourceRootMappedPaths" in file "C:\Program Files\dotnet\sdk\8.0.416\Roslyn\Microsoft.Managed.Core.targets" from project "F:\OJT-Review\MoneyTrackerApp\Expense-Manager\MoneyTrackerApp\MoneyTrackerApp\MoneyTrackerApp.csproj" (target "_InitializeSourceRootMappedPathsOpt" depends on it):
       Using "Microsoft.CodeAnalysis.BuildTasks.MapSourceRoots" task from assembly "C:\Program Files\dotnet\sdk\8.0.416\Roslyn\Microsoft.Build.Tasks.CodeAnalysis.dll".
       Task "Microsoft.CodeAnalysis.BuildTasks.MapSourceRoots"
       Done executing task "Microsoft.CodeAnalysis.BuildTasks.MapSourceRoots".
   1:7>Done building target "InitializeSourceRootMappedPaths" in project "MoneyTrackerApp.csproj".
   1:7>Target "_InitializeSourceRootMappedPathsOpt" in file "C:\Program Files\dotnet\sdk\8.0.416\Sdks\Microsoft.SourceLink.Common\build\Microsoft.SourceLink.Common.targets" from project "F:\OJT-Review\MoneyTrackerApp\Expense-Manager\MoneyTrackerApp\MoneyTrackerApp\MoneyTrackerApp.csproj" (target "_GenerateSourceLinkFile" depends on it):
   1:7>Done building target "_InitializeSourceRootMappedPathsOpt" in project "MoneyTrackerApp.csproj".
   1:7>Target "_InitializeGitHubSourceLinkUrl" in file "C:\Program Files\dotnet\sdk\8.0.416\Sdks\Microsoft.SourceLink.GitHub\build\Microsoft.SourceLink.GitHub.targets" from project "F:\OJT-Review\MoneyTrackerApp\Expense-Manager\MoneyTrackerApp\MoneyTrackerApp\MoneyTrackerApp.csproj" (target "_GenerateSourceLinkFile" depends on it):
       Building target "_InitializeGitHubSourceLinkUrl" completely.
       No input files were specified.
       Using "Microsoft.SourceLink.GitHub.GetSourceLinkUrl" task from assembly "C:\Program Files\dotnet\sdk\8.0.416\Sdks\Microsoft.SourceLink.GitHub\build\..\tools\core\Microsoft.SourceLink.GitHub.dll".
       Task "Microsoft.SourceLink.GitHub.GetSourceLinkUrl"
       Done executing task "Microsoft.SourceLink.GitHub.GetSourceLinkUrl".
   1:7>Done building target "_InitializeGitHubSourceLinkUrl" in project "MoneyTrackerApp.csproj".
   1:7>Target "_InitializeGitHubSourceLinkUrl" in file "C:\Program Files\dotnet\sdk\8.0.416\Sdks\Microsoft.SourceLink.GitHub\build\Microsoft.SourceLink.GitHub.targets" from project "F:\OJT-Review\MoneyTrackerApp\Expense-Manager\MoneyTrackerApp\MoneyTrackerApp\MoneyTrackerApp.csproj" (target "_GenerateSourceLinkFile" depends on it):
       Building target "_InitializeGitHubSourceLinkUrl" completely.
       No input files were specified.
       Task "Microsoft.SourceLink.GitHub.GetSourceLinkUrl"
       Done executing task "Microsoft.SourceLink.GitHub.GetSourceLinkUrl".
   1:7>Done building target "_InitializeGitHubSourceLinkUrl" in project "MoneyTrackerApp.csproj".
   1:7>Target "_InitializeGitHubSourceLinkUrl" in file "C:\Program Files\dotnet\sdk\8.0.416\Sdks\Microsoft.SourceLink.GitHub\build\Microsoft.SourceLink.GitHub.targets" from project "F:\OJT-Review\MoneyTrackerApp\Expense-Manager\MoneyTrackerApp\MoneyTrackerApp\MoneyTrackerApp.csproj" (target "_GenerateSourceLinkFile" depends on it):
       Building target "_InitializeGitHubSourceLinkUrl" completely.
       No input files were specified.
       Task "Microsoft.SourceLink.GitHub.GetSourceLinkUrl"
       Done executing task "Microsoft.SourceLink.GitHub.GetSourceLinkUrl".
   1:7>Done building target "_InitializeGitHubSourceLinkUrl" in project "MoneyTrackerApp.csproj".
   1:7>Target "_InitializeGitLabSourceLinkUrl" in file "C:\Program Files\dotnet\sdk\8.0.416\Sdks\Microsoft.SourceLink.GitLab\build\Microsoft.SourceLink.GitLab.targets" from project "F:\OJT-Review\MoneyTrackerApp\Expense-Manager\MoneyTrackerApp\MoneyTrackerApp\MoneyTrackerApp.csproj" (target "_GenerateSourceLinkFile" depends on it):
       Building target "_InitializeGitLabSourceLinkUrl" completely.
       No input files were specified.
       Using "Microsoft.SourceLink.GitLab.GetSourceLinkUrl" task from assembly "C:\Program Files\dotnet\sdk\8.0.416\Sdks\Microsoft.SourceLink.GitLab\build\..\tools\core\Microsoft.SourceLink.GitLab.dll".
       Task "Microsoft.SourceLink.GitLab.GetSourceLinkUrl"
       Done executing task "Microsoft.SourceLink.GitLab.GetSourceLinkUrl".
   1:7>Done building target "_InitializeGitLabSourceLinkUrl" in project "MoneyTrackerApp.csproj".
   1:7>Target "_InitializeGitLabSourceLinkUrl" in file "C:\Program Files\dotnet\sdk\8.0.416\Sdks\Microsoft.SourceLink.GitLab\build\Microsoft.SourceLink.GitLab.targets" from project "F:\OJT-Review\MoneyTrackerApp\Expense-Manager\MoneyTrackerApp\MoneyTrackerApp\MoneyTrackerApp.csproj" (target "_GenerateSourceLinkFile" depends on it):
       Building target "_InitializeGitLabSourceLinkUrl" completely.
       No input files were specified.
       Task "Microsoft.SourceLink.GitLab.GetSourceLinkUrl"
       Done executing task "Microsoft.SourceLink.GitLab.GetSourceLinkUrl".
   1:7>Done building target "_InitializeGitLabSourceLinkUrl" in project "MoneyTrackerApp.csproj".
   1:7>Target "_InitializeGitLabSourceLinkUrl" in file "C:\Program Files\dotnet\sdk\8.0.416\Sdks\Microsoft.SourceLink.GitLab\build\Microsoft.SourceLink.GitLab.targets" from project "F:\OJT-Review\MoneyTrackerApp\Expense-Manager\MoneyTrackerApp\MoneyTrackerApp\MoneyTrackerApp.csproj" (target "_GenerateSourceLinkFile" depends on it):
       Building target "_InitializeGitLabSourceLinkUrl" completely.
       No input files were specified.
       Task "Microsoft.SourceLink.GitLab.GetSourceLinkUrl"
       Done executing task "Microsoft.SourceLink.GitLab.GetSourceLinkUrl".
   1:7>Done building target "_InitializeGitLabSourceLinkUrl" in project "MoneyTrackerApp.csproj".
   1:7>Target "_InitializeAzureReposGitSourceLinkUrl" in file "C:\Program Files\dotnet\sdk\8.0.416\Sdks\Microsoft.SourceLink.AzureRepos.Git\build\Microsoft.SourceLink.AzureRepos.Git.targets" from project "F:\OJT-Review\MoneyTrackerApp\Expense-Manager\MoneyTrackerApp\MoneyTrackerApp\MoneyTrackerApp.csproj" (target "_GenerateSourceLinkFile" depends on it):
       Building target "_InitializeAzureReposGitSourceLinkUrl" completely.
       No input files were specified.
       Using "Microsoft.SourceLink.AzureRepos.Git.GetSourceLinkUrl" task from assembly "C:\Program Files\dotnet\sdk\8.0.416\Sdks\Microsoft.SourceLink.AzureRepos.Git\build\..\tools\core\Microsoft.SourceLink.AzureRepos.Git.dll".
       Task "Microsoft.SourceLink.AzureRepos.Git.GetSourceLinkUrl"
       Done executing task "Microsoft.SourceLink.AzureRepos.Git.GetSourceLinkUrl".
   1:7>Done building target "_InitializeAzureReposGitSourceLinkUrl" in project "MoneyTrackerApp.csproj".
   1:7>Target "_InitializeAzureReposGitSourceLinkUrl" in file "C:\Program Files\dotnet\sdk\8.0.416\Sdks\Microsoft.SourceLink.AzureRepos.Git\build\Microsoft.SourceLink.AzureRepos.Git.targets" from project "F:\OJT-Review\MoneyTrackerApp\Expense-Manager\MoneyTrackerApp\MoneyTrackerApp\MoneyTrackerApp.csproj" (target "_GenerateSourceLinkFile" depends on it):
       Building target "_InitializeAzureReposGitSourceLinkUrl" completely.
       No input files were specified.
       Task "Microsoft.SourceLink.AzureRepos.Git.GetSourceLinkUrl"
       Done executing task "Microsoft.SourceLink.AzureRepos.Git.GetSourceLinkUrl".
   1:7>Done building target "_InitializeAzureReposGitSourceLinkUrl" in project "MoneyTrackerApp.csproj".
   1:7>Target "_InitializeAzureReposGitSourceLinkUrl" in file "C:\Program Files\dotnet\sdk\8.0.416\Sdks\Microsoft.SourceLink.AzureRepos.Git\build\Microsoft.SourceLink.AzureRepos.Git.targets" from project "F:\OJT-Review\MoneyTrackerApp\Expense-Manager\MoneyTrackerApp\MoneyTrackerApp\MoneyTrackerApp.csproj" (target "_GenerateSourceLinkFile" depends on it):
       Building target "_InitializeAzureReposGitSourceLinkUrl" completely.
       No input files were specified.
       Task "Microsoft.SourceLink.AzureRepos.Git.GetSourceLinkUrl"
       Done executing task "Microsoft.SourceLink.AzureRepos.Git.GetSourceLinkUrl".
   1:7>Done building target "_InitializeAzureReposGitSourceLinkUrl" in project "MoneyTrackerApp.csproj".
   1:7>Target "_InitializeBitbucketGitSourceLinkUrl" in file "C:\Program Files\dotnet\sdk\8.0.416\Sdks\Microsoft.SourceLink.Bitbucket.Git\build\Microsoft.SourceLink.Bitbucket.Git.targets" from project "F:\OJT-Review\MoneyTrackerApp\Expense-Manager\MoneyTrackerApp\MoneyTrackerApp\MoneyTrackerApp.csproj" (target "_GenerateSourceLinkFile" depends on it):
       Building target "_InitializeBitbucketGitSourceLinkUrl" completely.
       No input files were specified.
       Using "Microsoft.SourceLink.Bitbucket.Git.GetSourceLinkUrl" task from assembly "C:\Program Files\dotnet\sdk\8.0.416\Sdks\Microsoft.SourceLink.Bitbucket.Git\build\..\tools\core\Microsoft.SourceLink.Bitbucket.Git.dll".
       Task "Microsoft.SourceLink.Bitbucket.Git.GetSourceLinkUrl"
       Done executing task "Microsoft.SourceLink.Bitbucket.Git.GetSourceLinkUrl".
   1:7>Done building target "_InitializeBitbucketGitSourceLinkUrl" in project "MoneyTrackerApp.csproj".
   1:7>Target "_InitializeBitbucketGitSourceLinkUrl" in file "C:\Program Files\dotnet\sdk\8.0.416\Sdks\Microsoft.SourceLink.Bitbucket.Git\build\Microsoft.SourceLink.Bitbucket.Git.targets" from project "F:\OJT-Review\MoneyTrackerApp\Expense-Manager\MoneyTrackerApp\MoneyTrackerApp\MoneyTrackerApp.csproj" (target "_GenerateSourceLinkFile" depends on it):
       Building target "_InitializeBitbucketGitSourceLinkUrl" completely.
       No input files were specified.
       Task "Microsoft.SourceLink.Bitbucket.Git.GetSourceLinkUrl"
       Done executing task "Microsoft.SourceLink.Bitbucket.Git.GetSourceLinkUrl".
   1:7>Done building target "_InitializeBitbucketGitSourceLinkUrl" in project "MoneyTrackerApp.csproj".
   1:7>Target "_InitializeBitbucketGitSourceLinkUrl" in file "C:\Program Files\dotnet\sdk\8.0.416\Sdks\Microsoft.SourceLink.Bitbucket.Git\build\Microsoft.SourceLink.Bitbucket.Git.targets" from project "F:\OJT-Review\MoneyTrackerApp\Expense-Manager\MoneyTrackerApp\MoneyTrackerApp\MoneyTrackerApp.csproj" (target "_GenerateSourceLinkFile" depends on it):
       Building target "_InitializeBitbucketGitSourceLinkUrl" completely.
       No input files were specified.
       Task "Microsoft.SourceLink.Bitbucket.Git.GetSourceLinkUrl"
       Done executing task "Microsoft.SourceLink.Bitbucket.Git.GetSourceLinkUrl".
   1:7>Done building target "_InitializeBitbucketGitSourceLinkUrl" in project "MoneyTrackerApp.csproj".
   1:7>Target "_GenerateSourceLinkFile" in file "C:\Program Files\dotnet\sdk\8.0.416\Sdks\Microsoft.SourceLink.Common\build\Microsoft.SourceLink.Common.targets" from project "F:\OJT-Review\MoneyTrackerApp\Expense-Manager\MoneyTrackerApp\MoneyTrackerApp\MoneyTrackerApp.csproj" (target "GenerateSourceLinkFile" depends on it):
       Building target "_GenerateSourceLinkFile" completely.
       No input files were specified.
       Using "Microsoft.SourceLink.Common.GenerateSourceLinkFile" task from assembly "C:\Program Files\dotnet\sdk\8.0.416\Sdks\Microsoft.SourceLink.Common\build\..\tools\core\Microsoft.SourceLink.Common.dll".
       Task "Microsoft.SourceLink.Common.GenerateSourceLinkFile"
         Source Link file 'obj\Debug\net8.0\MoneyTrackerApp.sourcelink.json' is up-to-date.
       Done executing task "Microsoft.SourceLink.Common.GenerateSourceLinkFile".
   1:7>Done building target "_GenerateSourceLinkFile" in project "MoneyTrackerApp.csproj".
   1:7>Target "GenerateSourceLinkFile" in file "C:\Program Files\dotnet\sdk\8.0.416\Sdks\Microsoft.SourceLink.Common\build\Microsoft.SourceLink.Common.targets" from project "F:\OJT-Review\MoneyTrackerApp\Expense-Manager\MoneyTrackerApp\MoneyTrackerApp\MoneyTrackerApp.csproj" (target "CoreCompile" depends on it):
   1:7>Done building target "GenerateSourceLinkFile" in project "MoneyTrackerApp.csproj".
   1:7>Target "AddGlobalAnalyzerConfigForPackage_MicrosoftCodeAnalysisNetAnalyzers" in file "C:\Program Files\dotnet\sdk\8.0.416\Sdks\Microsoft.NET.Sdk\analyzers\build\Microsoft.CodeAnalysis.NetAnalyzers.targets" from project "F:\OJT-Review\MoneyTrackerApp\Expense-Manager\MoneyTrackerApp\MoneyTrackerApp\MoneyTrackerApp.csproj" (target "CoreCompile" depends on it):
   1:7>Done building target "AddGlobalAnalyzerConfigForPackage_MicrosoftCodeAnalysisNetAnalyzers" in project "MoneyTrackerApp.csproj".
       Target "AddGlobalAnalyzerConfigForPackage_MicrosoftCodeAnalysisNetAnalyzersDesign" skipped, due to false condition; ('$(SkipGlobalAnalyzerConfigForPackage)' != 'true' and ('$(AnalysisLevelDesign)' != '' or '$(AnalysisModeDesign)' != '')) was evaluated as ('' != 'true' and ('' != '' or '' != '')).
       Target "AddGlobalAnalyzerConfigForPackage_MicrosoftCodeAnalysisNetAnalyzersDocumentation" skipped, due to false condition; ('$(SkipGlobalAnalyzerConfigForPackage)' != 'true' and ('$(AnalysisLevelDocumentation)' != '' or '$(AnalysisModeDocumentation)' != '')) was evaluated as ('' != 'true' and ('' != '' or '' != '')).
       Target "AddGlobalAnalyzerConfigForPackage_MicrosoftCodeAnalysisNetAnalyzersGlobalization" skipped, due to false condition; ('$(SkipGlobalAnalyzerConfigForPackage)' != 'true' and ('$(AnalysisLevelGlobalization)' != '' or '$(AnalysisModeGlobalization)' != '')) was evaluated as ('' != 'true' and ('' != '' or '' != '')).
       Target "AddGlobalAnalyzerConfigForPackage_MicrosoftCodeAnalysisNetAnalyzersInteroperability" skipped, due to false condition; ('$(SkipGlobalAnalyzerConfigForPackage)' != 'true' and ('$(AnalysisLevelInteroperability)' != '' or '$(AnalysisModeInteroperability)' != '')) was evaluated as ('' != 'true' and ('' != '' or '' != '')).
       Target "AddGlobalAnalyzerConfigForPackage_MicrosoftCodeAnalysisNetAnalyzersMaintainability" skipped, due to false condition; ('$(SkipGlobalAnalyzerConfigForPackage)' != 'true' and ('$(AnalysisLevelMaintainability)' != '' or '$(AnalysisModeMaintainability)' != '')) was evaluated as ('' != 'true' and ('' != '' or '' != '')).
       Target "AddGlobalAnalyzerConfigForPackage_MicrosoftCodeAnalysisNetAnalyzersNaming" skipped, due to false condition; ('$(SkipGlobalAnalyzerConfigForPackage)' != 'true' and ('$(AnalysisLevelNaming)' != '' or '$(AnalysisModeNaming)' != '')) was evaluated as ('' != 'true' and ('' != '' or '' != '')).
       Target "AddGlobalAnalyzerConfigForPackage_MicrosoftCodeAnalysisNetAnalyzersPerformance" skipped, due to false condition; ('$(SkipGlobalAnalyzerConfigForPackage)' != 'true' and ('$(AnalysisLevelPerformance)' != '' or '$(AnalysisModePerformance)' != '')) was evaluated as ('' != 'true' and ('' != '' or '' != '')).
       Target "AddGlobalAnalyzerConfigForPackage_MicrosoftCodeAnalysisNetAnalyzersReliability" skipped, due to false condition; ('$(SkipGlobalAnalyzerConfigForPackage)' != 'true' and ('$(AnalysisLevelReliability)' != '' or '$(AnalysisModeReliability)' != '')) was evaluated as ('' != 'true' and ('' != '' or '' != '')).
       Target "AddGlobalAnalyzerConfigForPackage_MicrosoftCodeAnalysisNetAnalyzersSecurity" skipped, due to false condition; ('$(SkipGlobalAnalyzerConfigForPackage)' != 'true' and ('$(AnalysisLevelSecurity)' != '' or '$(AnalysisModeSecurity)' != '')) was evaluated as ('' != 'true' and ('' != '' or '' != '')).
       Target "AddGlobalAnalyzerConfigForPackage_MicrosoftCodeAnalysisNetAnalyzersUsage" skipped, due to false condition; ('$(SkipGlobalAnalyzerConfigForPackage)' != 'true' and ('$(AnalysisLevelUsage)' != '' or '$(AnalysisModeUsage)' != '')) was evaluated as ('' != 'true' and ('' != '' or '' != '')).
       Target "_CodeAnalysisTreatWarningsAsErrors" skipped, due to false condition; ('$(DesignTimeBuild)' == 'true' OR '$(BuildingProject)' != 'true') was evaluated as ('' == 'true' OR 'true' != 'true').
   1:7>Target "_ReportUpgradeNetAnalyzersNuGetWarning" in file "C:\Program Files\dotnet\sdk\8.0.416\Sdks\Microsoft.NET.Sdk\analyzers\build\Microsoft.CodeAnalysis.NetAnalyzers.targets" from project "F:\OJT-Review\MoneyTrackerApp\Expense-Manager\MoneyTrackerApp\MoneyTrackerApp\MoneyTrackerApp.csproj" (target "CoreCompile" depends on it):
       Task "Warning" skipped, due to false condition; ('$(_NETAnalyzersNuGetAssemblyVersion)' != '' AND
                                '$(_NETAnalyzersSDKAssemblyVersion)' != '' AND
                                 $(_NETAnalyzersNuGetAssemblyVersion) < $(_NETAnalyzersSDKAssemblyVersion)) was evaluated as ('' != '' AND
                                '8.0.0' != '' AND
                                  < 8.0.0).
   1:7>Done building target "_ReportUpgradeNetAnalyzersNuGetWarning" in project "MoneyTrackerApp.csproj".
   1:7>Target "CoreCompile" in file "C:\Program Files\dotnet\sdk\8.0.416\Roslyn\Microsoft.CSharp.Core.targets" from project "F:\OJT-Review\MoneyTrackerApp\Expense-Manager\MoneyTrackerApp\MoneyTrackerApp\MoneyTrackerApp.csproj" (target "Compile" depends on it):
       Skipping target "CoreCompile" because all output files are up-to-date with respect to the input files.
       Input files: 
           Configurations\AdminOptions.cs
           Configurations\EmailSettings.cs
           Controllers\AccountsController.cs
           Controllers\Admin\SystemSettingsController.cs
           Controllers\Admin\UserManagementController.cs
           Controllers\AnalysisController.cs
           Controllers\Api\OcrController.cs
           Controllers\AuthController.cs
           Controllers\CategoriesController.cs
           Controllers\ChatController.cs
           Controllers\CurrencyController.cs
           Controllers\DashboardController.cs
           Controllers\FriendshipController.cs
           Controllers\GroupExpenseController.cs
           Controllers\NotificationController.cs
           Controllers\OcrController.cs
           Controllers\OnboardingController.cs
           Controllers\PaymentController.cs
           Controllers\ProfileController.cs
           Controllers\ReportController.cs
           Controllers\ReportExportController.cs
           Controllers\SecurityController.cs
           Controllers\ServicePackageController.cs
           Controllers\SettingsController.cs
           Controllers\SubscriptionController.cs
           Controllers\TransactionsController.cs
           DTOs\AccountResponseDto.cs
           DTOs\AccountSummaryDto.cs
           DTOs\AdjustAccountBalanceDto.cs
           DTOs\AdminDashboardDto.cs
           DTOs\AdminUserDto.cs
           DTOs\BankConnectionDto.cs
           DTOs\BudgetDto.cs
           DTOs\CategoryDto.cs
           DTOs\CreateAccountDto.cs
           DTOs\DashboardAnalyticsDto.cs
           DTOs\DebtDto.cs
           DTOs\FriendshipDto.cs
           DTOs\GroupExpenseDto.cs
           DTOs\InvestmentDto.cs
           DTOs\MessageDto.cs
           DTOs\NetWorthDto.cs
           DTOs\OnboardingDto.cs
           DTOs\ReportDto.cs
           DTOs\SavingsGoalDto.cs
           DTOs\ScheduledTransactionDto.cs
           DTOs\ServicePackageDto.cs
           DTOs\SharedAccountDto.cs
           DTOs\SubscriptionDto.cs
           DTOs\SystemDto.cs
           DTOs\SystemSettingDto.cs
           DTOs\TransactionAnalysisDto.cs
           DTOs\TransactionDto.cs
           DTOs\TransferMoneyDto.cs
           DTOs\UpdateAccountDto.cs
           DTOs\UserManagementDto.cs
           Enums\AccountType.cs
           Enums\OnboardingEnums.cs
           Enums\PlanningEnums.cs
           Enums\SharedAccountPermission.cs
           Enums\SubscriptionEnums.cs
           Enums\SystemEnums.cs
           Enums\TransactionType.cs
           Helpers\EmvQrLibrary.cs
           Helpers\VnPayHelper.cs
           Hubs\ChatHub.cs
           Hubs\WalletHub.cs
           Middleware\OnboardingMiddleware.cs
           Migrations\20251223050843_UpdateGroupAndFriends.cs
           Migrations\20251223050843_UpdateGroupAndFriends.Designer.cs
           Migrations\AddMessages.cs
           Migrations\AddMessages.Designer.cs
           Migrations\AddMessageTable.cs
           Migrations\AddMessageTable.Designer.cs
           Migrations\ExpenseManagerContextModelSnapshot.cs
           Models\Account.cs
           Models\AiSuggestion.cs
           Models\AspNetRole.cs
           Models\AspNetRoleClaim.cs
           Models\AspNetUserClaim.cs
           Models\AspNetUserLogin.cs
           Models\AspNetUserToken.cs
           Models\AuditLog.cs
           Models\BankConnection.cs
           Models\Budget.cs
           Models\Category.cs
           Models\CurrencyRate.cs
           Models\Debt.cs
           Models\DebtPayment.cs
           Models\Email.cs
           Models\ExpenseManagerContext.cs
           Models\FinancialAlert.cs
           Models\Friendship.cs
           Models\GroupExpense.cs
           Models\GroupMember.cs
           Models\GroupTransaction.cs
           Models\GroupTransactionSplit.cs
           Models\Investment.cs
           Models\Message.cs
           Models\MessageAttachment.cs
           Models\Notification.cs
           Models\OcrText.cs
           Models\OnboardingStatus.cs
           Models\Payment.cs
           Models\Report.cs
           Models\SavingsGoal.cs
           Models\SavingsTransaction.cs
           Models\ScheduledTransaction.cs
           Models\ServicePackage.cs
           Models\SharedAccount.cs
           Models\Subscription.cs
           Models\SystemSetting.cs
           Models\Transaction.cs
           Models\User.cs
           Models\UserOtp.cs
           Models\VwCategoryUsageStat.cs
           Models\VwUserTransactionSummary.cs
           Pages\Admin\Dashboard.cshtml.cs
           Pages\Admin\MasterData\Categories.cshtml.cs
           Pages\Admin\Monitoring\AuditLogs.cshtml.cs
           Pages\Admin\Monitoring\Logs.cshtml.cs
           Pages\Admin\ServicePackages.cshtml.cs
           Pages\Admin\Settings\Index.cshtml.cs
           Pages\Admin\Transactions.cshtml.cs
           Pages\Admin\Users\Index.cshtml.cs
           Pages\Auth\ForgotPassword.cshtml.cs
           Pages\Auth\Login.cshtml.cs
           Pages\Auth\Logout.cshtml.cs
           Pages\Auth\Register.cshtml.cs
           Pages\Auth\ResetPassword.cshtml.cs
           Pages\Budgets\Index.cshtml.cs
           Pages\Categories\Index.cshtml.cs
           Pages\Contacts\Index.cshtml.cs
           Pages\Debts\Index.cshtml.cs
           Pages\Groups\Index.cshtml.cs
           Pages\Home.cshtml.cs
           Pages\Index.cshtml.cs
           Pages\Investments\Index.cshtml.cs
           Pages\Notifications.cshtml.cs
           Pages\Onboarding\BasicSettings.cshtml.cs
           Pages\Onboarding\Complete.cshtml.cs
           Pages\Onboarding\CreateWallet.cshtml.cs
           Pages\Onboarding\Index.cshtml.cs
           Pages\Onboarding\SavingsGoal.cshtml.cs
           Pages\Onboarding\SetupCategories.cshtml.cs
           Pages\Onboarding\Splash.cshtml.cs
           Pages\Onboarding\Welcome.cshtml.cs
           Pages\Profile\Index.cshtml.cs
           Pages\Profile\MyWallet.cshtml.cs
           Pages\Reports\Index.cshtml.cs
           Pages\Savings\Index.cshtml.cs
           Pages\ServicePackages.cshtml.cs
           Pages\Settings\Index.cshtml.cs
           Pages\Subscription\Checkout.cshtml.cs
           Pages\Subscription\Failed.cshtml.cs
           Pages\Subscription\Index.cshtml.cs
           Pages\Subscription\Payment.cshtml.cs
           Pages\Subscription\Processing.cshtml.cs
           Pages\Subscription\Success.cshtml.cs
           Pages\Trading\Index.cshtml.cs
           Pages\Transactions\Create.cshtml.cs
           Pages\Transactions\Scheduled.cshtml.cs
           Pages\Wallets\Detail.cshtml.cs
           Pages\Wallets\Index.cshtml.cs
           Pages\Wallets\Shared\Index.cshtml.cs
           Program.cs
           Services\AccountService.cs
           Services\AdminDashboardService.cs
           Services\BankConnectionService.cs
           Services\BudgetService.cs
           Services\CategoryService.cs
           Services\ChatService.cs
           Services\DebtService.cs
           Services\EmailNotificationExamples.cs
           Services\EmailService.cs
           Services\ExportService.cs
           Services\FileUploadService.cs
           Services\FriendshipService.cs
           Services\GeminiAnalysisService.cs
           Services\GroupExpenseService.cs
           Services\IChatService.cs
           Services\IFileUploadService.cs
           Services\IGeminiAnalysisService.cs
           Services\InvestmentService.cs
           Services\IServicePackageService.cs
           Services\JwtTokenService.cs
           Services\NetWorthService.cs
           Services\OcrService.cs
           Services\OnboardingService.cs
           Services\OtpService.cs
           Services\PaymentGatewayService.cs
           Services\ReportService.cs
           Services\SavingsGoalService.cs
           Services\ScheduledTransactionService.cs
           Services\ServicePackageService.cs
           Services\SharedAccountService.cs
           Services\SubscriptionService.cs
           Services\SystemServices.cs
           Services\SystemSettingsService.cs
           Services\TransactionService.cs
           Services\UserManagementService.cs
           Services\VnPayErrorHandler.cs
           Services\VnPayMonitoringService.cs
           Services\VnPayService.cs
           obj\Debug\net8.0\MoneyTrackerApp.GlobalUsings.g.cs
           obj\Debug\net8.0\.NETCoreApp,Version=v8.0.AssemblyAttributes.cs
           obj\Debug\net8.0\MoneyTrackerApp.AssemblyInfo.cs
           obj\Debug\net8.0\MoneyTrackerApp.RazorAssemblyInfo.cs
           C:\Users\MY PC\.nuget\packages\azure.core\1.35.0\lib\net6.0\Azure.Core.dll
           C:\Users\MY PC\.nuget\packages\azure.identity\1.10.3\lib\netstandard2.0\Azure.Identity.dll
           C:\Users\MY PC\.nuget\packages\bcrypt.net-next\4.0.3\lib\net6.0\BCrypt.Net-Next.dll
           C:\Users\MY PC\.nuget\packages\closedxml\0.105.0\lib\netstandard2.1\ClosedXML.dll
           C:\Users\MY PC\.nuget\packages\closedxml.parser\2.0.0\lib\netstandard2.1\ClosedXML.Parser.dll
           C:\Users\MY PC\.nuget\packages\dapper\2.1.66\lib\net8.0\Dapper.dll
           C:\Users\MY PC\.nuget\packages\documentformat.openxml\3.1.1\lib\net8.0\DocumentFormat.OpenXml.dll
           C:\Users\MY PC\.nuget\packages\documentformat.openxml.framework\3.1.1\lib\net8.0\DocumentFormat.OpenXml.Framework.dll
           C:\Users\MY PC\.nuget\packages\excelnumberformat\1.1.0\lib\netstandard2.0\ExcelNumberFormat.dll
           C:\Users\MY PC\.nuget\packages\htmlagilitypack\1.12.4\lib\net7.0\HtmlAgilityPack.dll
           C:\Program Files\dotnet\packs\Microsoft.AspNetCore.App.Ref\8.0.22\ref\net8.0\Microsoft.AspNetCore.Antiforgery.dll
           C:\Program Files\dotnet\packs\Microsoft.AspNetCore.App.Ref\8.0.22\ref\net8.0\Microsoft.AspNetCore.Authentication.Abstractions.dll
           C:\Program Files\dotnet\packs\Microsoft.AspNetCore.App.Ref\8.0.22\ref\net8.0\Microsoft.AspNetCore.Authentication.BearerToken.dll
           C:\Program Files\dotnet\packs\Microsoft.AspNetCore.App.Ref\8.0.22\ref\net8.0\Microsoft.AspNetCore.Authentication.Cookies.dll
           C:\Program Files\dotnet\packs\Microsoft.AspNetCore.App.Ref\8.0.22\ref\net8.0\Microsoft.AspNetCore.Authentication.Core.dll
           C:\Program Files\dotnet\packs\Microsoft.AspNetCore.App.Ref\8.0.22\ref\net8.0\Microsoft.AspNetCore.Authentication.dll
           C:\Users\MY PC\.nuget\packages\microsoft.aspnetcore.authentication.google\8.0.8\lib\net8.0\Microsoft.AspNetCore.Authentication.Google.dll
           C:\Users\MY PC\.nuget\packages\microsoft.aspnetcore.authentication.jwtbearer\8.0.8\lib\net8.0\Microsoft.AspNetCore.Authentication.JwtBearer.dll
           C:\Program Files\dotnet\packs\Microsoft.AspNetCore.App.Ref\8.0.22\ref\net8.0\Microsoft.AspNetCore.Authentication.OAuth.dll
           C:\Program Files\dotnet\packs\Microsoft.AspNetCore.App.Ref\8.0.22\ref\net8.0\Microsoft.AspNetCore.Authorization.dll
           C:\Program Files\dotnet\packs\Microsoft.AspNetCore.App.Ref\8.0.22\ref\net8.0\Microsoft.AspNetCore.Authorization.Policy.dll
           C:\Program Files\dotnet\packs\Microsoft.AspNetCore.App.Ref\8.0.22\ref\net8.0\Microsoft.AspNetCore.Components.Authorization.dll
           C:\Program Files\dotnet\packs\Microsoft.AspNetCore.App.Ref\8.0.22\ref\net8.0\Microsoft.AspNetCore.Components.dll
           C:\Program Files\dotnet\packs\Microsoft.AspNetCore.App.Ref\8.0.22\ref\net8.0\Microsoft.AspNetCore.Components.Endpoints.dll
           C:\Program Files\dotnet\packs\Microsoft.AspNetCore.App.Ref\8.0.22\ref\net8.0\Microsoft.AspNetCore.Components.Forms.dll
           C:\Program Files\dotnet\packs\Microsoft.AspNetCore.App.Ref\8.0.22\ref\net8.0\Microsoft.AspNetCore.Components.Server.dll
           C:\Program Files\dotnet\packs\Microsoft.AspNetCore.App.Ref\8.0.22\ref\net8.0\Microsoft.AspNetCore.Components.Web.dll
           C:\Program Files\dotnet\packs\Microsoft.AspNetCore.App.Ref\8.0.22\ref\net8.0\Microsoft.AspNetCore.Connections.Abstractions.dll
           C:\Program Files\dotnet\packs\Microsoft.AspNetCore.App.Ref\8.0.22\ref\net8.0\Microsoft.AspNetCore.CookiePolicy.dll
           C:\Program Files\dotnet\packs\Microsoft.AspNetCore.App.Ref\8.0.22\ref\net8.0\Microsoft.AspNetCore.Cors.dll
           C:\Program Files\dotnet\packs\Microsoft.AspNetCore.App.Ref\8.0.22\ref\net8.0\Microsoft.AspNetCore.Cryptography.Internal.dll
           C:\Program Files\dotnet\packs\Microsoft.AspNetCore.App.Ref\8.0.22\ref\net8.0\Microsoft.AspNetCore.Cryptography.KeyDerivation.dll
           C:\Program Files\dotnet\packs\Microsoft.AspNetCore.App.Ref\8.0.22\ref\net8.0\Microsoft.AspNetCore.DataProtection.Abstractions.dll
           C:\Program Files\dotnet\packs\Microsoft.AspNetCore.App.Ref\8.0.22\ref\net8.0\Microsoft.AspNetCore.DataProtection.dll
           C:\Program Files\dotnet\packs\Microsoft.AspNetCore.App.Ref\8.0.22\ref\net8.0\Microsoft.AspNetCore.DataProtection.Extensions.dll
           C:\Program Files\dotnet\packs\Microsoft.AspNetCore.App.Ref\8.0.22\ref\net8.0\Microsoft.AspNetCore.Diagnostics.Abstractions.dll
           C:\Program Files\dotnet\packs\Microsoft.AspNetCore.App.Ref\8.0.22\ref\net8.0\Microsoft.AspNetCore.Diagnostics.dll
           C:\Program Files\dotnet\packs\Microsoft.AspNetCore.App.Ref\8.0.22\ref\net8.0\Microsoft.AspNetCore.Diagnostics.HealthChecks.dll
           C:\Program Files\dotnet\packs\Microsoft.AspNetCore.App.Ref\8.0.22\ref\net8.0\Microsoft.AspNetCore.dll
           C:\Program Files\dotnet\packs\Microsoft.AspNetCore.App.Ref\8.0.22\ref\net8.0\Microsoft.AspNetCore.HostFiltering.dll
           C:\Program Files\dotnet\packs\Microsoft.AspNetCore.App.Ref\8.0.22\ref\net8.0\Microsoft.AspNetCore.Hosting.Abstractions.dll
           C:\Program Files\dotnet\packs\Microsoft.AspNetCore.App.Ref\8.0.22\ref\net8.0\Microsoft.AspNetCore.Hosting.dll
           C:\Program Files\dotnet\packs\Microsoft.AspNetCore.App.Ref\8.0.22\ref\net8.0\Microsoft.AspNetCore.Hosting.Server.Abstractions.dll
           C:\Program Files\dotnet\packs\Microsoft.AspNetCore.App.Ref\8.0.22\ref\net8.0\Microsoft.AspNetCore.Html.Abstractions.dll
           C:\Program Files\dotnet\packs\Microsoft.AspNetCore.App.Ref\8.0.22\ref\net8.0\Microsoft.AspNetCore.Http.Abstractions.dll
           C:\Program Files\dotnet\packs\Microsoft.AspNetCore.App.Ref\8.0.22\ref\net8.0\Microsoft.AspNetCore.Http.Connections.Common.dll
           C:\Program Files\dotnet\packs\Microsoft.AspNetCore.App.Ref\8.0.22\ref\net8.0\Microsoft.AspNetCore.Http.Connections.dll
           C:\Program Files\dotnet\packs\Microsoft.AspNetCore.App.Ref\8.0.22\ref\net8.0\Microsoft.AspNetCore.Http.dll
           C:\Program Files\dotnet\packs\Microsoft.AspNetCore.App.Ref\8.0.22\ref\net8.0\Microsoft.AspNetCore.Http.Extensions.dll
           C:\Program Files\dotnet\packs\Microsoft.AspNetCore.App.Ref\8.0.22\ref\net8.0\Microsoft.AspNetCore.Http.Features.dll
           C:\Program Files\dotnet\packs\Microsoft.AspNetCore.App.Ref\8.0.22\ref\net8.0\Microsoft.AspNetCore.Http.Results.dll
           C:\Program Files\dotnet\packs\Microsoft.AspNetCore.App.Ref\8.0.22\ref\net8.0\Microsoft.AspNetCore.HttpLogging.dll
           C:\Program Files\dotnet\packs\Microsoft.AspNetCore.App.Ref\8.0.22\ref\net8.0\Microsoft.AspNetCore.HttpOverrides.dll
           C:\Program Files\dotnet\packs\Microsoft.AspNetCore.App.Ref\8.0.22\ref\net8.0\Microsoft.AspNetCore.HttpsPolicy.dll
           C:\Program Files\dotnet\packs\Microsoft.AspNetCore.App.Ref\8.0.22\ref\net8.0\Microsoft.AspNetCore.Identity.dll
           C:\Program Files\dotnet\packs\Microsoft.AspNetCore.App.Ref\8.0.22\ref\net8.0\Microsoft.AspNetCore.Localization.dll
           C:\Program Files\dotnet\packs\Microsoft.AspNetCore.App.Ref\8.0.22\ref\net8.0\Microsoft.AspNetCore.Localization.Routing.dll
           C:\Program Files\dotnet\packs\Microsoft.AspNetCore.App.Ref\8.0.22\ref\net8.0\Microsoft.AspNetCore.Metadata.dll
           C:\Program Files\dotnet\packs\Microsoft.AspNetCore.App.Ref\8.0.22\ref\net8.0\Microsoft.AspNetCore.Mvc.Abstractions.dll
           C:\Program Files\dotnet\packs\Microsoft.AspNetCore.App.Ref\8.0.22\ref\net8.0\Microsoft.AspNetCore.Mvc.ApiExplorer.dll
           C:\Program Files\dotnet\packs\Microsoft.AspNetCore.App.Ref\8.0.22\ref\net8.0\Microsoft.AspNetCore.Mvc.Core.dll
           C:\Program Files\dotnet\packs\Microsoft.AspNetCore.App.Ref\8.0.22\ref\net8.0\Microsoft.AspNetCore.Mvc.Cors.dll
           C:\Program Files\dotnet\packs\Microsoft.AspNetCore.App.Ref\8.0.22\ref\net8.0\Microsoft.AspNetCore.Mvc.DataAnnotations.dll
           C:\Program Files\dotnet\packs\Microsoft.AspNetCore.App.Ref\8.0.22\ref\net8.0\Microsoft.AspNetCore.Mvc.dll
           C:\Program Files\dotnet\packs\Microsoft.AspNetCore.App.Ref\8.0.22\ref\net8.0\Microsoft.AspNetCore.Mvc.Formatters.Json.dll
           C:\Program Files\dotnet\packs\Microsoft.AspNetCore.App.Ref\8.0.22\ref\net8.0\Microsoft.AspNetCore.Mvc.Formatters.Xml.dll
           C:\Program Files\dotnet\packs\Microsoft.AspNetCore.App.Ref\8.0.22\ref\net8.0\Microsoft.AspNetCore.Mvc.Localization.dll
           C:\Program Files\dotnet\packs\Microsoft.AspNetCore.App.Ref\8.0.22\ref\net8.0\Microsoft.AspNetCore.Mvc.Razor.dll
           C:\Program Files\dotnet\packs\Microsoft.AspNetCore.App.Ref\8.0.22\ref\net8.0\Microsoft.AspNetCore.Mvc.RazorPages.dll
           C:\Program Files\dotnet\packs\Microsoft.AspNetCore.App.Ref\8.0.22\ref\net8.0\Microsoft.AspNetCore.Mvc.TagHelpers.dll
           C:\Program Files\dotnet\packs\Microsoft.AspNetCore.App.Ref\8.0.22\ref\net8.0\Microsoft.AspNetCore.Mvc.ViewFeatures.dll
           C:\Program Files\dotnet\packs\Microsoft.AspNetCore.App.Ref\8.0.22\ref\net8.0\Microsoft.AspNetCore.OutputCaching.dll
           C:\Program Files\dotnet\packs\Microsoft.AspNetCore.App.Ref\8.0.22\ref\net8.0\Microsoft.AspNetCore.RateLimiting.dll
           C:\Program Files\dotnet\packs\Microsoft.AspNetCore.App.Ref\8.0.22\ref\net8.0\Microsoft.AspNetCore.Razor.dll
           C:\Program Files\dotnet\packs\Microsoft.AspNetCore.App.Ref\8.0.22\ref\net8.0\Microsoft.AspNetCore.Razor.Runtime.dll
           C:\Program Files\dotnet\packs\Microsoft.AspNetCore.App.Ref\8.0.22\ref\net8.0\Microsoft.AspNetCore.RequestDecompression.dll
           C:\Program Files\dotnet\packs\Microsoft.AspNetCore.App.Ref\8.0.22\ref\net8.0\Microsoft.AspNetCore.ResponseCaching.Abstractions.dll
           C:\Program Files\dotnet\packs\Microsoft.AspNetCore.App.Ref\8.0.22\ref\net8.0\Microsoft.AspNetCore.ResponseCaching.dll
           C:\Program Files\dotnet\packs\Microsoft.AspNetCore.App.Ref\8.0.22\ref\net8.0\Microsoft.AspNetCore.ResponseCompression.dll
           C:\Program Files\dotnet\packs\Microsoft.AspNetCore.App.Ref\8.0.22\ref\net8.0\Microsoft.AspNetCore.Rewrite.dll
           C:\Program Files\dotnet\packs\Microsoft.AspNetCore.App.Ref\8.0.22\ref\net8.0\Microsoft.AspNetCore.Routing.Abstractions.dll
           C:\Program Files\dotnet\packs\Microsoft.AspNetCore.App.Ref\8.0.22\ref\net8.0\Microsoft.AspNetCore.Routing.dll
           C:\Program Files\dotnet\packs\Microsoft.AspNetCore.App.Ref\8.0.22\ref\net8.0\Microsoft.AspNetCore.Server.HttpSys.dll
           C:\Program Files\dotnet\packs\Microsoft.AspNetCore.App.Ref\8.0.22\ref\net8.0\Microsoft.AspNetCore.Server.IIS.dll
           C:\Program Files\dotnet\packs\Microsoft.AspNetCore.App.Ref\8.0.22\ref\net8.0\Microsoft.AspNetCore.Server.IISIntegration.dll
           C:\Program Files\dotnet\packs\Microsoft.AspNetCore.App.Ref\8.0.22\ref\net8.0\Microsoft.AspNetCore.Server.Kestrel.Core.dll
           C:\Program Files\dotnet\packs\Microsoft.AspNetCore.App.Ref\8.0.22\ref\net8.0\Microsoft.AspNetCore.Server.Kestrel.dll
           C:\Program Files\dotnet\packs\Microsoft.AspNetCore.App.Ref\8.0.22\ref\net8.0\Microsoft.AspNetCore.Server.Kestrel.Transport.NamedPipes.dll
           C:\Program Files\dotnet\packs\Microsoft.AspNetCore.App.Ref\8.0.22\ref\net8.0\Microsoft.AspNetCore.Server.Kestrel.Transport.Quic.dll
           C:\Program Files\dotnet\packs\Microsoft.AspNetCore.App.Ref\8.0.22\ref\net8.0\Microsoft.AspNetCore.Server.Kestrel.Transport.Sockets.dll
           C:\Program Files\dotnet\packs\Microsoft.AspNetCore.App.Ref\8.0.22\ref\net8.0\Microsoft.AspNetCore.Session.dll
           C:\Program Files\dotnet\packs\Microsoft.AspNetCore.App.Ref\8.0.22\ref\net8.0\Microsoft.AspNetCore.SignalR.Common.dll
           C:\Program Files\dotnet\packs\Microsoft.AspNetCore.App.Ref\8.0.22\ref\net8.0\Microsoft.AspNetCore.SignalR.Core.dll
           C:\Program Files\dotnet\packs\Microsoft.AspNetCore.App.Ref\8.0.22\ref\net8.0\Microsoft.AspNetCore.SignalR.dll
           C:\Program Files\dotnet\packs\Microsoft.AspNetCore.App.Ref\8.0.22\ref\net8.0\Microsoft.AspNetCore.SignalR.Protocols.Json.dll
           C:\Program Files\dotnet\packs\Microsoft.AspNetCore.App.Ref\8.0.22\ref\net8.0\Microsoft.AspNetCore.StaticFiles.dll
           C:\Program Files\dotnet\packs\Microsoft.AspNetCore.App.Ref\8.0.22\ref\net8.0\Microsoft.AspNetCore.WebSockets.dll
           C:\Program Files\dotnet\packs\Microsoft.AspNetCore.App.Ref\8.0.22\ref\net8.0\Microsoft.AspNetCore.WebUtilities.dll
           C:\Users\MY PC\.nuget\packages\microsoft.bcl.asyncinterfaces\6.0.0\lib\netstandard2.1\Microsoft.Bcl.AsyncInterfaces.dll
           C:\Program Files\dotnet\packs\Microsoft.NETCore.App.Ref\8.0.22\ref\net8.0\Microsoft.CSharp.dll
           C:\Users\MY PC\.nuget\packages\microsoft.data.sqlclient\5.1.5\ref\net6.0\Microsoft.Data.SqlClient.dll
           C:\Users\MY PC\.nuget\packages\microsoft.entityframeworkcore.abstractions\8.0.8\lib\net8.0\Microsoft.EntityFrameworkCore.Abstractions.dll
           C:\Users\MY PC\.nuget\packages\microsoft.entityframeworkcore\8.0.8\lib\net8.0\Microsoft.EntityFrameworkCore.dll
           C:\Users\MY PC\.nuget\packages\microsoft.entityframeworkcore.inmemory\8.0.8\lib\net8.0\Microsoft.EntityFrameworkCore.InMemory.dll
           C:\Users\MY PC\.nuget\packages\microsoft.entityframeworkcore.relational\8.0.8\lib\net8.0\Microsoft.EntityFrameworkCore.Relational.dll
           C:\Users\MY PC\.nuget\packages\microsoft.entityframeworkcore.sqlserver\8.0.8\lib\net8.0\Microsoft.EntityFrameworkCore.SqlServer.dll
           C:\Program Files\dotnet\packs\Microsoft.AspNetCore.App.Ref\8.0.22\ref\net8.0\Microsoft.Extensions.Caching.Abstractions.dll
           C:\Program Files\dotnet\packs\Microsoft.AspNetCore.App.Ref\8.0.22\ref\net8.0\Microsoft.Extensions.Caching.Memory.dll
           C:\Program Files\dotnet\packs\Microsoft.AspNetCore.App.Ref\8.0.22\ref\net8.0\Microsoft.Extensions.Configuration.Abstractions.dll
           C:\Program Files\dotnet\packs\Microsoft.AspNetCore.App.Ref\8.0.22\ref\net8.0\Microsoft.Extensions.Configuration.Binder.dll
           C:\Program Files\dotnet\packs\Microsoft.AspNetCore.App.Ref\8.0.22\ref\net8.0\Microsoft.Extensions.Configuration.CommandLine.dll
           C:\Program Files\dotnet\packs\Microsoft.AspNetCore.App.Ref\8.0.22\ref\net8.0\Microsoft.Extensions.Configuration.dll
           C:\Program Files\dotnet\packs\Microsoft.AspNetCore.App.Ref\8.0.22\ref\net8.0\Microsoft.Extensions.Configuration.EnvironmentVariables.dll
           C:\Program Files\dotnet\packs\Microsoft.AspNetCore.App.Ref\8.0.22\ref\net8.0\Microsoft.Extensions.Configuration.FileExtensions.dll
           C:\Program Files\dotnet\packs\Microsoft.AspNetCore.App.Ref\8.0.22\ref\net8.0\Microsoft.Extensions.Configuration.Ini.dll
           C:\Program Files\dotnet\packs\Microsoft.AspNetCore.App.Ref\8.0.22\ref\net8.0\Microsoft.Extensions.Configuration.Json.dll
           C:\Program Files\dotnet\packs\Microsoft.AspNetCore.App.Ref\8.0.22\ref\net8.0\Microsoft.Extensions.Configuration.KeyPerFile.dll
           C:\Program Files\dotnet\packs\Microsoft.AspNetCore.App.Ref\8.0.22\ref\net8.0\Microsoft.Extensions.Configuration.UserSecrets.dll
           C:\Program Files\dotnet\packs\Microsoft.AspNetCore.App.Ref\8.0.22\ref\net8.0\Microsoft.Extensions.Configuration.Xml.dll
           C:\Program Files\dotnet\packs\Microsoft.AspNetCore.App.Ref\8.0.22\ref\net8.0\Microsoft.Extensions.DependencyInjection.Abstractions.dll
           C:\Program Files\dotnet\packs\Microsoft.AspNetCore.App.Ref\8.0.22\ref\net8.0\Microsoft.Extensions.DependencyInjection.dll
           C:\Program Files\dotnet\packs\Microsoft.AspNetCore.App.Ref\8.0.22\ref\net8.0\Microsoft.Extensions.Diagnostics.Abstractions.dll
           C:\Program Files\dotnet\packs\Microsoft.AspNetCore.App.Ref\8.0.22\ref\net8.0\Microsoft.Extensions.Diagnostics.dll
           C:\Program Files\dotnet\packs\Microsoft.AspNetCore.App.Ref\8.0.22\ref\net8.0\Microsoft.Extensions.Diagnostics.HealthChecks.Abstractions.dll
           C:\Program Files\dotnet\packs\Microsoft.AspNetCore.App.Ref\8.0.22\ref\net8.0\Microsoft.Extensions.Diagnostics.HealthChecks.dll
           C:\Program Files\dotnet\packs\Microsoft.AspNetCore.App.Ref\8.0.22\ref\net8.0\Microsoft.Extensions.Features.dll
           C:\Program Files\dotnet\packs\Microsoft.AspNetCore.App.Ref\8.0.22\ref\net8.0\Microsoft.Extensions.FileProviders.Abstractions.dll
           C:\Program Files\dotnet\packs\Microsoft.AspNetCore.App.Ref\8.0.22\ref\net8.0\Microsoft.Extensions.FileProviders.Composite.dll
           C:\Program Files\dotnet\packs\Microsoft.AspNetCore.App.Ref\8.0.22\ref\net8.0\Microsoft.Extensions.FileProviders.Embedded.dll
           C:\Program Files\dotnet\packs\Microsoft.AspNetCore.App.Ref\8.0.22\ref\net8.0\Microsoft.Extensions.FileProviders.Physical.dll
           C:\Program Files\dotnet\packs\Microsoft.AspNetCore.App.Ref\8.0.22\ref\net8.0\Microsoft.Extensions.FileSystemGlobbing.dll
           C:\Program Files\dotnet\packs\Microsoft.AspNetCore.App.Ref\8.0.22\ref\net8.0\Microsoft.Extensions.Hosting.Abstractions.dll
           C:\Program Files\dotnet\packs\Microsoft.AspNetCore.App.Ref\8.0.22\ref\net8.0\Microsoft.Extensions.Hosting.dll
           C:\Program Files\dotnet\packs\Microsoft.AspNetCore.App.Ref\8.0.22\ref\net8.0\Microsoft.Extensions.Http.dll
           C:\Program Files\dotnet\packs\Microsoft.AspNetCore.App.Ref\8.0.22\ref\net8.0\Microsoft.Extensions.Identity.Core.dll
           C:\Program Files\dotnet\packs\Microsoft.AspNetCore.App.Ref\8.0.22\ref\net8.0\Microsoft.Extensions.Identity.Stores.dll
           C:\Program Files\dotnet\packs\Microsoft.AspNetCore.App.Ref\8.0.22\ref\net8.0\Microsoft.Extensions.Localization.Abstractions.dll
           C:\Program Files\dotnet\packs\Microsoft.AspNetCore.App.Ref\8.0.22\ref\net8.0\Microsoft.Extensions.Localization.dll
           C:\Program Files\dotnet\packs\Microsoft.AspNetCore.App.Ref\8.0.22\ref\net8.0\Microsoft.Extensions.Logging.Abstractions.dll
           C:\Program Files\dotnet\packs\Microsoft.AspNetCore.App.Ref\8.0.22\ref\net8.0\Microsoft.Extensions.Logging.Configuration.dll
           C:\Program Files\dotnet\packs\Microsoft.AspNetCore.App.Ref\8.0.22\ref\net8.0\Microsoft.Extensions.Logging.Console.dll
           C:\Program Files\dotnet\packs\Microsoft.AspNetCore.App.Ref\8.0.22\ref\net8.0\Microsoft.Extensions.Logging.Debug.dll
           C:\Program Files\dotnet\packs\Microsoft.AspNetCore.App.Ref\8.0.22\ref\net8.0\Microsoft.Extensions.Logging.dll
           C:\Program Files\dotnet\packs\Microsoft.AspNetCore.App.Ref\8.0.22\ref\net8.0\Microsoft.Extensions.Logging.EventLog.dll
           C:\Program Files\dotnet\packs\Microsoft.AspNetCore.App.Ref\8.0.22\ref\net8.0\Microsoft.Extensions.Logging.EventSource.dll
           C:\Program Files\dotnet\packs\Microsoft.AspNetCore.App.Ref\8.0.22\ref\net8.0\Microsoft.Extensions.Logging.TraceSource.dll
           C:\Program Files\dotnet\packs\Microsoft.AspNetCore.App.Ref\8.0.22\ref\net8.0\Microsoft.Extensions.ObjectPool.dll
           C:\Program Files\dotnet\packs\Microsoft.AspNetCore.App.Ref\8.0.22\ref\net8.0\Microsoft.Extensions.Options.ConfigurationExtensions.dll
           C:\Program Files\dotnet\packs\Microsoft.AspNetCore.App.Ref\8.0.22\ref\net8.0\Microsoft.Extensions.Options.DataAnnotations.dll
           C:\Program Files\dotnet\packs\Microsoft.AspNetCore.App.Ref\8.0.22\ref\net8.0\Microsoft.Extensions.Options.dll
           C:\Program Files\dotnet\packs\Microsoft.AspNetCore.App.Ref\8.0.22\ref\net8.0\Microsoft.Extensions.Primitives.dll
           C:\Program Files\dotnet\packs\Microsoft.AspNetCore.App.Ref\8.0.22\ref\net8.0\Microsoft.Extensions.WebEncoders.dll
           C:\Users\MY PC\.nuget\packages\microsoft.identity.client\4.56.0\lib\net6.0\Microsoft.Identity.Client.dll
           C:\Users\MY PC\.nuget\packages\microsoft.identity.client.extensions.msal\4.56.0\lib\netstandard2.0\Microsoft.Identity.Client.Extensions.Msal.dll
           C:\Users\MY PC\.nuget\packages\microsoft.identitymodel.abstractions\7.1.2\lib\net8.0\Microsoft.IdentityModel.Abstractions.dll
           C:\Users\MY PC\.nuget\packages\microsoft.identitymodel.jsonwebtokens\7.1.2\lib\net8.0\Microsoft.IdentityModel.JsonWebTokens.dll
           C:\Users\MY PC\.nuget\packages\microsoft.identitymodel.logging\7.1.2\lib\net8.0\Microsoft.IdentityModel.Logging.dll
           C:\Users\MY PC\.nuget\packages\microsoft.identitymodel.protocols\7.1.2\lib\net8.0\Microsoft.IdentityModel.Protocols.dll
           C:\Users\MY PC\.nuget\packages\microsoft.identitymodel.protocols.openidconnect\7.1.2\lib\net8.0\Microsoft.IdentityModel.Protocols.OpenIdConnect.dll
           C:\Users\MY PC\.nuget\packages\microsoft.identitymodel.tokens\7.1.2\lib\net8.0\Microsoft.IdentityModel.Tokens.dll
           C:\Program Files\dotnet\packs\Microsoft.AspNetCore.App.Ref\8.0.22\ref\net8.0\Microsoft.JSInterop.dll
           C:\Program Files\dotnet\packs\Microsoft.AspNetCore.App.Ref\8.0.22\ref\net8.0\Microsoft.Net.Http.Headers.dll
           C:\Users\MY PC\.nuget\packages\microsoft.sqlserver.server\1.0.0\lib\netstandard2.0\Microsoft.SqlServer.Server.dll
           C:\Program Files\dotnet\packs\Microsoft.NETCore.App.Ref\8.0.22\ref\net8.0\Microsoft.VisualBasic.Core.dll
           C:\Program Files\dotnet\packs\Microsoft.NETCore.App.Ref\8.0.22\ref\net8.0\Microsoft.VisualBasic.dll
           C:\Program Files\dotnet\packs\Microsoft.NETCore.App.Ref\8.0.22\ref\net8.0\Microsoft.Win32.Primitives.dll
           C:\Program Files\dotnet\packs\Microsoft.NETCore.App.Ref\8.0.22\ref\net8.0\Microsoft.Win32.Registry.dll
           C:\Program Files\dotnet\packs\Microsoft.NETCore.App.Ref\8.0.22\ref\net8.0\mscorlib.dll
           C:\Program Files\dotnet\packs\Microsoft.NETCore.App.Ref\8.0.22\ref\net8.0\netstandard.dll
           C:\Users\MY PC\.nuget\packages\rbush.signed\4.0.0\lib\net8.0\RBush.dll
           C:\Users\MY PC\.nuget\packages\sixlabors.fonts\1.0.0\lib\netcoreapp3.1\SixLabors.Fonts.dll
           C:\Users\MY PC\.nuget\packages\sixlabors.imagesharp\3.1.6\lib\net6.0\SixLabors.ImageSharp.dll
           C:\Program Files\dotnet\packs\Microsoft.NETCore.App.Ref\8.0.22\ref\net8.0\System.AppContext.dll
           C:\Program Files\dotnet\packs\Microsoft.NETCore.App.Ref\8.0.22\ref\net8.0\System.Buffers.dll
           C:\Program Files\dotnet\packs\Microsoft.NETCore.App.Ref\8.0.22\ref\net8.0\System.Collections.Concurrent.dll
           C:\Program Files\dotnet\packs\Microsoft.NETCore.App.Ref\8.0.22\ref\net8.0\System.Collections.dll
           C:\Program Files\dotnet\packs\Microsoft.NETCore.App.Ref\8.0.22\ref\net8.0\System.Collections.Immutable.dll
           C:\Program Files\dotnet\packs\Microsoft.NETCore.App.Ref\8.0.22\ref\net8.0\System.Collections.NonGeneric.dll
           C:\Program Files\dotnet\packs\Microsoft.NETCore.App.Ref\8.0.22\ref\net8.0\System.Collections.Specialized.dll
           C:\Program Files\dotnet\packs\Microsoft.NETCore.App.Ref\8.0.22\ref\net8.0\System.ComponentModel.Annotations.dll
           C:\Program Files\dotnet\packs\Microsoft.NETCore.App.Ref\8.0.22\ref\net8.0\System.ComponentModel.DataAnnotations.dll
           C:\Program Files\dotnet\packs\Microsoft.NETCore.App.Ref\8.0.22\ref\net8.0\System.ComponentModel.dll
           C:\Program Files\dotnet\packs\Microsoft.NETCore.App.Ref\8.0.22\ref\net8.0\System.ComponentModel.EventBasedAsync.dll
           C:\Program Files\dotnet\packs\Microsoft.NETCore.App.Ref\8.0.22\ref\net8.0\System.ComponentModel.Primitives.dll
           C:\Program Files\dotnet\packs\Microsoft.NETCore.App.Ref\8.0.22\ref\net8.0\System.ComponentModel.TypeConverter.dll
           C:\Program Files\dotnet\packs\Microsoft.NETCore.App.Ref\8.0.22\ref\net8.0\System.Configuration.dll
           C:\Program Files\dotnet\packs\Microsoft.NETCore.App.Ref\8.0.22\ref\net8.0\System.Console.dll
           C:\Program Files\dotnet\packs\Microsoft.NETCore.App.Ref\8.0.22\ref\net8.0\System.Core.dll
           C:\Program Files\dotnet\packs\Microsoft.NETCore.App.Ref\8.0.22\ref\net8.0\System.Data.Common.dll
           C:\Program Files\dotnet\packs\Microsoft.NETCore.App.Ref\8.0.22\ref\net8.0\System.Data.DataSetExtensions.dll
           C:\Program Files\dotnet\packs\Microsoft.NETCore.App.Ref\8.0.22\ref\net8.0\System.Data.dll
           C:\Program Files\dotnet\packs\Microsoft.NETCore.App.Ref\8.0.22\ref\net8.0\System.Diagnostics.Contracts.dll
           C:\Program Files\dotnet\packs\Microsoft.NETCore.App.Ref\8.0.22\ref\net8.0\System.Diagnostics.Debug.dll
           C:\Program Files\dotnet\packs\Microsoft.NETCore.App.Ref\8.0.22\ref\net8.0\System.Diagnostics.DiagnosticSource.dll
           C:\Program Files\dotnet\packs\Microsoft.AspNetCore.App.Ref\8.0.22\ref\net8.0\System.Diagnostics.EventLog.dll
           C:\Program Files\dotnet\packs\Microsoft.NETCore.App.Ref\8.0.22\ref\net8.0\System.Diagnostics.FileVersionInfo.dll
           C:\Program Files\dotnet\packs\Microsoft.NETCore.App.Ref\8.0.22\ref\net8.0\System.Diagnostics.Process.dll
           C:\Program Files\dotnet\packs\Microsoft.NETCore.App.Ref\8.0.22\ref\net8.0\System.Diagnostics.StackTrace.dll
           C:\Program Files\dotnet\packs\Microsoft.NETCore.App.Ref\8.0.22\ref\net8.0\System.Diagnostics.TextWriterTraceListener.dll
           C:\Program Files\dotnet\packs\Microsoft.NETCore.App.Ref\8.0.22\ref\net8.0\System.Diagnostics.Tools.dll
           C:\Program Files\dotnet\packs\Microsoft.NETCore.App.Ref\8.0.22\ref\net8.0\System.Diagnostics.TraceSource.dll
           C:\Program Files\dotnet\packs\Microsoft.NETCore.App.Ref\8.0.22\ref\net8.0\System.Diagnostics.Tracing.dll
           C:\Program Files\dotnet\packs\Microsoft.NETCore.App.Ref\8.0.22\ref\net8.0\System.dll
           C:\Program Files\dotnet\packs\Microsoft.NETCore.App.Ref\8.0.22\ref\net8.0\System.Drawing.dll
           C:\Program Files\dotnet\packs\Microsoft.NETCore.App.Ref\8.0.22\ref\net8.0\System.Drawing.Primitives.dll
           C:\Program Files\dotnet\packs\Microsoft.NETCore.App.Ref\8.0.22\ref\net8.0\System.Dynamic.Runtime.dll
           C:\Program Files\dotnet\packs\Microsoft.NETCore.App.Ref\8.0.22\ref\net8.0\System.Formats.Asn1.dll
           C:\Program Files\dotnet\packs\Microsoft.NETCore.App.Ref\8.0.22\ref\net8.0\System.Formats.Tar.dll
           C:\Program Files\dotnet\packs\Microsoft.NETCore.App.Ref\8.0.22\ref\net8.0\System.Globalization.Calendars.dll
           C:\Program Files\dotnet\packs\Microsoft.NETCore.App.Ref\8.0.22\ref\net8.0\System.Globalization.dll
           C:\Program Files\dotnet\packs\Microsoft.NETCore.App.Ref\8.0.22\ref\net8.0\System.Globalization.Extensions.dll
           C:\Users\MY PC\.nuget\packages\system.identitymodel.tokens.jwt\7.1.2\lib\net8.0\System.IdentityModel.Tokens.Jwt.dll
           C:\Program Files\dotnet\packs\Microsoft.NETCore.App.Ref\8.0.22\ref\net8.0\System.IO.Compression.Brotli.dll
           C:\Program Files\dotnet\packs\Microsoft.NETCore.App.Ref\8.0.22\ref\net8.0\System.IO.Compression.dll
           C:\Program Files\dotnet\packs\Microsoft.NETCore.App.Ref\8.0.22\ref\net8.0\System.IO.Compression.FileSystem.dll
           C:\Program Files\dotnet\packs\Microsoft.NETCore.App.Ref\8.0.22\ref\net8.0\System.IO.Compression.ZipFile.dll
           C:\Program Files\dotnet\packs\Microsoft.NETCore.App.Ref\8.0.22\ref\net8.0\System.IO.dll
           C:\Program Files\dotnet\packs\Microsoft.NETCore.App.Ref\8.0.22\ref\net8.0\System.IO.FileSystem.AccessControl.dll
           C:\Program Files\dotnet\packs\Microsoft.NETCore.App.Ref\8.0.22\ref\net8.0\System.IO.FileSystem.dll
           C:\Program Files\dotnet\packs\Microsoft.NETCore.App.Ref\8.0.22\ref\net8.0\System.IO.FileSystem.DriveInfo.dll
           C:\Program Files\dotnet\packs\Microsoft.NETCore.App.Ref\8.0.22\ref\net8.0\System.IO.FileSystem.Primitives.dll
           C:\Program Files\dotnet\packs\Microsoft.NETCore.App.Ref\8.0.22\ref\net8.0\System.IO.FileSystem.Watcher.dll
           C:\Program Files\dotnet\packs\Microsoft.NETCore.App.Ref\8.0.22\ref\net8.0\System.IO.IsolatedStorage.dll
           C:\Program Files\dotnet\packs\Microsoft.NETCore.App.Ref\8.0.22\ref\net8.0\System.IO.MemoryMappedFiles.dll
           C:\Users\MY PC\.nuget\packages\system.io.packaging\8.0.1\lib\net8.0\System.IO.Packaging.dll
           C:\Program Files\dotnet\packs\Microsoft.AspNetCore.App.Ref\8.0.22\ref\net8.0\System.IO.Pipelines.dll
           C:\Program Files\dotnet\packs\Microsoft.NETCore.App.Ref\8.0.22\ref\net8.0\System.IO.Pipes.AccessControl.dll
           C:\Program Files\dotnet\packs\Microsoft.NETCore.App.Ref\8.0.22\ref\net8.0\System.IO.Pipes.dll
           C:\Program Files\dotnet\packs\Microsoft.NETCore.App.Ref\8.0.22\ref\net8.0\System.IO.UnmanagedMemoryStream.dll
           C:\Program Files\dotnet\packs\Microsoft.NETCore.App.Ref\8.0.22\ref\net8.0\System.Linq.dll
           C:\Program Files\dotnet\packs\Microsoft.NETCore.App.Ref\8.0.22\ref\net8.0\System.Linq.Expressions.dll
           C:\Program Files\dotnet\packs\Microsoft.NETCore.App.Ref\8.0.22\ref\net8.0\System.Linq.Parallel.dll
           C:\Program Files\dotnet\packs\Microsoft.NETCore.App.Ref\8.0.22\ref\net8.0\System.Linq.Queryable.dll
           C:\Users\MY PC\.nuget\packages\system.memory.data\1.0.2\lib\netstandard2.0\System.Memory.Data.dll
           C:\Program Files\dotnet\packs\Microsoft.NETCore.App.Ref\8.0.22\ref\net8.0\System.Memory.dll
           C:\Program Files\dotnet\packs\Microsoft.NETCore.App.Ref\8.0.22\ref\net8.0\System.Net.dll
           C:\Program Files\dotnet\packs\Microsoft.NETCore.App.Ref\8.0.22\ref\net8.0\System.Net.Http.dll
           C:\Program Files\dotnet\packs\Microsoft.NETCore.App.Ref\8.0.22\ref\net8.0\System.Net.Http.Json.dll
           C:\Program Files\dotnet\packs\Microsoft.NETCore.App.Ref\8.0.22\ref\net8.0\System.Net.HttpListener.dll
           C:\Program Files\dotnet\packs\Microsoft.NETCore.App.Ref\8.0.22\ref\net8.0\System.Net.Mail.dll
           C:\Program Files\dotnet\packs\Microsoft.NETCore.App.Ref\8.0.22\ref\net8.0\System.Net.NameResolution.dll
           C:\Program Files\dotnet\packs\Microsoft.NETCore.App.Ref\8.0.22\ref\net8.0\System.Net.NetworkInformation.dll
           C:\Program Files\dotnet\packs\Microsoft.NETCore.App.Ref\8.0.22\ref\net8.0\System.Net.Ping.dll
           C:\Program Files\dotnet\packs\Microsoft.NETCore.App.Ref\8.0.22\ref\net8.0\System.Net.Primitives.dll
           C:\Program Files\dotnet\packs\Microsoft.NETCore.App.Ref\8.0.22\ref\net8.0\System.Net.Quic.dll
           C:\Program Files\dotnet\packs\Microsoft.NETCore.App.Ref\8.0.22\ref\net8.0\System.Net.Requests.dll
           C:\Program Files\dotnet\packs\Microsoft.NETCore.App.Ref\8.0.22\ref\net8.0\System.Net.Security.dll
           C:\Program Files\dotnet\packs\Microsoft.NETCore.App.Ref\8.0.22\ref\net8.0\System.Net.ServicePoint.dll
           C:\Program Files\dotnet\packs\Microsoft.NETCore.App.Ref\8.0.22\ref\net8.0\System.Net.Sockets.dll
           C:\Program Files\dotnet\packs\Microsoft.NETCore.App.Ref\8.0.22\ref\net8.0\System.Net.WebClient.dll
           C:\Program Files\dotnet\packs\Microsoft.NETCore.App.Ref\8.0.22\ref\net8.0\System.Net.WebHeaderCollection.dll
           C:\Program Files\dotnet\packs\Microsoft.NETCore.App.Ref\8.0.22\ref\net8.0\System.Net.WebProxy.dll
           C:\Program Files\dotnet\packs\Microsoft.NETCore.App.Ref\8.0.22\ref\net8.0\System.Net.WebSockets.Client.dll
           C:\Program Files\dotnet\packs\Microsoft.NETCore.App.Ref\8.0.22\ref\net8.0\System.Net.WebSockets.dll
           C:\Program Files\dotnet\packs\Microsoft.NETCore.App.Ref\8.0.22\ref\net8.0\System.Numerics.dll
           C:\Program Files\dotnet\packs\Microsoft.NETCore.App.Ref\8.0.22\ref\net8.0\System.Numerics.Vectors.dll
           C:\Program Files\dotnet\packs\Microsoft.NETCore.App.Ref\8.0.22\ref\net8.0\System.ObjectModel.dll
           C:\Program Files\dotnet\packs\Microsoft.NETCore.App.Ref\8.0.22\ref\net8.0\System.Reflection.DispatchProxy.dll
           C:\Program Files\dotnet\packs\Microsoft.NETCore.App.Ref\8.0.22\ref\net8.0\System.Reflection.dll
           C:\Program Files\dotnet\packs\Microsoft.NETCore.App.Ref\8.0.22\ref\net8.0\System.Reflection.Emit.dll
           C:\Program Files\dotnet\packs\Microsoft.NETCore.App.Ref\8.0.22\ref\net8.0\System.Reflection.Emit.ILGeneration.dll
           C:\Program Files\dotnet\packs\Microsoft.NETCore.App.Ref\8.0.22\ref\net8.0\System.Reflection.Emit.Lightweight.dll
           C:\Program Files\dotnet\packs\Microsoft.NETCore.App.Ref\8.0.22\ref\net8.0\System.Reflection.Extensions.dll
           C:\Program Files\dotnet\packs\Microsoft.NETCore.App.Ref\8.0.22\ref\net8.0\System.Reflection.Metadata.dll
           C:\Program Files\dotnet\packs\Microsoft.NETCore.App.Ref\8.0.22\ref\net8.0\System.Reflection.Primitives.dll
           C:\Program Files\dotnet\packs\Microsoft.NETCore.App.Ref\8.0.22\ref\net8.0\System.Reflection.TypeExtensions.dll
           C:\Program Files\dotnet\packs\Microsoft.NETCore.App.Ref\8.0.22\ref\net8.0\System.Resources.Reader.dll
           C:\Program Files\dotnet\packs\Microsoft.NETCore.App.Ref\8.0.22\ref\net8.0\System.Resources.ResourceManager.dll
           C:\Program Files\dotnet\packs\Microsoft.NETCore.App.Ref\8.0.22\ref\net8.0\System.Resources.Writer.dll
           C:\Program Files\dotnet\packs\Microsoft.NETCore.App.Ref\8.0.22\ref\net8.0\System.Runtime.CompilerServices.Unsafe.dll
           C:\Program Files\dotnet\packs\Microsoft.NETCore.App.Ref\8.0.22\ref\net8.0\System.Runtime.CompilerServices.VisualC.dll
           C:\Program Files\dotnet\packs\Microsoft.NETCore.App.Ref\8.0.22\ref\net8.0\System.Runtime.dll
           C:\Program Files\dotnet\packs\Microsoft.NETCore.App.Ref\8.0.22\ref\net8.0\System.Runtime.Extensions.dll
           C:\Program Files\dotnet\packs\Microsoft.NETCore.App.Ref\8.0.22\ref\net8.0\System.Runtime.Handles.dll
           C:\Program Files\dotnet\packs\Microsoft.NETCore.App.Ref\8.0.22\ref\net8.0\System.Runtime.InteropServices.dll
           C:\Program Files\dotnet\packs\Microsoft.NETCore.App.Ref\8.0.22\ref\net8.0\System.Runtime.InteropServices.JavaScript.dll
           C:\Program Files\dotnet\packs\Microsoft.NETCore.App.Ref\8.0.22\ref\net8.0\System.Runtime.InteropServices.RuntimeInformation.dll
           C:\Program Files\dotnet\packs\Microsoft.NETCore.App.Ref\8.0.22\ref\net8.0\System.Runtime.Intrinsics.dll
           C:\Program Files\dotnet\packs\Microsoft.NETCore.App.Ref\8.0.22\ref\net8.0\System.Runtime.Loader.dll
           C:\Program Files\dotnet\packs\Microsoft.NETCore.App.Ref\8.0.22\ref\net8.0\System.Runtime.Numerics.dll
           C:\Program Files\dotnet\packs\Microsoft.NETCore.App.Ref\8.0.22\ref\net8.0\System.Runtime.Serialization.dll
           C:\Program Files\dotnet\packs\Microsoft.NETCore.App.Ref\8.0.22\ref\net8.0\System.Runtime.Serialization.Formatters.dll
           C:\Program Files\dotnet\packs\Microsoft.NETCore.App.Ref\8.0.22\ref\net8.0\System.Runtime.Serialization.Json.dll
           C:\Program Files\dotnet\packs\Microsoft.NETCore.App.Ref\8.0.22\ref\net8.0\System.Runtime.Serialization.Primitives.dll
           C:\Program Files\dotnet\packs\Microsoft.NETCore.App.Ref\8.0.22\ref\net8.0\System.Runtime.Serialization.Xml.dll
           C:\Program Files\dotnet\packs\Microsoft.NETCore.App.Ref\8.0.22\ref\net8.0\System.Security.AccessControl.dll
           C:\Program Files\dotnet\packs\Microsoft.NETCore.App.Ref\8.0.22\ref\net8.0\System.Security.Claims.dll
           C:\Program Files\dotnet\packs\Microsoft.NETCore.App.Ref\8.0.22\ref\net8.0\System.Security.Cryptography.Algorithms.dll
           C:\Program Files\dotnet\packs\Microsoft.NETCore.App.Ref\8.0.22\ref\net8.0\System.Security.Cryptography.Cng.dll
           C:\Program Files\dotnet\packs\Microsoft.NETCore.App.Ref\8.0.22\ref\net8.0\System.Security.Cryptography.Csp.dll
           C:\Program Files\dotnet\packs\Microsoft.NETCore.App.Ref\8.0.22\ref\net8.0\System.Security.Cryptography.dll
           C:\Program Files\dotnet\packs\Microsoft.NETCore.App.Ref\8.0.22\ref\net8.0\System.Security.Cryptography.Encoding.dll
           C:\Program Files\dotnet\packs\Microsoft.NETCore.App.Ref\8.0.22\ref\net8.0\System.Security.Cryptography.OpenSsl.dll
           C:\Program Files\dotnet\packs\Microsoft.NETCore.App.Ref\8.0.22\ref\net8.0\System.Security.Cryptography.Primitives.dll
           C:\Users\MY PC\.nuget\packages\system.security.cryptography.protecteddata\6.0.0\lib\net6.0\System.Security.Cryptography.ProtectedData.dll
           C:\Program Files\dotnet\packs\Microsoft.NETCore.App.Ref\8.0.22\ref\net8.0\System.Security.Cryptography.X509Certificates.dll
           C:\Program Files\dotnet\packs\Microsoft.AspNetCore.App.Ref\8.0.22\ref\net8.0\System.Security.Cryptography.Xml.dll
           C:\Program Files\dotnet\packs\Microsoft.NETCore.App.Ref\8.0.22\ref\net8.0\System.Security.dll
           C:\Program Files\dotnet\packs\Microsoft.NETCore.App.Ref\8.0.22\ref\net8.0\System.Security.Principal.dll
           C:\Program Files\dotnet\packs\Microsoft.NETCore.App.Ref\8.0.22\ref\net8.0\System.Security.Principal.Windows.dll
           C:\Program Files\dotnet\packs\Microsoft.NETCore.App.Ref\8.0.22\ref\net8.0\System.Security.SecureString.dll
           C:\Program Files\dotnet\packs\Microsoft.NETCore.App.Ref\8.0.22\ref\net8.0\System.ServiceModel.Web.dll
           C:\Program Files\dotnet\packs\Microsoft.NETCore.App.Ref\8.0.22\ref\net8.0\System.ServiceProcess.dll
           C:\Program Files\dotnet\packs\Microsoft.NETCore.App.Ref\8.0.22\ref\net8.0\System.Text.Encoding.CodePages.dll
           C:\Program Files\dotnet\packs\Microsoft.NETCore.App.Ref\8.0.22\ref\net8.0\System.Text.Encoding.dll
           C:\Program Files\dotnet\packs\Microsoft.NETCore.App.Ref\8.0.22\ref\net8.0\System.Text.Encoding.Extensions.dll
           C:\Program Files\dotnet\packs\Microsoft.NETCore.App.Ref\8.0.22\ref\net8.0\System.Text.Encodings.Web.dll
           C:\Program Files\dotnet\packs\Microsoft.NETCore.App.Ref\8.0.22\ref\net8.0\System.Text.Json.dll
           C:\Program Files\dotnet\packs\Microsoft.NETCore.App.Ref\8.0.22\ref\net8.0\System.Text.RegularExpressions.dll
           C:\Program Files\dotnet\packs\Microsoft.NETCore.App.Ref\8.0.22\ref\net8.0\System.Threading.Channels.dll
           C:\Program Files\dotnet\packs\Microsoft.NETCore.App.Ref\8.0.22\ref\net8.0\System.Threading.dll
           C:\Program Files\dotnet\packs\Microsoft.NETCore.App.Ref\8.0.22\ref\net8.0\System.Threading.Overlapped.dll
           C:\Program Files\dotnet\packs\Microsoft.AspNetCore.App.Ref\8.0.22\ref\net8.0\System.Threading.RateLimiting.dll
           C:\Program Files\dotnet\packs\Microsoft.NETCore.App.Ref\8.0.22\ref\net8.0\System.Threading.Tasks.Dataflow.dll
           C:\Program Files\dotnet\packs\Microsoft.NETCore.App.Ref\8.0.22\ref\net8.0\System.Threading.Tasks.dll
           C:\Program Files\dotnet\packs\Microsoft.NETCore.App.Ref\8.0.22\ref\net8.0\System.Threading.Tasks.Extensions.dll
           C:\Program Files\dotnet\packs\Microsoft.NETCore.App.Ref\8.0.22\ref\net8.0\System.Threading.Tasks.Parallel.dll
           C:\Program Files\dotnet\packs\Microsoft.NETCore.App.Ref\8.0.22\ref\net8.0\System.Threading.Thread.dll
           C:\Program Files\dotnet\packs\Microsoft.NETCore.App.Ref\8.0.22\ref\net8.0\System.Threading.ThreadPool.dll
           C:\Program Files\dotnet\packs\Microsoft.NETCore.App.Ref\8.0.22\ref\net8.0\System.Threading.Timer.dll
           C:\Program Files\dotnet\packs\Microsoft.NETCore.App.Ref\8.0.22\ref\net8.0\System.Transactions.dll
           C:\Program Files\dotnet\packs\Microsoft.NETCore.App.Ref\8.0.22\ref\net8.0\System.Transactions.Local.dll
           C:\Program Files\dotnet\packs\Microsoft.NETCore.App.Ref\8.0.22\ref\net8.0\System.ValueTuple.dll
           C:\Program Files\dotnet\packs\Microsoft.NETCore.App.Ref\8.0.22\ref\net8.0\System.Web.dll
           C:\Program Files\dotnet\packs\Microsoft.NETCore.App.Ref\8.0.22\ref\net8.0\System.Web.HttpUtility.dll
           C:\Program Files\dotnet\packs\Microsoft.NETCore.App.Ref\8.0.22\ref\net8.0\System.Windows.dll
           C:\Program Files\dotnet\packs\Microsoft.NETCore.App.Ref\8.0.22\ref\net8.0\System.Xml.dll
           C:\Program Files\dotnet\packs\Microsoft.NETCore.App.Ref\8.0.22\ref\net8.0\System.Xml.Linq.dll
           C:\Program Files\dotnet\packs\Microsoft.NETCore.App.Ref\8.0.22\ref\net8.0\System.Xml.ReaderWriter.dll
           C:\Program Files\dotnet\packs\Microsoft.NETCore.App.Ref\8.0.22\ref\net8.0\System.Xml.Serialization.dll
           C:\Program Files\dotnet\packs\Microsoft.NETCore.App.Ref\8.0.22\ref\net8.0\System.Xml.XDocument.dll
           C:\Program Files\dotnet\packs\Microsoft.NETCore.App.Ref\8.0.22\ref\net8.0\System.Xml.XmlDocument.dll
           C:\Program Files\dotnet\packs\Microsoft.NETCore.App.Ref\8.0.22\ref\net8.0\System.Xml.XmlSerializer.dll
           C:\Program Files\dotnet\packs\Microsoft.NETCore.App.Ref\8.0.22\ref\net8.0\System.Xml.XPath.dll
           C:\Program Files\dotnet\packs\Microsoft.NETCore.App.Ref\8.0.22\ref\net8.0\System.Xml.XPath.XDocument.dll
           C:\Program Files\dotnet\packs\Microsoft.NETCore.App.Ref\8.0.22\ref\net8.0\WindowsBase.dll
           obj\Debug\net8.0\MoneyTrackerApp.csproj.CoreCompileInputs.cache
           obj\Debug\net8.0\MoneyTrackerApp.csproj.BuildWithSkipAnalyzers
           Pages\Admin\Dashboard.cshtml
           Pages\Admin\MasterData\Categories.cshtml
           Pages\Admin\Monitoring\AuditLogs.cshtml
           Pages\Admin\Monitoring\Logs.cshtml
           Pages\Admin\ServicePackages.cshtml
           Pages\Admin\Settings\Index.cshtml
           Pages\Admin\Transactions.cshtml
           Pages\Admin\Users\Index.cshtml
           Pages\Auth\ForgotPassword.cshtml
           Pages\Auth\Login.cshtml
           Pages\Auth\Logout.cshtml
           Pages\Auth\Register.cshtml
           Pages\Auth\ResetPassword.cshtml
           Pages\Budgets\Index.cshtml
           Pages\Categories\Index.cshtml
           Pages\Contacts\Index.cshtml
           Pages\Debts\Index.cshtml
           Pages\Dev\TransactionsTests.cshtml
           Pages\Groups\Index.cshtml
           Pages\Home.cshtml
           Pages\Index.cshtml
           Pages\Investments\Index.cshtml
           Pages\Notifications.cshtml
           Pages\Onboarding\BasicSettings.cshtml
           Pages\Onboarding\Complete.cshtml
           Pages\Onboarding\CreateWallet.cshtml
           Pages\Onboarding\Index.cshtml
           Pages\Onboarding\SavingsGoal.cshtml
           Pages\Onboarding\SetupCategories.cshtml
           Pages\Onboarding\Splash.cshtml
           Pages\Onboarding\Welcome.cshtml
           Pages\Profile\Index.cshtml
           Pages\Profile\MyWallet.cshtml
           Pages\Profile\_WalletTransactions.cshtml
           Pages\Reports\Index.cshtml
           Pages\Savings\Index.cshtml
           Pages\Savings\_SavingsModals.cshtml
           Pages\ServicePackages.cshtml
           Pages\Settings\Currencies.cshtml
           Pages\Settings\Index.cshtml
           Pages\Shared\_AdminHeader.cshtml
           Pages\Shared\_AdminLayout.cshtml
           Pages\Shared\_AiChatWidget.cshtml
           Pages\Shared\_CreateTransactionModal.cshtml
           Pages\Shared\_Header.cshtml
           Pages\Shared\_LoginPartial.cshtml
           Pages\Shared\_QuickAddModal.cshtml
           Pages\Shared\_Sidebar.cshtml
           Pages\Shared\_TopBar.cshtml
           Pages\Shared\_TransactionModal.cshtml
           Pages\Shared\_ValidationScriptsPartial.cshtml
           Pages\Shared\_WalletSelector.cshtml
           Pages\Subscription\Checkout.cshtml
           Pages\Subscription\Failed.cshtml
           Pages\Subscription\Index.cshtml
           Pages\Subscription\Payment.cshtml
           Pages\Subscription\Processing.cshtml
           Pages\Subscription\Success.cshtml
           Pages\Trading\Index.cshtml
           Pages\Transactions\Create.cshtml
           Pages\Transactions\Scheduled.cshtml
           Pages\Wallets\Detail.cshtml
           Pages\Wallets\Index.cshtml
           Pages\Wallets\IndexModern.cshtml
           Pages\Wallets\Shared\Index.cshtml
           Pages\Wallets\_WalletModals.cshtml
           Pages\Wallets\_WalletTransactions.cshtml
           Pages\_ViewImports.cshtml
           Pages\_ViewStart.cshtml
           Pages\Shared\_Layout.cshtml
           C:\Program Files\dotnet\sdk\8.0.416\Sdks\Microsoft.NET.Sdk.Web\analyzers\cs\Microsoft.AspNetCore.Analyzers.dll
           C:\Program Files\dotnet\sdk\8.0.416\Sdks\Microsoft.NET.Sdk.Web\analyzers\cs\Microsoft.AspNetCore.Mvc.Analyzers.dll
           C:\Program Files\dotnet\sdk\8.0.416\Sdks\Microsoft.NET.Sdk\targets\..\analyzers\Microsoft.CodeAnalysis.CSharp.NetAnalyzers.dll
           C:\Program Files\dotnet\sdk\8.0.416\Sdks\Microsoft.NET.Sdk\targets\..\analyzers\Microsoft.CodeAnalysis.NetAnalyzers.dll
           C:\Users\MY PC\.nuget\packages\microsoft.codeanalysis.analyzers\3.3.3\analyzers\dotnet\cs\Microsoft.CodeAnalysis.Analyzers.dll
           C:\Users\MY PC\.nuget\packages\microsoft.codeanalysis.analyzers\3.3.3\analyzers\dotnet\cs\Microsoft.CodeAnalysis.CSharp.Analyzers.dll
           C:\Users\MY PC\.nuget\packages\microsoft.entityframeworkcore.analyzers\8.0.8\analyzers\dotnet\cs\Microsoft.EntityFrameworkCore.Analyzers.dll
           C:\Program Files\dotnet\packs\Microsoft.NETCore.App.Ref\8.0.22\analyzers/dotnet/cs/Microsoft.Interop.ComInterfaceGenerator.dll
           C:\Program Files\dotnet\packs\Microsoft.NETCore.App.Ref\8.0.22\analyzers/dotnet/cs/Microsoft.Interop.JavaScript.JSImportGenerator.dll
           C:\Program Files\dotnet\packs\Microsoft.NETCore.App.Ref\8.0.22\analyzers/dotnet/cs/Microsoft.Interop.LibraryImportGenerator.dll
           C:\Program Files\dotnet\packs\Microsoft.NETCore.App.Ref\8.0.22\analyzers/dotnet/cs/Microsoft.Interop.SourceGeneration.dll
           C:\Program Files\dotnet\packs\Microsoft.NETCore.App.Ref\8.0.22\analyzers/dotnet/cs/System.Text.Json.SourceGeneration.dll
           C:\Program Files\dotnet\packs\Microsoft.NETCore.App.Ref\8.0.22\analyzers/dotnet/cs/System.Text.RegularExpressions.Generator.dll
           C:\Program Files\dotnet\packs\Microsoft.AspNetCore.App.Ref\8.0.22\analyzers/dotnet/cs/Microsoft.AspNetCore.App.Analyzers.dll
           C:\Program Files\dotnet\packs\Microsoft.AspNetCore.App.Ref\8.0.22\analyzers/dotnet/cs/Microsoft.AspNetCore.App.CodeFixes.dll
           C:\Program Files\dotnet\packs\Microsoft.AspNetCore.App.Ref\8.0.22\analyzers/dotnet/cs/Microsoft.AspNetCore.Components.Analyzers.dll
           C:\Program Files\dotnet\packs\Microsoft.AspNetCore.App.Ref\8.0.22\analyzers/dotnet/roslyn4.4/cs/Microsoft.Extensions.Logging.Generators.dll
           C:\Program Files\dotnet\packs\Microsoft.AspNetCore.App.Ref\8.0.22\analyzers/dotnet/roslyn4.4/cs/Microsoft.Extensions.Options.SourceGeneration.dll
           C:\Program Files\dotnet\sdk\8.0.416\Sdks\Microsoft.NET.Sdk.Razor\targets\..\source-generators\Microsoft.AspNetCore.Razor.Utilities.Shared.dll
           C:\Program Files\dotnet\sdk\8.0.416\Sdks\Microsoft.NET.Sdk.Razor\targets\..\source-generators\Microsoft.CodeAnalysis.Razor.Compiler.dll
           C:\Program Files\dotnet\sdk\8.0.416\Sdks\Microsoft.NET.Sdk.Razor\targets\..\source-generators\Microsoft.Extensions.ObjectPool.dll
           C:\Program Files\dotnet\sdk\8.0.416\Sdks\Microsoft.NET.Sdk.Razor\targets\..\source-generators\System.Collections.Immutable.dll
           obj\Debug\net8.0\MoneyTrackerApp.GeneratedMSBuildEditorConfig.editorconfig
           C:\Program Files\dotnet\sdk\8.0.416\Sdks\Microsoft.NET.Sdk\analyzers\build\config\analysislevel_8_default.globalconfig
           F:\OJT-Review\MoneyTrackerApp\Expense-Manager\MoneyTrackerApp\MoneyTrackerApp\obj\MoneyTrackerApp.csproj.nuget.g.props
           C:\Program Files\dotnet\sdk\8.0.416\Current\Microsoft.Common.targets\ImportAfter\Microsoft.TestPlatform.ImportAfter.targets
           obj\Debug\net8.0\MoneyTrackerApp.sourcelink.json
       Output files: 
           obj\Debug\net8.0\MoneyTrackerApp.dll
           obj\Debug\net8.0\refint\MoneyTrackerApp.dll
           obj\Debug\net8.0\MoneyTrackerApp.pdb
   1:7>Done building target "CoreCompile" in project "MoneyTrackerApp.csproj".
       Target "_TouchLastBuildWithSkipAnalyzers" skipped, due to false condition; ('$(_SkipAnalyzers)' == 'true') was evaluated as ('' == 'true').
       Target "_TimeStampAfterCompile" skipped, due to false condition; ('$(RunPostBuildEvent)'=='OnOutputUpdated' or ('$(RegisterForComInterop)'=='true' and '$(OutputType)'=='library')) was evaluated as (''=='OnOutputUpdated' or (''=='true' and 'Exe'=='library')).
   1:7>Target "AfterCompile" in file "C:\Program Files\dotnet\sdk\8.0.416\Microsoft.Common.CurrentVersion.targets" from project "F:\OJT-Review\MoneyTrackerApp\Expense-Manager\MoneyTrackerApp\MoneyTrackerApp\MoneyTrackerApp.csproj" (target "Compile" depends on it):
   1:7>Done building target "AfterCompile" in project "MoneyTrackerApp.csproj".
       Target "_ChooseAppHost" skipped. Previously built successfully.
       Target "CoreCompile" skipped. Previously built successfully.
   1:7>Target "_CreateAppHost" in file "C:\Program Files\dotnet\sdk\8.0.416\Sdks\Microsoft.NET.Sdk\targets\Microsoft.NET.Sdk.targets" from project "F:\OJT-Review\MoneyTrackerApp\Expense-Manager\MoneyTrackerApp\MoneyTrackerApp\MoneyTrackerApp.csproj" (target "Compile" depends on it):
       Skipping target "_CreateAppHost" because all output files are up-to-date with respect to the input files.
       Input files: 
           obj\Debug\net8.0\MoneyTrackerApp.dll
           C:\Program Files\dotnet\packs\Microsoft.NETCore.App.Host.win-x64\8.0.22\runtimes\win-x64\native\apphost.exe
       Output files: F:\OJT-Review\MoneyTrackerApp\Expense-Manager\MoneyTrackerApp\MoneyTrackerApp\obj\Debug\net8.0\apphost.exe
   1:7>Done building target "_CreateAppHost" in project "MoneyTrackerApp.csproj".
       Target "_CreateComHost" skipped, due to false condition; ('$(ComputeNETCoreBuildOutputFiles)' == 'true' and
                            '$(ComHostIntermediatePath)' != '' and
                            Exists('@(IntermediateAssembly)') and
                            Exists('$(ComHostSourcePath)')) was evaluated as ('true' == 'true' and
                            '' != '' and
                            Exists('obj\Debug\net8.0\MoneyTrackerApp.dll') and
                            Exists('C:\Program Files\dotnet\packs\Microsoft.NETCore.App.Host.win-x64\8.0.22\runtimes\win-x64\native\comhost.dll')).
       Target "_GetIjwHostPaths" skipped, due to false condition; ('$(UseIJWHost)' == 'true') was evaluated as ('' == 'true').
   1:7>Target "Compile" in file "C:\Program Files\dotnet\sdk\8.0.416\Microsoft.Common.CurrentVersion.targets" from project "F:\OJT-Review\MoneyTrackerApp\Expense-Manager\MoneyTrackerApp\MoneyTrackerApp\MoneyTrackerApp.csproj" (target "CoreBuild" depends on it):
   1:7>Done building target "Compile" in project "MoneyTrackerApp.csproj".
       Target "ExportWindowsMDFile" skipped, due to false condition; ('$(ExportWinMDFile)' == 'true') was evaluated as ('' == 'true').
       Target "UnmanagedUnregistration" skipped, due to false condition; ((('$(_AssemblyTimestampBeforeCompile)' != '$(_AssemblyTimestampAfterCompile)' or '$(RegisterForComInterop)' != 'true' or '$(OutputType)' != 'library') or
                           ('$(_AssemblyTimestampBeforeCompile)' == '')) and
                          Exists('@(_UnmanagedRegistrationCache)')) was evaluated as ((('' != '' or '' != 'true' or 'Exe' != 'library') or
                           ('' == '')) and
                          Exists('F:\OJT-Review\MoneyTrackerApp\Expense-Manager\MoneyTrackerApp\MoneyTrackerApp\obj\MoneyTrackerApp.csproj.UnmanagedRegistration.cache')).
       Target "GenerateSerializationAssemblies" skipped, due to false condition; ('$(_SGenGenerateSerializationAssembliesConfig)' == 'On' or ('@(WebReferenceUrl)'!='' and '$(_SGenGenerateSerializationAssembliesConfig)' == 'Auto')) was evaluated as ('Off' == 'On' or (''!='' and 'Off' == 'Auto')).
   1:7>Target "_GenerateSatelliteAssemblyInputs" in file "C:\Program Files\dotnet\sdk\8.0.416\Microsoft.Common.CurrentVersion.targets" from project "F:\OJT-Review\MoneyTrackerApp\Expense-Manager\MoneyTrackerApp\MoneyTrackerApp\MoneyTrackerApp.csproj" (target "CreateSatelliteAssemblies" depends on it):
       Task "Warning" skipped, due to false condition; ('@(ManifestResourceWithCulture)'!='' and '%(ManifestResourceWithCulture.EmittedForCompatibilityOnly)'=='') was evaluated as (''!='' and ''=='').
       Task "Warning" skipped, due to false condition; ('@(ManifestNonResxWithCultureOnDisk)'!='' and '%(ManifestNonResxWithCultureOnDisk.EmittedForCompatibilityOnly)'=='') was evaluated as (''!='' and ''=='').
   1:7>Done building target "_GenerateSatelliteAssemblyInputs" in project "MoneyTrackerApp.csproj".
       Target "ComputeIntermediateSatelliteAssemblies" skipped, due to false condition; (@(EmbeddedResource->'%(WithCulture)') != '') was evaluated as ( != '').
       Target "GenerateSatelliteAssemblies" skipped, due to false condition; ('@(_SatelliteAssemblyResourceInputs)' != '' and '$(GenerateSatelliteAssembliesForCore)' != 'true') was evaluated as ('' != '' and 'true' != 'true').
       Target "CoreGenerateSatelliteAssemblies" skipped, due to false condition; ('@(_SatelliteAssemblyResourceInputs)' != ''  and '$(GenerateSatelliteAssembliesForCore)' == 'true' ) was evaluated as ('' != ''  and 'true' == 'true' ).
   1:7>Target "CreateSatelliteAssemblies" in file "C:\Program Files\dotnet\sdk\8.0.416\Microsoft.Common.CurrentVersion.targets" from project "F:\OJT-Review\MoneyTrackerApp\Expense-Manager\MoneyTrackerApp\MoneyTrackerApp\MoneyTrackerApp.csproj" (target "CoreBuild" depends on it):
   1:7>Done building target "CreateSatelliteAssemblies" in project "MoneyTrackerApp.csproj".
       Target "GenerateManifests" skipped, due to false condition; ('$(GenerateClickOnceManifests)'=='true' or '@(NativeReference)'!='' or '@(ResolvedIsolatedComModules)'!='' or '$(GenerateAppxManifest)' == 'true') was evaluated as (''=='true' or ''!='' or ''!='' or '' == 'true').
   1:7>Target "GetTargetPathWithTargetPlatformMoniker" in file "C:\Program Files\dotnet\sdk\8.0.416\Microsoft.Common.CurrentVersion.targets" from project "F:\OJT-Review\MoneyTrackerApp\Expense-Manager\MoneyTrackerApp\MoneyTrackerApp\MoneyTrackerApp.csproj" (target "GetTargetPath" depends on it):
   1:7>Done building target "GetTargetPathWithTargetPlatformMoniker" in project "MoneyTrackerApp.csproj".
   1:7>Target "GetTargetPath" in file "C:\Program Files\dotnet\sdk\8.0.416\Microsoft.Common.CurrentVersion.targets" from project "F:\OJT-Review\MoneyTrackerApp\Expense-Manager\MoneyTrackerApp\MoneyTrackerApp\MoneyTrackerApp.csproj" (target "CoreBuild" depends on it):
   1:7>Done building target "GetTargetPath" in project "MoneyTrackerApp.csproj".
   1:7>Target "RazorCompile" in file "C:\Program Files\dotnet\sdk\8.0.416\Sdks\Microsoft.NET.Sdk.Razor\targets\Sdk.Razor.CurrentVersion.targets" from project "F:\OJT-Review\MoneyTrackerApp\Expense-Manager\MoneyTrackerApp\MoneyTrackerApp\MoneyTrackerApp.csproj" (target "_RazorPrepareForRun" depends on it):
   1:7>Done building target "RazorCompile" in project "MoneyTrackerApp.csproj".
   1:7>Target "_RazorPrepareForRun" in file "C:\Program Files\dotnet\sdk\8.0.416\Sdks\Microsoft.NET.Sdk.Razor\targets\Sdk.Razor.CurrentVersion.targets" from project "F:\OJT-Review\MoneyTrackerApp\Expense-Manager\MoneyTrackerApp\MoneyTrackerApp\MoneyTrackerApp.csproj" (target "PrepareForRun" depends on it):
   1:7>Done building target "_RazorPrepareForRun" in project "MoneyTrackerApp.csproj".
   1:7>Target "UpdateExistingPackageStaticWebAssets" in file "C:\Program Files\dotnet\sdk\8.0.416\Sdks\Microsoft.NET.Sdk.StaticWebAssets\targets\Microsoft.NET.Sdk.StaticWebAssets.targets" from project "F:\OJT-Review\MoneyTrackerApp\Expense-Manager\MoneyTrackerApp\MoneyTrackerApp\MoneyTrackerApp.csproj" (target "ResolveStaticWebAssetsInputs" depends on it):
       Using "UpdatePackageStaticWebAssets" task from assembly "C:\Program Files\dotnet\sdk\8.0.416\Sdks\Microsoft.NET.Sdk.StaticWebAssets\targets\..\tasks\net8.0\Microsoft.NET.Sdk.StaticWebAssets.Tasks.dll".
       Task "UpdatePackageStaticWebAssets"
       Done executing task "UpdatePackageStaticWebAssets".
   1:7>Done building target "UpdateExistingPackageStaticWebAssets" in project "MoneyTrackerApp.csproj".
       Target "ResolveProjectStaticWebAssets" skipped. Previously built successfully.
       Target "ResolveStaticWebAssetsCrossTargetingConfiguration" skipped, due to false condition; ('$(TargetFrameworks)' != '' And '@(StaticWebAssetsEmbeddedConfiguration)' != '') was evaluated as ('' != '' And '' != '').
   1:7>Target "ResolveEmbeddedProjectsStaticWebAssets" in file "C:\Program Files\dotnet\sdk\8.0.416\Sdks\Microsoft.NET.Sdk.StaticWebAssets\targets\Microsoft.NET.Sdk.StaticWebAssets.EmbeddedAssets.targets" from project "F:\OJT-Review\MoneyTrackerApp\Expense-Manager\MoneyTrackerApp\MoneyTrackerApp\MoneyTrackerApp.csproj" (target "ResolveStaticWebAssetsInputs" depends on it):
       Task "MSBuild" skipped, due to false condition; ('@(_StaticWebAssetsEmbeddedProjectAssetConfigurations)' != '' and %(_StaticWebAssetsEmbeddedProjectAssetConfigurations.TargetFramework) != '$(TargetFramework)') was evaluated as ('' != '' and  != 'net8.0').
   1:7>Done building target "ResolveEmbeddedProjectsStaticWebAssets" in project "MoneyTrackerApp.csproj".
       Target "ResolveStaticWebAssetsConfiguration" skipped. Previously built successfully.
       Target "PrepareProjectReferences" skipped. Previously built successfully.
   1:7>Target "ResolveReferencedProjectsStaticWebAssetsConfiguration" in file "C:\Program Files\dotnet\sdk\8.0.416\Sdks\Microsoft.NET.Sdk.StaticWebAssets\targets\Microsoft.NET.Sdk.StaticWebAssets.References.targets" from project "F:\OJT-Review\MoneyTrackerApp\Expense-Manager\MoneyTrackerApp\MoneyTrackerApp\MoneyTrackerApp.csproj" (target "ResolveReferencedProjectsStaticWebAssets" depends on it):
       Task "MSBuild" skipped, due to false condition; ('@(_StaticWebAssetProjectReference)' != '') was evaluated as ('' != '').
       Using "MergeConfigurationProperties" task from assembly "C:\Program Files\dotnet\sdk\8.0.416\Sdks\Microsoft.NET.Sdk.StaticWebAssets\targets\..\tasks\net8.0\Microsoft.NET.Sdk.StaticWebAssets.Tasks.dll".
       Task "MergeConfigurationProperties"
       Done executing task "MergeConfigurationProperties".
   1:7>Done building target "ResolveReferencedProjectsStaticWebAssetsConfiguration" in project "MoneyTrackerApp.csproj".
   1:7>Target "ResolveReferencedProjectsStaticWebAssets" in file "C:\Program Files\dotnet\sdk\8.0.416\Sdks\Microsoft.NET.Sdk.StaticWebAssets\targets\Microsoft.NET.Sdk.StaticWebAssets.References.targets" from project "F:\OJT-Review\MoneyTrackerApp\Expense-Manager\MoneyTrackerApp\MoneyTrackerApp\MoneyTrackerApp.csproj" (target "ResolveStaticWebAssetsInputs" depends on it):
       Task "MSBuild" skipped, due to false condition; ('@(StaticWebAssetProjectConfiguration)' != '') was evaluated as ('' != '').
   1:7>Done building target "ResolveReferencedProjectsStaticWebAssets" in project "MoneyTrackerApp.csproj".
       Target "UpdateExistingPackageStaticWebAssets" skipped. Previously built successfully.
   1:7>Target "UpdateLegacyPackageScopedCssBundles" in file "C:\Program Files\dotnet\sdk\8.0.416\Sdks\Microsoft.NET.Sdk.StaticWebAssets\targets\Microsoft.NET.Sdk.StaticWebAssets.ScopedCss.targets" from project "F:\OJT-Review\MoneyTrackerApp\Expense-Manager\MoneyTrackerApp\MoneyTrackerApp\MoneyTrackerApp.csproj" (target "ResolveStaticWebAssetsInputs" depends on it):
       Using "DefineStaticWebAssets" task from assembly "C:\Program Files\dotnet\sdk\8.0.416\Sdks\Microsoft.NET.Sdk.StaticWebAssets\targets\..\tasks\net8.0\Microsoft.NET.Sdk.StaticWebAssets.Tasks.dll".
       Task "DefineStaticWebAssets"
       Done executing task "DefineStaticWebAssets".
       Task "DefineStaticWebAssets"
       Done executing task "DefineStaticWebAssets".
   1:7>Done building target "UpdateLegacyPackageScopedCssBundles" in project "MoneyTrackerApp.csproj".
       Target "ResolveStaticWebAssetsConfiguration" skipped. Previously built successfully.
   1:7>Target "_ResolveBundlingConfiguration" in file "C:\Program Files\dotnet\sdk\8.0.416\Sdks\Microsoft.NET.Sdk.StaticWebAssets\targets\Microsoft.NET.Sdk.StaticWebAssets.ScopedCss.targets" from project "F:\OJT-Review\MoneyTrackerApp\Expense-Manager\MoneyTrackerApp\MoneyTrackerApp\MoneyTrackerApp.csproj" (target "_AddScopedCssBundles" depends on it):
   1:7>Done building target "_ResolveBundlingConfiguration" in project "MoneyTrackerApp.csproj".
       Target "ResolveCssScopes" skipped. Previously built successfully.
   1:7>Target "ResolveScopedCssOutputs" in file "C:\Program Files\dotnet\sdk\8.0.416\Sdks\Microsoft.NET.Sdk.StaticWebAssets\targets\Microsoft.NET.Sdk.StaticWebAssets.ScopedCss.targets" from project "F:\OJT-Review\MoneyTrackerApp\Expense-Manager\MoneyTrackerApp\MoneyTrackerApp\MoneyTrackerApp.csproj" (target "_ComputeScopedCssStaticWebAssets" depends on it):
   1:7>Done building target "ResolveScopedCssOutputs" in project "MoneyTrackerApp.csproj".
       Target "ResolveStaticWebAssetsConfiguration" skipped. Previously built successfully.
   1:7>Target "_ComputeScopedCssStaticWebAssets" in file "C:\Program Files\dotnet\sdk\8.0.416\Sdks\Microsoft.NET.Sdk.StaticWebAssets\targets\Microsoft.NET.Sdk.StaticWebAssets.ScopedCss.targets" from project "F:\OJT-Review\MoneyTrackerApp\Expense-Manager\MoneyTrackerApp\MoneyTrackerApp\MoneyTrackerApp.csproj" (target "_CollectAllScopedCssAssets" depends on it):
       Task "DefineStaticWebAssets"
         RelativePath 'Pages\Shared\_Layout.cshtml.rz.scp.css' normalized to 'Pages/Shared/_Layout.cshtml.rz.scp.css' found for candidate 'F:\OJT-Review\MoneyTrackerApp\Expense-Manager\MoneyTrackerApp\MoneyTrackerApp\obj\Debug\net8.0\scopedcss\Pages\Shared\_Layout.cshtml.rz.scp.css' and will be used for matching.
         Identity for candidate 'F:\OJT-Review\MoneyTrackerApp\Expense-Manager\MoneyTrackerApp\MoneyTrackerApp\obj\Debug\net8.0\scopedcss\Pages\Shared\_Layout.cshtml.rz.scp.css' is 'F:\OJT-Review\MoneyTrackerApp\Expense-Manager\MoneyTrackerApp\MoneyTrackerApp\obj\Debug\net8.0\scopedcss\Pages\Shared\_Layout.cshtml.rz.scp.css' because it starts with content root 'F:\OJT-Review\MoneyTrackerApp\Expense-Manager\MoneyTrackerApp\MoneyTrackerApp\obj\Debug\net8.0\scopedcss\'.
       Done executing task "DefineStaticWebAssets".
   1:7>Done building target "_ComputeScopedCssStaticWebAssets" in project "MoneyTrackerApp.csproj".
   1:7>Target "_CollectAllScopedCssAssets" in file "C:\Program Files\dotnet\sdk\8.0.416\Sdks\Microsoft.NET.Sdk.StaticWebAssets\targets\Microsoft.NET.Sdk.StaticWebAssets.ScopedCss.targets" from project "F:\OJT-Review\MoneyTrackerApp\Expense-Manager\MoneyTrackerApp\MoneyTrackerApp\MoneyTrackerApp.csproj" (target "_AddScopedCssBundles" depends on it):
       Using "ResolveAllScopedCssAssets" task from assembly "C:\Program Files\dotnet\sdk\8.0.416\Sdks\Microsoft.NET.Sdk.StaticWebAssets\targets\..\tasks\net8.0\Microsoft.NET.Sdk.StaticWebAssets.Tasks.dll".
       Task "ResolveAllScopedCssAssets"
       Done executing task "ResolveAllScopedCssAssets".
   1:7>Done building target "_CollectAllScopedCssAssets" in project "MoneyTrackerApp.csproj".
   1:7>Target "_AddScopedCssBundles" in file "C:\Program Files\dotnet\sdk\8.0.416\Sdks\Microsoft.NET.Sdk.StaticWebAssets\targets\Microsoft.NET.Sdk.StaticWebAssets.ScopedCss.targets" from project "F:\OJT-Review\MoneyTrackerApp\Expense-Manager\MoneyTrackerApp\MoneyTrackerApp\MoneyTrackerApp.csproj" (target "ResolveStaticWebAssetsInputs" depends on it):
       Task "DefineStaticWebAssets"
         RelativePath 'MoneyTrackerApp.styles.css' normalized to 'MoneyTrackerApp.styles.css' found for candidate 'F:\OJT-Review\MoneyTrackerApp\Expense-Manager\MoneyTrackerApp\MoneyTrackerApp\obj\Debug\net8.0\scopedcss\bundle\MoneyTrackerApp.styles.css' and will be used for matching.
         Identity for candidate 'F:\OJT-Review\MoneyTrackerApp\Expense-Manager\MoneyTrackerApp\MoneyTrackerApp\obj\Debug\net8.0\scopedcss\bundle\MoneyTrackerApp.styles.css' is 'F:\OJT-Review\MoneyTrackerApp\Expense-Manager\MoneyTrackerApp\MoneyTrackerApp\obj\Debug\net8.0\scopedcss\bundle\MoneyTrackerApp.styles.css' because it starts with content root 'F:\OJT-Review\MoneyTrackerApp\Expense-Manager\MoneyTrackerApp\MoneyTrackerApp\obj\Debug\net8.0\scopedcss\bundle\'.
       Done executing task "DefineStaticWebAssets".
       Task "DefineStaticWebAssets"
         RelativePath 'MoneyTrackerApp.bundle.scp.css' normalized to 'MoneyTrackerApp.bundle.scp.css' found for candidate 'F:\OJT-Review\MoneyTrackerApp\Expense-Manager\MoneyTrackerApp\MoneyTrackerApp\obj\Debug\net8.0\scopedcss\projectbundle\MoneyTrackerApp.bundle.scp.css' and will be used for matching.
         Identity for candidate 'F:\OJT-Review\MoneyTrackerApp\Expense-Manager\MoneyTrackerApp\MoneyTrackerApp\obj\Debug\net8.0\scopedcss\projectbundle\MoneyTrackerApp.bundle.scp.css' is 'F:\OJT-Review\MoneyTrackerApp\Expense-Manager\MoneyTrackerApp\MoneyTrackerApp\obj\Debug\net8.0\scopedcss\projectbundle\MoneyTrackerApp.bundle.scp.css' because it starts with content root 'F:\OJT-Review\MoneyTrackerApp\Expense-Manager\MoneyTrackerApp\MoneyTrackerApp\obj\Debug\net8.0\scopedcss\projectbundle\'.
       Done executing task "DefineStaticWebAssets".
   1:7>Done building target "_AddScopedCssBundles" in project "MoneyTrackerApp.csproj".
       Target "ResolveProjectStaticWebAssets" skipped. Previously built successfully.
   1:7>Target "_ResolveJsModuleInputs" in file "C:\Program Files\dotnet\sdk\8.0.416\Sdks\Microsoft.NET.Sdk.StaticWebAssets\targets\Microsoft.NET.Sdk.StaticWebAssets.JSModules.targets" from project "F:\OJT-Review\MoneyTrackerApp\Expense-Manager\MoneyTrackerApp\MoneyTrackerApp\MoneyTrackerApp.csproj" (target "_AddJsModulesToStaticWebAssets" depends on it):
       Task "DefineStaticWebAssets"
         RelativePath 'css/admin-dark.css' normalized to 'css/admin-dark.css' found for candidate 'F:\OJT-Review\MoneyTrackerApp\Expense-Manager\MoneyTrackerApp\MoneyTrackerApp\wwwroot\css\admin-dark.css' and will be used for matching.
         Skipping 'F:\OJT-Review\MoneyTrackerApp\Expense-Manager\MoneyTrackerApp\MoneyTrackerApp\wwwroot\css\admin-dark.css' because the relative path 'css/admin-dark.css' did not match the filter '**/MoneyTrackerApp.lib.module.js'.
         RelativePath 'css/animations.css' normalized to 'css/animations.css' found for candidate 'F:\OJT-Review\MoneyTrackerApp\Expense-Manager\MoneyTrackerApp\MoneyTrackerApp\wwwroot\css\animations.css' and will be used for matching.
         Skipping 'F:\OJT-Review\MoneyTrackerApp\Expense-Manager\MoneyTrackerApp\MoneyTrackerApp\wwwroot\css\animations.css' because the relative path 'css/animations.css' did not match the filter '**/MoneyTrackerApp.lib.module.js'.
         RelativePath 'css/auth.css' normalized to 'css/auth.css' found for candidate 'F:\OJT-Review\MoneyTrackerApp\Expense-Manager\MoneyTrackerApp\MoneyTrackerApp\wwwroot\css\auth.css' and will be used for matching.
         Skipping 'F:\OJT-Review\MoneyTrackerApp\Expense-Manager\MoneyTrackerApp\MoneyTrackerApp\wwwroot\css\auth.css' because the relative path 'css/auth.css' did not match the filter '**/MoneyTrackerApp.lib.module.js'.
         RelativePath 'css/bento-grid.css' normalized to 'css/bento-grid.css' found for candidate 'F:\OJT-Review\MoneyTrackerApp\Expense-Manager\MoneyTrackerApp\MoneyTrackerApp\wwwroot\css\bento-grid.css' and will be used for matching.
         Skipping 'F:\OJT-Review\MoneyTrackerApp\Expense-Manager\MoneyTrackerApp\MoneyTrackerApp\wwwroot\css\bento-grid.css' because the relative path 'css/bento-grid.css' did not match the filter '**/MoneyTrackerApp.lib.module.js'.
         RelativePath 'css/bento-system.css' normalized to 'css/bento-system.css' found for candidate 'F:\OJT-Review\MoneyTrackerApp\Expense-Manager\MoneyTrackerApp\MoneyTrackerApp\wwwroot\css\bento-system.css' and will be used for matching.
         Skipping 'F:\OJT-Review\MoneyTrackerApp\Expense-Manager\MoneyTrackerApp\MoneyTrackerApp\wwwroot\css\bento-system.css' because the relative path 'css/bento-system.css' did not match the filter '**/MoneyTrackerApp.lib.module.js'.
         RelativePath 'css/budgets.css' normalized to 'css/budgets.css' found for candidate 'F:\OJT-Review\MoneyTrackerApp\Expense-Manager\MoneyTrackerApp\MoneyTrackerApp\wwwroot\css\budgets.css' and will be used for matching.
         Skipping 'F:\OJT-Review\MoneyTrackerApp\Expense-Manager\MoneyTrackerApp\MoneyTrackerApp\wwwroot\css\budgets.css' because the relative path 'css/budgets.css' did not match the filter '**/MoneyTrackerApp.lib.module.js'.
         RelativePath 'css/checkout-enhanced.css' normalized to 'css/checkout-enhanced.css' found for candidate 'F:\OJT-Review\MoneyTrackerApp\Expense-Manager\MoneyTrackerApp\MoneyTrackerApp\wwwroot\css\checkout-enhanced.css' and will be used for matching.
         Skipping 'F:\OJT-Review\MoneyTrackerApp\Expense-Manager\MoneyTrackerApp\MoneyTrackerApp\wwwroot\css\checkout-enhanced.css' because the relative path 'css/checkout-enhanced.css' did not match the filter '**/MoneyTrackerApp.lib.module.js'.
         RelativePath 'css/checkout.css' normalized to 'css/checkout.css' found for candidate 'F:\OJT-Review\MoneyTrackerApp\Expense-Manager\MoneyTrackerApp\MoneyTrackerApp\wwwroot\css\checkout.css' and will be used for matching.
         Skipping 'F:\OJT-Review\MoneyTrackerApp\Expense-Manager\MoneyTrackerApp\MoneyTrackerApp\wwwroot\css\checkout.css' because the relative path 'css/checkout.css' did not match the filter '**/MoneyTrackerApp.lib.module.js'.
         RelativePath 'css/christmas.css' normalized to 'css/christmas.css' found for candidate 'F:\OJT-Review\MoneyTrackerApp\Expense-Manager\MoneyTrackerApp\MoneyTrackerApp\wwwroot\css\christmas.css' and will be used for matching.
         Skipping 'F:\OJT-Review\MoneyTrackerApp\Expense-Manager\MoneyTrackerApp\MoneyTrackerApp\wwwroot\css\christmas.css' because the relative path 'css/christmas.css' did not match the filter '**/MoneyTrackerApp.lib.module.js'.
         RelativePath 'css/contacts.css' normalized to 'css/contacts.css' found for candidate 'F:\OJT-Review\MoneyTrackerApp\Expense-Manager\MoneyTrackerApp\MoneyTrackerApp\wwwroot\css\contacts.css' and will be used for matching.
         Skipping 'F:\OJT-Review\MoneyTrackerApp\Expense-Manager\MoneyTrackerApp\MoneyTrackerApp\wwwroot\css\contacts.css' because the relative path 'css/contacts.css' did not match the filter '**/MoneyTrackerApp.lib.module.js'.
         RelativePath 'css/debts.css' normalized to 'css/debts.css' found for candidate 'F:\OJT-Review\MoneyTrackerApp\Expense-Manager\MoneyTrackerApp\MoneyTrackerApp\wwwroot\css\debts.css' and will be used for matching.
         Skipping 'F:\OJT-Review\MoneyTrackerApp\Expense-Manager\MoneyTrackerApp\MoneyTrackerApp\wwwroot\css\debts.css' because the relative path 'css/debts.css' did not match the filter '**/MoneyTrackerApp.lib.module.js'.
         RelativePath 'css/design-system.css' normalized to 'css/design-system.css' found for candidate 'F:\OJT-Review\MoneyTrackerApp\Expense-Manager\MoneyTrackerApp\MoneyTrackerApp\wwwroot\css\design-system.css' and will be used for matching.
         Skipping 'F:\OJT-Review\MoneyTrackerApp\Expense-Manager\MoneyTrackerApp\MoneyTrackerApp\wwwroot\css\design-system.css' because the relative path 'css/design-system.css' did not match the filter '**/MoneyTrackerApp.lib.module.js'.
         RelativePath 'css/groups.css' normalized to 'css/groups.css' found for candidate 'F:\OJT-Review\MoneyTrackerApp\Expense-Manager\MoneyTrackerApp\MoneyTrackerApp\wwwroot\css\groups.css' and will be used for matching.
         Skipping 'F:\OJT-Review\MoneyTrackerApp\Expense-Manager\MoneyTrackerApp\MoneyTrackerApp\wwwroot\css\groups.css' because the relative path 'css/groups.css' did not match the filter '**/MoneyTrackerApp.lib.module.js'.
         RelativePath 'css/header.css' normalized to 'css/header.css' found for candidate 'F:\OJT-Review\MoneyTrackerApp\Expense-Manager\MoneyTrackerApp\MoneyTrackerApp\wwwroot\css\header.css' and will be used for matching.
         Skipping 'F:\OJT-Review\MoneyTrackerApp\Expense-Manager\MoneyTrackerApp\MoneyTrackerApp\wwwroot\css\header.css' because the relative path 'css/header.css' did not match the filter '**/MoneyTrackerApp.lib.module.js'.
         RelativePath 'css/home.css' normalized to 'css/home.css' found for candidate 'F:\OJT-Review\MoneyTrackerApp\Expense-Manager\MoneyTrackerApp\MoneyTrackerApp\wwwroot\css\home.css' and will be used for matching.
         Skipping 'F:\OJT-Review\MoneyTrackerApp\Expense-Manager\MoneyTrackerApp\MoneyTrackerApp\wwwroot\css\home.css' because the relative path 'css/home.css' did not match the filter '**/MoneyTrackerApp.lib.module.js'.
         RelativePath 'css/investments.css' normalized to 'css/investments.css' found for candidate 'F:\OJT-Review\MoneyTrackerApp\Expense-Manager\MoneyTrackerApp\MoneyTrackerApp\wwwroot\css\investments.css' and will be used for matching.
         Skipping 'F:\OJT-Review\MoneyTrackerApp\Expense-Manager\MoneyTrackerApp\MoneyTrackerApp\wwwroot\css\investments.css' because the relative path 'css/investments.css' did not match the filter '**/MoneyTrackerApp.lib.module.js'.
         RelativePath 'css/main.css' normalized to 'css/main.css' found for candidate 'F:\OJT-Review\MoneyTrackerApp\Expense-Manager\MoneyTrackerApp\MoneyTrackerApp\wwwroot\css\main.css' and will be used for matching.
         Skipping 'F:\OJT-Review\MoneyTrackerApp\Expense-Manager\MoneyTrackerApp\MoneyTrackerApp\wwwroot\css\main.css' because the relative path 'css/main.css' did not match the filter '**/MoneyTrackerApp.lib.module.js'.
         RelativePath 'css/micro-interactions.css' normalized to 'css/micro-interactions.css' found for candidate 'F:\OJT-Review\MoneyTrackerApp\Expense-Manager\MoneyTrackerApp\MoneyTrackerApp\wwwroot\css\micro-interactions.css' and will be used for matching.
         Skipping 'F:\OJT-Review\MoneyTrackerApp\Expense-Manager\MoneyTrackerApp\MoneyTrackerApp\wwwroot\css\micro-interactions.css' because the relative path 'css/micro-interactions.css' did not match the filter '**/MoneyTrackerApp.lib.module.js'.
         RelativePath 'css/modern-pages.css' normalized to 'css/modern-pages.css' found for candidate 'F:\OJT-Review\MoneyTrackerApp\Expense-Manager\MoneyTrackerApp\MoneyTrackerApp\wwwroot\css\modern-pages.css' and will be used for matching.
         Skipping 'F:\OJT-Review\MoneyTrackerApp\Expense-Manager\MoneyTrackerApp\MoneyTrackerApp\wwwroot\css\modern-pages.css' because the relative path 'css/modern-pages.css' did not match the filter '**/MoneyTrackerApp.lib.module.js'.
         RelativePath 'css/onboarding.css' normalized to 'css/onboarding.css' found for candidate 'F:\OJT-Review\MoneyTrackerApp\Expense-Manager\MoneyTrackerApp\MoneyTrackerApp\wwwroot\css\onboarding.css' and will be used for matching.
         Skipping 'F:\OJT-Review\MoneyTrackerApp\Expense-Manager\MoneyTrackerApp\MoneyTrackerApp\wwwroot\css\onboarding.css' because the relative path 'css/onboarding.css' did not match the filter '**/MoneyTrackerApp.lib.module.js'.
         RelativePath 'css/reports-accessibility.css' normalized to 'css/reports-accessibility.css' found for candidate 'F:\OJT-Review\MoneyTrackerApp\Expense-Manager\MoneyTrackerApp\MoneyTrackerApp\wwwroot\css\reports-accessibility.css' and will be used for matching.
         Skipping 'F:\OJT-Review\MoneyTrackerApp\Expense-Manager\MoneyTrackerApp\MoneyTrackerApp\wwwroot\css\reports-accessibility.css' because the relative path 'css/reports-accessibility.css' did not match the filter '**/MoneyTrackerApp.lib.module.js'.
         RelativePath 'css/reports-modern.css' normalized to 'css/reports-modern.css' found for candidate 'F:\OJT-Review\MoneyTrackerApp\Expense-Manager\MoneyTrackerApp\MoneyTrackerApp\wwwroot\css\reports-modern.css' and will be used for matching.
         Skipping 'F:\OJT-Review\MoneyTrackerApp\Expense-Manager\MoneyTrackerApp\MoneyTrackerApp\wwwroot\css\reports-modern.css' because the relative path 'css/reports-modern.css' did not match the filter '**/MoneyTrackerApp.lib.module.js'.
         RelativePath 'css/reports.css' normalized to 'css/reports.css' found for candidate 'F:\OJT-Review\MoneyTrackerApp\Expense-Manager\MoneyTrackerApp\MoneyTrackerApp\wwwroot\css\reports.css' and will be used for matching.
         Skipping 'F:\OJT-Review\MoneyTrackerApp\Expense-Manager\MoneyTrackerApp\MoneyTrackerApp\wwwroot\css\reports.css' because the relative path 'css/reports.css' did not match the filter '**/MoneyTrackerApp.lib.module.js'.
         RelativePath 'css/savings.css' normalized to 'css/savings.css' found for candidate 'F:\OJT-Review\MoneyTrackerApp\Expense-Manager\MoneyTrackerApp\MoneyTrackerApp\wwwroot\css\savings.css' and will be used for matching.
         Skipping 'F:\OJT-Review\MoneyTrackerApp\Expense-Manager\MoneyTrackerApp\MoneyTrackerApp\wwwroot\css\savings.css' because the relative path 'css/savings.css' did not match the filter '**/MoneyTrackerApp.lib.module.js'.
         RelativePath 'css/service-packages.css' normalized to 'css/service-packages.css' found for candidate 'F:\OJT-Review\MoneyTrackerApp\Expense-Manager\MoneyTrackerApp\MoneyTrackerApp\wwwroot\css\service-packages.css' and will be used for matching.
         Skipping 'F:\OJT-Review\MoneyTrackerApp\Expense-Manager\MoneyTrackerApp\MoneyTrackerApp\wwwroot\css\service-packages.css' because the relative path 'css/service-packages.css' did not match the filter '**/MoneyTrackerApp.lib.module.js'.
         RelativePath 'css/settings.css' normalized to 'css/settings.css' found for candidate 'F:\OJT-Review\MoneyTrackerApp\Expense-Manager\MoneyTrackerApp\MoneyTrackerApp\wwwroot\css\settings.css' and will be used for matching.
         Skipping 'F:\OJT-Review\MoneyTrackerApp\Expense-Manager\MoneyTrackerApp\MoneyTrackerApp\wwwroot\css\settings.css' because the relative path 'css/settings.css' did not match the filter '**/MoneyTrackerApp.lib.module.js'.
         RelativePath 'css/shared-wallets.css' normalized to 'css/shared-wallets.css' found for candidate 'F:\OJT-Review\MoneyTrackerApp\Expense-Manager\MoneyTrackerApp\MoneyTrackerApp\wwwroot\css\shared-wallets.css' and will be used for matching.
         Skipping 'F:\OJT-Review\MoneyTrackerApp\Expense-Manager\MoneyTrackerApp\MoneyTrackerApp\wwwroot\css\shared-wallets.css' because the relative path 'css/shared-wallets.css' did not match the filter '**/MoneyTrackerApp.lib.module.js'.
         RelativePath 'css/site.css' normalized to 'css/site.css' found for candidate 'F:\OJT-Review\MoneyTrackerApp\Expense-Manager\MoneyTrackerApp\MoneyTrackerApp\wwwroot\css\site.css' and will be used for matching.
         Skipping 'F:\OJT-Review\MoneyTrackerApp\Expense-Manager\MoneyTrackerApp\MoneyTrackerApp\wwwroot\css\site.css' because the relative path 'css/site.css' did not match the filter '**/MoneyTrackerApp.lib.module.js'.
         RelativePath 'css/theme-variables.css' normalized to 'css/theme-variables.css' found for candidate 'F:\OJT-Review\MoneyTrackerApp\Expense-Manager\MoneyTrackerApp\MoneyTrackerApp\wwwroot\css\theme-variables.css' and will be used for matching.
         Skipping 'F:\OJT-Review\MoneyTrackerApp\Expense-Manager\MoneyTrackerApp\MoneyTrackerApp\wwwroot\css\theme-variables.css' because the relative path 'css/theme-variables.css' did not match the filter '**/MoneyTrackerApp.lib.module.js'.
         RelativePath 'css/trading.css' normalized to 'css/trading.css' found for candidate 'F:\OJT-Review\MoneyTrackerApp\Expense-Manager\MoneyTrackerApp\MoneyTrackerApp\wwwroot\css\trading.css' and will be used for matching.
         Skipping 'F:\OJT-Review\MoneyTrackerApp\Expense-Manager\MoneyTrackerApp\MoneyTrackerApp\wwwroot\css\trading.css' because the relative path 'css/trading.css' did not match the filter '**/MoneyTrackerApp.lib.module.js'.
         RelativePath 'css/wallet-detail-modern.css' normalized to 'css/wallet-detail-modern.css' found for candidate 'F:\OJT-Review\MoneyTrackerApp\Expense-Manager\MoneyTrackerApp\MoneyTrackerApp\wwwroot\css\wallet-detail-modern.css' and will be used for matching.
         Skipping 'F:\OJT-Review\MoneyTrackerApp\Expense-Manager\MoneyTrackerApp\MoneyTrackerApp\wwwroot\css\wallet-detail-modern.css' because the relative path 'css/wallet-detail-modern.css' did not match the filter '**/MoneyTrackerApp.lib.module.js'.
         RelativePath 'css/wallet-modern.css' normalized to 'css/wallet-modern.css' found for candidate 'F:\OJT-Review\MoneyTrackerApp\Expense-Manager\MoneyTrackerApp\MoneyTrackerApp\wwwroot\css\wallet-modern.css' and will be used for matching.
         Skipping 'F:\OJT-Review\MoneyTrackerApp\Expense-Manager\MoneyTrackerApp\MoneyTrackerApp\wwwroot\css\wallet-modern.css' because the relative path 'css/wallet-modern.css' did not match the filter '**/MoneyTrackerApp.lib.module.js'.
         RelativePath 'css/wallet-page.css' normalized to 'css/wallet-page.css' found for candidate 'F:\OJT-Review\MoneyTrackerApp\Expense-Manager\MoneyTrackerApp\MoneyTrackerApp\wwwroot\css\wallet-page.css' and will be used for matching.
         Skipping 'F:\OJT-Review\MoneyTrackerApp\Expense-Manager\MoneyTrackerApp\MoneyTrackerApp\wwwroot\css\wallet-page.css' because the relative path 'css/wallet-page.css' did not match the filter '**/MoneyTrackerApp.lib.module.js'.
         RelativePath 'css/wallets.css' normalized to 'css/wallets.css' found for candidate 'F:\OJT-Review\MoneyTrackerApp\Expense-Manager\MoneyTrackerApp\MoneyTrackerApp\wwwroot\css\wallets.css' and will be used for matching.
         Skipping 'F:\OJT-Review\MoneyTrackerApp\Expense-Manager\MoneyTrackerApp\MoneyTrackerApp\wwwroot\css\wallets.css' because the relative path 'css/wallets.css' did not match the filter '**/MoneyTrackerApp.lib.module.js'.
         RelativePath 'docs/Reports_Trading_Enhancements.md' normalized to 'docs/Reports_Trading_Enhancements.md' found for candidate 'F:\OJT-Review\MoneyTrackerApp\Expense-Manager\MoneyTrackerApp\MoneyTrackerApp\wwwroot\docs\Reports_Trading_Enhancements.md' and will be used for matching.
         Skipping 'F:\OJT-Review\MoneyTrackerApp\Expense-Manager\MoneyTrackerApp\MoneyTrackerApp\wwwroot\docs\Reports_Trading_Enhancements.md' because the relative path 'docs/Reports_Trading_Enhancements.md' did not match the filter '**/MoneyTrackerApp.lib.module.js'.
         RelativePath 'docs/requirement_update.md' normalized to 'docs/requirement_update.md' found for candidate 'F:\OJT-Review\MoneyTrackerApp\Expense-Manager\MoneyTrackerApp\MoneyTrackerApp\wwwroot\docs\requirement_update.md' and will be used for matching.
         Skipping 'F:\OJT-Review\MoneyTrackerApp\Expense-Manager\MoneyTrackerApp\MoneyTrackerApp\wwwroot\docs\requirement_update.md' because the relative path 'docs/requirement_update.md' did not match the filter '**/MoneyTrackerApp.lib.module.js'.
         RelativePath 'favicon.ico' normalized to 'favicon.ico' found for candidate 'F:\OJT-Review\MoneyTrackerApp\Expense-Manager\MoneyTrackerApp\MoneyTrackerApp\wwwroot\favicon.ico' and will be used for matching.
         Skipping 'F:\OJT-Review\MoneyTrackerApp\Expense-Manager\MoneyTrackerApp\MoneyTrackerApp\wwwroot\favicon.ico' because the relative path 'favicon.ico' did not match the filter '**/MoneyTrackerApp.lib.module.js'.
         RelativePath 'js/admin-service-packages.js' normalized to 'js/admin-service-packages.js' found for candidate 'F:\OJT-Review\MoneyTrackerApp\Expense-Manager\MoneyTrackerApp\MoneyTrackerApp\wwwroot\js\admin-service-packages.js' and will be used for matching.
         Skipping 'F:\OJT-Review\MoneyTrackerApp\Expense-Manager\MoneyTrackerApp\MoneyTrackerApp\wwwroot\js\admin-service-packages.js' because the relative path 'js/admin-service-packages.js' did not match the filter '**/MoneyTrackerApp.lib.module.js'.
         RelativePath 'js/api-mock.js' normalized to 'js/api-mock.js' found for candidate 'F:\OJT-Review\MoneyTrackerApp\Expense-Manager\MoneyTrackerApp\MoneyTrackerApp\wwwroot\js\api-mock.js' and will be used for matching.
         Skipping 'F:\OJT-Review\MoneyTrackerApp\Expense-Manager\MoneyTrackerApp\MoneyTrackerApp\wwwroot\js\api-mock.js' because the relative path 'js/api-mock.js' did not match the filter '**/MoneyTrackerApp.lib.module.js'.
         RelativePath 'js/auth.js' normalized to 'js/auth.js' found for candidate 'F:\OJT-Review\MoneyTrackerApp\Expense-Manager\MoneyTrackerApp\MoneyTrackerApp\wwwroot\js\auth.js' and will be used for matching.
         Skipping 'F:\OJT-Review\MoneyTrackerApp\Expense-Manager\MoneyTrackerApp\MoneyTrackerApp\wwwroot\js\auth.js' because the relative path 'js/auth.js' did not match the filter '**/MoneyTrackerApp.lib.module.js'.
         RelativePath 'js/budgets.js' normalized to 'js/budgets.js' found for candidate 'F:\OJT-Review\MoneyTrackerApp\Expense-Manager\MoneyTrackerApp\MoneyTrackerApp\wwwroot\js\budgets.js' and will be used for matching.
         Skipping 'F:\OJT-Review\MoneyTrackerApp\Expense-Manager\MoneyTrackerApp\MoneyTrackerApp\wwwroot\js\budgets.js' because the relative path 'js/budgets.js' did not match the filter '**/MoneyTrackerApp.lib.module.js'.
         RelativePath 'js/charts-config.js' normalized to 'js/charts-config.js' found for candidate 'F:\OJT-Review\MoneyTrackerApp\Expense-Manager\MoneyTrackerApp\MoneyTrackerApp\wwwroot\js\charts-config.js' and will be used for matching.
         Skipping 'F:\OJT-Review\MoneyTrackerApp\Expense-Manager\MoneyTrackerApp\MoneyTrackerApp\wwwroot\js\charts-config.js' because the relative path 'js/charts-config.js' did not match the filter '**/MoneyTrackerApp.lib.module.js'.
         RelativePath 'js/christmas.js' normalized to 'js/christmas.js' found for candidate 'F:\OJT-Review\MoneyTrackerApp\Expense-Manager\MoneyTrackerApp\MoneyTrackerApp\wwwroot\js\christmas.js' and will be used for matching.
         Skipping 'F:\OJT-Review\MoneyTrackerApp\Expense-Manager\MoneyTrackerApp\MoneyTrackerApp\wwwroot\js\christmas.js' because the relative path 'js/christmas.js' did not match the filter '**/MoneyTrackerApp.lib.module.js'.
         RelativePath 'js/contacts.js' normalized to 'js/contacts.js' found for candidate 'F:\OJT-Review\MoneyTrackerApp\Expense-Manager\MoneyTrackerApp\MoneyTrackerApp\wwwroot\js\contacts.js' and will be used for matching.
         Skipping 'F:\OJT-Review\MoneyTrackerApp\Expense-Manager\MoneyTrackerApp\MoneyTrackerApp\wwwroot\js\contacts.js' because the relative path 'js/contacts.js' did not match the filter '**/MoneyTrackerApp.lib.module.js'.
         RelativePath 'js/debts.js' normalized to 'js/debts.js' found for candidate 'F:\OJT-Review\MoneyTrackerApp\Expense-Manager\MoneyTrackerApp\MoneyTrackerApp\wwwroot\js\debts.js' and will be used for matching.
         Skipping 'F:\OJT-Review\MoneyTrackerApp\Expense-Manager\MoneyTrackerApp\MoneyTrackerApp\wwwroot\js\debts.js' because the relative path 'js/debts.js' did not match the filter '**/MoneyTrackerApp.lib.module.js'.
         RelativePath 'js/frontend-error-tests.js' normalized to 'js/frontend-error-tests.js' found for candidate 'F:\OJT-Review\MoneyTrackerApp\Expense-Manager\MoneyTrackerApp\MoneyTrackerApp\wwwroot\js\frontend-error-tests.js' and will be used for matching.
         Skipping 'F:\OJT-Review\MoneyTrackerApp\Expense-Manager\MoneyTrackerApp\MoneyTrackerApp\wwwroot\js\frontend-error-tests.js' because the relative path 'js/frontend-error-tests.js' did not match the filter '**/MoneyTrackerApp.lib.module.js'.
         RelativePath 'js/global-transaction-modal.js' normalized to 'js/global-transaction-modal.js' found for candidate 'F:\OJT-Review\MoneyTrackerApp\Expense-Manager\MoneyTrackerApp\MoneyTrackerApp\wwwroot\js\global-transaction-modal.js' and will be used for matching.
         Skipping 'F:\OJT-Review\MoneyTrackerApp\Expense-Manager\MoneyTrackerApp\MoneyTrackerApp\wwwroot\js\global-transaction-modal.js' because the relative path 'js/global-transaction-modal.js' did not match the filter '**/MoneyTrackerApp.lib.module.js'.
         RelativePath 'js/groups-tests.js' normalized to 'js/groups-tests.js' found for candidate 'F:\OJT-Review\MoneyTrackerApp\Expense-Manager\MoneyTrackerApp\MoneyTrackerApp\wwwroot\js\groups-tests.js' and will be used for matching.
         Skipping 'F:\OJT-Review\MoneyTrackerApp\Expense-Manager\MoneyTrackerApp\MoneyTrackerApp\wwwroot\js\groups-tests.js' because the relative path 'js/groups-tests.js' did not match the filter '**/MoneyTrackerApp.lib.module.js'.
         RelativePath 'js/groups.js' normalized to 'js/groups.js' found for candidate 'F:\OJT-Review\MoneyTrackerApp\Expense-Manager\MoneyTrackerApp\MoneyTrackerApp\wwwroot\js\groups.js' and will be used for matching.
         Skipping 'F:\OJT-Review\MoneyTrackerApp\Expense-Manager\MoneyTrackerApp\MoneyTrackerApp\wwwroot\js\groups.js' because the relative path 'js/groups.js' did not match the filter '**/MoneyTrackerApp.lib.module.js'.
         RelativePath 'js/header.js' normalized to 'js/header.js' found for candidate 'F:\OJT-Review\MoneyTrackerApp\Expense-Manager\MoneyTrackerApp\MoneyTrackerApp\wwwroot\js\header.js' and will be used for matching.
         Skipping 'F:\OJT-Review\MoneyTrackerApp\Expense-Manager\MoneyTrackerApp\MoneyTrackerApp\wwwroot\js\header.js' because the relative path 'js/header.js' did not match the filter '**/MoneyTrackerApp.lib.module.js'.
         RelativePath 'js/home.js' normalized to 'js/home.js' found for candidate 'F:\OJT-Review\MoneyTrackerApp\Expense-Manager\MoneyTrackerApp\MoneyTrackerApp\wwwroot\js\home.js' and will be used for matching.
         Skipping 'F:\OJT-Review\MoneyTrackerApp\Expense-Manager\MoneyTrackerApp\MoneyTrackerApp\wwwroot\js\home.js' because the relative path 'js/home.js' did not match the filter '**/MoneyTrackerApp.lib.module.js'.
         RelativePath 'js/investments.js' normalized to 'js/investments.js' found for candidate 'F:\OJT-Review\MoneyTrackerApp\Expense-Manager\MoneyTrackerApp\MoneyTrackerApp\wwwroot\js\investments.js' and will be used for matching.
         Skipping 'F:\OJT-Review\MoneyTrackerApp\Expense-Manager\MoneyTrackerApp\MoneyTrackerApp\wwwroot\js\investments.js' because the relative path 'js/investments.js' did not match the filter '**/MoneyTrackerApp.lib.module.js'.
         RelativePath 'js/micro-interactions.js' normalized to 'js/micro-interactions.js' found for candidate 'F:\OJT-Review\MoneyTrackerApp\Expense-Manager\MoneyTrackerApp\MoneyTrackerApp\wwwroot\js\micro-interactions.js' and will be used for matching.
         Skipping 'F:\OJT-Review\MoneyTrackerApp\Expense-Manager\MoneyTrackerApp\MoneyTrackerApp\wwwroot\js\micro-interactions.js' because the relative path 'js/micro-interactions.js' did not match the filter '**/MoneyTrackerApp.lib.module.js'.
         RelativePath 'js/onboarding-basic-settings.js' normalized to 'js/onboarding-basic-settings.js' found for candidate 'F:\OJT-Review\MoneyTrackerApp\Expense-Manager\MoneyTrackerApp\MoneyTrackerApp\wwwroot\js\onboarding-basic-settings.js' and will be used for matching.
         Skipping 'F:\OJT-Review\MoneyTrackerApp\Expense-Manager\MoneyTrackerApp\MoneyTrackerApp\wwwroot\js\onboarding-basic-settings.js' because the relative path 'js/onboarding-basic-settings.js' did not match the filter '**/MoneyTrackerApp.lib.module.js'.
         RelativePath 'js/onboarding-create-wallet.js' normalized to 'js/onboarding-create-wallet.js' found for candidate 'F:\OJT-Review\MoneyTrackerApp\Expense-Manager\MoneyTrackerApp\MoneyTrackerApp\wwwroot\js\onboarding-create-wallet.js' and will be used for matching.
         Skipping 'F:\OJT-Review\MoneyTrackerApp\Expense-Manager\MoneyTrackerApp\MoneyTrackerApp\wwwroot\js\onboarding-create-wallet.js' because the relative path 'js/onboarding-create-wallet.js' did not match the filter '**/MoneyTrackerApp.lib.module.js'.
         RelativePath 'js/onboarding-savings-goal.js' normalized to 'js/onboarding-savings-goal.js' found for candidate 'F:\OJT-Review\MoneyTrackerApp\Expense-Manager\MoneyTrackerApp\MoneyTrackerApp\wwwroot\js\onboarding-savings-goal.js' and will be used for matching.
         Skipping 'F:\OJT-Review\MoneyTrackerApp\Expense-Manager\MoneyTrackerApp\MoneyTrackerApp\wwwroot\js\onboarding-savings-goal.js' because the relative path 'js/onboarding-savings-goal.js' did not match the filter '**/MoneyTrackerApp.lib.module.js'.
         RelativePath 'js/onboarding-setup-categories.js' normalized to 'js/onboarding-setup-categories.js' found for candidate 'F:\OJT-Review\MoneyTrackerApp\Expense-Manager\MoneyTrackerApp\MoneyTrackerApp\wwwroot\js\onboarding-setup-categories.js' and will be used for matching.
         Skipping 'F:\OJT-Review\MoneyTrackerApp\Expense-Manager\MoneyTrackerApp\MoneyTrackerApp\wwwroot\js\onboarding-setup-categories.js' because the relative path 'js/onboarding-setup-categories.js' did not match the filter '**/MoneyTrackerApp.lib.module.js'.
         RelativePath 'js/onboarding-welcome.js' normalized to 'js/onboarding-welcome.js' found for candidate 'F:\OJT-Review\MoneyTrackerApp\Expense-Manager\MoneyTrackerApp\MoneyTrackerApp\wwwroot\js\onboarding-welcome.js' and will be used for matching.
         Skipping 'F:\OJT-Review\MoneyTrackerApp\Expense-Manager\MoneyTrackerApp\MoneyTrackerApp\wwwroot\js\onboarding-welcome.js' because the relative path 'js/onboarding-welcome.js' did not match the filter '**/MoneyTrackerApp.lib.module.js'.
         RelativePath 'js/onboarding.js' normalized to 'js/onboarding.js' found for candidate 'F:\OJT-Review\MoneyTrackerApp\Expense-Manager\MoneyTrackerApp\MoneyTrackerApp\wwwroot\js\onboarding.js' and will be used for matching.
         Skipping 'F:\OJT-Review\MoneyTrackerApp\Expense-Manager\MoneyTrackerApp\MoneyTrackerApp\wwwroot\js\onboarding.js' because the relative path 'js/onboarding.js' did not match the filter '**/MoneyTrackerApp.lib.module.js'.
         RelativePath 'js/performance.js' normalized to 'js/performance.js' found for candidate 'F:\OJT-Review\MoneyTrackerApp\Expense-Manager\MoneyTrackerApp\MoneyTrackerApp\wwwroot\js\performance.js' and will be used for matching.
         Skipping 'F:\OJT-Review\MoneyTrackerApp\Expense-Manager\MoneyTrackerApp\MoneyTrackerApp\wwwroot\js\performance.js' because the relative path 'js/performance.js' did not match the filter '**/MoneyTrackerApp.lib.module.js'.
         RelativePath 'js/quick-add.js' normalized to 'js/quick-add.js' found for candidate 'F:\OJT-Review\MoneyTrackerApp\Expense-Manager\MoneyTrackerApp\MoneyTrackerApp\wwwroot\js\quick-add.js' and will be used for matching.
         Skipping 'F:\OJT-Review\MoneyTrackerApp\Expense-Manager\MoneyTrackerApp\MoneyTrackerApp\wwwroot\js\quick-add.js' because the relative path 'js/quick-add.js' did not match the filter '**/MoneyTrackerApp.lib.module.js'.
         RelativePath 'js/reports.js' normalized to 'js/reports.js' found for candidate 'F:\OJT-Review\MoneyTrackerApp\Expense-Manager\MoneyTrackerApp\MoneyTrackerApp\wwwroot\js\reports.js' and will be used for matching.
         Skipping 'F:\OJT-Review\MoneyTrackerApp\Expense-Manager\MoneyTrackerApp\MoneyTrackerApp\wwwroot\js\reports.js' because the relative path 'js/reports.js' did not match the filter '**/MoneyTrackerApp.lib.module.js'.
         RelativePath 'js/savings.js' normalized to 'js/savings.js' found for candidate 'F:\OJT-Review\MoneyTrackerApp\Expense-Manager\MoneyTrackerApp\MoneyTrackerApp\wwwroot\js\savings.js' and will be used for matching.
         Skipping 'F:\OJT-Review\MoneyTrackerApp\Expense-Manager\MoneyTrackerApp\MoneyTrackerApp\wwwroot\js\savings.js' because the relative path 'js/savings.js' did not match the filter '**/MoneyTrackerApp.lib.module.js'.
         RelativePath 'js/service-packages.js' normalized to 'js/service-packages.js' found for candidate 'F:\OJT-Review\MoneyTrackerApp\Expense-Manager\MoneyTrackerApp\MoneyTrackerApp\wwwroot\js\service-packages.js' and will be used for matching.
         Skipping 'F:\OJT-Review\MoneyTrackerApp\Expense-Manager\MoneyTrackerApp\MoneyTrackerApp\wwwroot\js\service-packages.js' because the relative path 'js/service-packages.js' did not match the filter '**/MoneyTrackerApp.lib.module.js'.
         RelativePath 'js/shared-wallets.js' normalized to 'js/shared-wallets.js' found for candidate 'F:\OJT-Review\MoneyTrackerApp\Expense-Manager\MoneyTrackerApp\MoneyTrackerApp\wwwroot\js\shared-wallets.js' and will be used for matching.
         Skipping 'F:\OJT-Review\MoneyTrackerApp\Expense-Manager\MoneyTrackerApp\MoneyTrackerApp\wwwroot\js\shared-wallets.js' because the relative path 'js/shared-wallets.js' did not match the filter '**/MoneyTrackerApp.lib.module.js'.
         RelativePath 'js/site.js' normalized to 'js/site.js' found for candidate 'F:\OJT-Review\MoneyTrackerApp\Expense-Manager\MoneyTrackerApp\MoneyTrackerApp\wwwroot\js\site.js' and will be used for matching.
         Skipping 'F:\OJT-Review\MoneyTrackerApp\Expense-Manager\MoneyTrackerApp\MoneyTrackerApp\wwwroot\js\site.js' because the relative path 'js/site.js' did not match the filter '**/MoneyTrackerApp.lib.module.js'.
         RelativePath 'js/subscription-utils.js' normalized to 'js/subscription-utils.js' found for candidate 'F:\OJT-Review\MoneyTrackerApp\Expense-Manager\MoneyTrackerApp\MoneyTrackerApp\wwwroot\js\subscription-utils.js' and will be used for matching.
         Skipping 'F:\OJT-Review\MoneyTrackerApp\Expense-Manager\MoneyTrackerApp\MoneyTrackerApp\wwwroot\js\subscription-utils.js' because the relative path 'js/subscription-utils.js' did not match the filter '**/MoneyTrackerApp.lib.module.js'.
         RelativePath 'js/theme-manager.js' normalized to 'js/theme-manager.js' found for candidate 'F:\OJT-Review\MoneyTrackerApp\Expense-Manager\MoneyTrackerApp\MoneyTrackerApp\wwwroot\js\theme-manager.js' and will be used for matching.
         Skipping 'F:\OJT-Review\MoneyTrackerApp\Expense-Manager\MoneyTrackerApp\MoneyTrackerApp\wwwroot\js\theme-manager.js' because the relative path 'js/theme-manager.js' did not match the filter '**/MoneyTrackerApp.lib.module.js'.
         RelativePath 'js/trading.js' normalized to 'js/trading.js' found for candidate 'F:\OJT-Review\MoneyTrackerApp\Expense-Manager\MoneyTrackerApp\MoneyTrackerApp\wwwroot\js\trading.js' and will be used for matching.
         Skipping 'F:\OJT-Review\MoneyTrackerApp\Expense-Manager\MoneyTrackerApp\MoneyTrackerApp\wwwroot\js\trading.js' because the relative path 'js/trading.js' did not match the filter '**/MoneyTrackerApp.lib.module.js'.
         RelativePath 'js/transactions-utils.js' normalized to 'js/transactions-utils.js' found for candidate 'F:\OJT-Review\MoneyTrackerApp\Expense-Manager\MoneyTrackerApp\MoneyTrackerApp\wwwroot\js\transactions-utils.js' and will be used for matching.
         Skipping 'F:\OJT-Review\MoneyTrackerApp\Expense-Manager\MoneyTrackerApp\MoneyTrackerApp\wwwroot\js\transactions-utils.js' because the relative path 'js/transactions-utils.js' did not match the filter '**/MoneyTrackerApp.lib.module.js'.
         RelativePath 'js/vnpay-checkout.js' normalized to 'js/vnpay-checkout.js' found for candidate 'F:\OJT-Review\MoneyTrackerApp\Expense-Manager\MoneyTrackerApp\MoneyTrackerApp\wwwroot\js\vnpay-checkout.js' and will be used for matching.
         Skipping 'F:\OJT-Review\MoneyTrackerApp\Expense-Manager\MoneyTrackerApp\MoneyTrackerApp\wwwroot\js\vnpay-checkout.js' because the relative path 'js/vnpay-checkout.js' did not match the filter '**/MoneyTrackerApp.lib.module.js'.
         RelativePath 'js/wallet-detail.js' normalized to 'js/wallet-detail.js' found for candidate 'F:\OJT-Review\MoneyTrackerApp\Expense-Manager\MoneyTrackerApp\MoneyTrackerApp\wwwroot\js\wallet-detail.js' and will be used for matching.
         Skipping 'F:\OJT-Review\MoneyTrackerApp\Expense-Manager\MoneyTrackerApp\MoneyTrackerApp\wwwroot\js\wallet-detail.js' because the relative path 'js/wallet-detail.js' did not match the filter '**/MoneyTrackerApp.lib.module.js'.
         RelativePath 'js/wallet-page.js' normalized to 'js/wallet-page.js' found for candidate 'F:\OJT-Review\MoneyTrackerApp\Expense-Manager\MoneyTrackerApp\MoneyTrackerApp\wwwroot\js\wallet-page.js' and will be used for matching.
         Skipping 'F:\OJT-Review\MoneyTrackerApp\Expense-Manager\MoneyTrackerApp\MoneyTrackerApp\wwwroot\js\wallet-page.js' because the relative path 'js/wallet-page.js' did not match the filter '**/MoneyTrackerApp.lib.module.js'.
         RelativePath 'lib/bootstrap/dist/css/bootstrap-grid.css' normalized to 'lib/bootstrap/dist/css/bootstrap-grid.css' found for candidate 'F:\OJT-Review\MoneyTrackerApp\Expense-Manager\MoneyTrackerApp\MoneyTrackerApp\wwwroot\lib\bootstrap\dist\css\bootstrap-grid.css' and will be used for matching.
         Skipping 'F:\OJT-Review\MoneyTrackerApp\Expense-Manager\MoneyTrackerApp\MoneyTrackerApp\wwwroot\lib\bootstrap\dist\css\bootstrap-grid.css' because the relative path 'lib/bootstrap/dist/css/bootstrap-grid.css' did not match the filter '**/MoneyTrackerApp.lib.module.js'.
         RelativePath 'lib/bootstrap/dist/css/bootstrap-grid.css.map' normalized to 'lib/bootstrap/dist/css/bootstrap-grid.css.map' found for candidate 'F:\OJT-Review\MoneyTrackerApp\Expense-Manager\MoneyTrackerApp\MoneyTrackerApp\wwwroot\lib\bootstrap\dist\css\bootstrap-grid.css.map' and will be used for matching.
         Skipping 'F:\OJT-Review\MoneyTrackerApp\Expense-Manager\MoneyTrackerApp\MoneyTrackerApp\wwwroot\lib\bootstrap\dist\css\bootstrap-grid.css.map' because the relative path 'lib/bootstrap/dist/css/bootstrap-grid.css.map' did not match the filter '**/MoneyTrackerApp.lib.module.js'.
         RelativePath 'lib/bootstrap/dist/css/bootstrap-grid.min.css' normalized to 'lib/bootstrap/dist/css/bootstrap-grid.min.css' found for candidate 'F:\OJT-Review\MoneyTrackerApp\Expense-Manager\MoneyTrackerApp\MoneyTrackerApp\wwwroot\lib\bootstrap\dist\css\bootstrap-grid.min.css' and will be used for matching.
         Skipping 'F:\OJT-Review\MoneyTrackerApp\Expense-Manager\MoneyTrackerApp\MoneyTrackerApp\wwwroot\lib\bootstrap\dist\css\bootstrap-grid.min.css' because the relative path 'lib/bootstrap/dist/css/bootstrap-grid.min.css' did not match the filter '**/MoneyTrackerApp.lib.module.js'.
         RelativePath 'lib/bootstrap/dist/css/bootstrap-grid.min.css.map' normalized to 'lib/bootstrap/dist/css/bootstrap-grid.min.css.map' found for candidate 'F:\OJT-Review\MoneyTrackerApp\Expense-Manager\MoneyTrackerApp\MoneyTrackerApp\wwwroot\lib\bootstrap\dist\css\bootstrap-grid.min.css.map' and will be used for matching.
         Skipping 'F:\OJT-Review\MoneyTrackerApp\Expense-Manager\MoneyTrackerApp\MoneyTrackerApp\wwwroot\lib\bootstrap\dist\css\bootstrap-grid.min.css.map' because the relative path 'lib/bootstrap/dist/css/bootstrap-grid.min.css.map' did not match the filter '**/MoneyTrackerApp.lib.module.js'.
         RelativePath 'lib/bootstrap/dist/css/bootstrap-grid.rtl.css' normalized to 'lib/bootstrap/dist/css/bootstrap-grid.rtl.css' found for candidate 'F:\OJT-Review\MoneyTrackerApp\Expense-Manager\MoneyTrackerApp\MoneyTrackerApp\wwwroot\lib\bootstrap\dist\css\bootstrap-grid.rtl.css' and will be used for matching.
         Skipping 'F:\OJT-Review\MoneyTrackerApp\Expense-Manager\MoneyTrackerApp\MoneyTrackerApp\wwwroot\lib\bootstrap\dist\css\bootstrap-grid.rtl.css' because the relative path 'lib/bootstrap/dist/css/bootstrap-grid.rtl.css' did not match the filter '**/MoneyTrackerApp.lib.module.js'.
         RelativePath 'lib/bootstrap/dist/css/bootstrap-grid.rtl.css.map' normalized to 'lib/bootstrap/dist/css/bootstrap-grid.rtl.css.map' found for candidate 'F:\OJT-Review\MoneyTrackerApp\Expense-Manager\MoneyTrackerApp\MoneyTrackerApp\wwwroot\lib\bootstrap\dist\css\bootstrap-grid.rtl.css.map' and will be used for matching.
         Skipping 'F:\OJT-Review\MoneyTrackerApp\Expense-Manager\MoneyTrackerApp\MoneyTrackerApp\wwwroot\lib\bootstrap\dist\css\bootstrap-grid.rtl.css.map' because the relative path 'lib/bootstrap/dist/css/bootstrap-grid.rtl.css.map' did not match the filter '**/MoneyTrackerApp.lib.module.js'.
         RelativePath 'lib/bootstrap/dist/css/bootstrap-grid.rtl.min.css' normalized to 'lib/bootstrap/dist/css/bootstrap-grid.rtl.min.css' found for candidate 'F:\OJT-Review\MoneyTrackerApp\Expense-Manager\MoneyTrackerApp\MoneyTrackerApp\wwwroot\lib\bootstrap\dist\css\bootstrap-grid.rtl.min.css' and will be used for matching.
         Skipping 'F:\OJT-Review\MoneyTrackerApp\Expense-Manager\MoneyTrackerApp\MoneyTrackerApp\wwwroot\lib\bootstrap\dist\css\bootstrap-grid.rtl.min.css' because the relative path 'lib/bootstrap/dist/css/bootstrap-grid.rtl.min.css' did not match the filter '**/MoneyTrackerApp.lib.module.js'.
         RelativePath 'lib/bootstrap/dist/css/bootstrap-grid.rtl.min.css.map' normalized to 'lib/bootstrap/dist/css/bootstrap-grid.rtl.min.css.map' found for candidate 'F:\OJT-Review\MoneyTrackerApp\Expense-Manager\MoneyTrackerApp\MoneyTrackerApp\wwwroot\lib\bootstrap\dist\css\bootstrap-grid.rtl.min.css.map' and will be used for matching.
         Skipping 'F:\OJT-Review\MoneyTrackerApp\Expense-Manager\MoneyTrackerApp\MoneyTrackerApp\wwwroot\lib\bootstrap\dist\css\bootstrap-grid.rtl.min.css.map' because the relative path 'lib/bootstrap/dist/css/bootstrap-grid.rtl.min.css.map' did not match the filter '**/MoneyTrackerApp.lib.module.js'.
         RelativePath 'lib/bootstrap/dist/css/bootstrap-reboot.css' normalized to 'lib/bootstrap/dist/css/bootstrap-reboot.css' found for candidate 'F:\OJT-Review\MoneyTrackerApp\Expense-Manager\MoneyTrackerApp\MoneyTrackerApp\wwwroot\lib\bootstrap\dist\css\bootstrap-reboot.css' and will be used for matching.
         Skipping 'F:\OJT-Review\MoneyTrackerApp\Expense-Manager\MoneyTrackerApp\MoneyTrackerApp\wwwroot\lib\bootstrap\dist\css\bootstrap-reboot.css' because the relative path 'lib/bootstrap/dist/css/bootstrap-reboot.css' did not match the filter '**/MoneyTrackerApp.lib.module.js'.
         RelativePath 'lib/bootstrap/dist/css/bootstrap-reboot.css.map' normalized to 'lib/bootstrap/dist/css/bootstrap-reboot.css.map' found for candidate 'F:\OJT-Review\MoneyTrackerApp\Expense-Manager\MoneyTrackerApp\MoneyTrackerApp\wwwroot\lib\bootstrap\dist\css\bootstrap-reboot.css.map' and will be used for matching.
         Skipping 'F:\OJT-Review\MoneyTrackerApp\Expense-Manager\MoneyTrackerApp\MoneyTrackerApp\wwwroot\lib\bootstrap\dist\css\bootstrap-reboot.css.map' because the relative path 'lib/bootstrap/dist/css/bootstrap-reboot.css.map' did not match the filter '**/MoneyTrackerApp.lib.module.js'.
         RelativePath 'lib/bootstrap/dist/css/bootstrap-reboot.min.css' normalized to 'lib/bootstrap/dist/css/bootstrap-reboot.min.css' found for candidate 'F:\OJT-Review\MoneyTrackerApp\Expense-Manager\MoneyTrackerApp\MoneyTrackerApp\wwwroot\lib\bootstrap\dist\css\bootstrap-reboot.min.css' and will be used for matching.
         Skipping 'F:\OJT-Review\MoneyTrackerApp\Expense-Manager\MoneyTrackerApp\MoneyTrackerApp\wwwroot\lib\bootstrap\dist\css\bootstrap-reboot.min.css' because the relative path 'lib/bootstrap/dist/css/bootstrap-reboot.min.css' did not match the filter '**/MoneyTrackerApp.lib.module.js'.
         RelativePath 'lib/bootstrap/dist/css/bootstrap-reboot.min.css.map' normalized to 'lib/bootstrap/dist/css/bootstrap-reboot.min.css.map' found for candidate 'F:\OJT-Review\MoneyTrackerApp\Expense-Manager\MoneyTrackerApp\MoneyTrackerApp\wwwroot\lib\bootstrap\dist\css\bootstrap-reboot.min.css.map' and will be used for matching.
         Skipping 'F:\OJT-Review\MoneyTrackerApp\Expense-Manager\MoneyTrackerApp\MoneyTrackerApp\wwwroot\lib\bootstrap\dist\css\bootstrap-reboot.min.css.map' because the relative path 'lib/bootstrap/dist/css/bootstrap-reboot.min.css.map' did not match the filter '**/MoneyTrackerApp.lib.module.js'.
         RelativePath 'lib/bootstrap/dist/css/bootstrap-reboot.rtl.css' normalized to 'lib/bootstrap/dist/css/bootstrap-reboot.rtl.css' found for candidate 'F:\OJT-Review\MoneyTrackerApp\Expense-Manager\MoneyTrackerApp\MoneyTrackerApp\wwwroot\lib\bootstrap\dist\css\bootstrap-reboot.rtl.css' and will be used for matching.
         Skipping 'F:\OJT-Review\MoneyTrackerApp\Expense-Manager\MoneyTrackerApp\MoneyTrackerApp\wwwroot\lib\bootstrap\dist\css\bootstrap-reboot.rtl.css' because the relative path 'lib/bootstrap/dist/css/bootstrap-reboot.rtl.css' did not match the filter '**/MoneyTrackerApp.lib.module.js'.
         RelativePath 'lib/bootstrap/dist/css/bootstrap-reboot.rtl.css.map' normalized to 'lib/bootstrap/dist/css/bootstrap-reboot.rtl.css.map' found for candidate 'F:\OJT-Review\MoneyTrackerApp\Expense-Manager\MoneyTrackerApp\MoneyTrackerApp\wwwroot\lib\bootstrap\dist\css\bootstrap-reboot.rtl.css.map' and will be used for matching.
         Skipping 'F:\OJT-Review\MoneyTrackerApp\Expense-Manager\MoneyTrackerApp\MoneyTrackerApp\wwwroot\lib\bootstrap\dist\css\bootstrap-reboot.rtl.css.map' because the relative path 'lib/bootstrap/dist/css/bootstrap-reboot.rtl.css.map' did not match the filter '**/MoneyTrackerApp.lib.module.js'.
         RelativePath 'lib/bootstrap/dist/css/bootstrap-reboot.rtl.min.css' normalized to 'lib/bootstrap/dist/css/bootstrap-reboot.rtl.min.css' found for candidate 'F:\OJT-Review\MoneyTrackerApp\Expense-Manager\MoneyTrackerApp\MoneyTrackerApp\wwwroot\lib\bootstrap\dist\css\bootstrap-reboot.rtl.min.css' and will be used for matching.
         Skipping 'F:\OJT-Review\MoneyTrackerApp\Expense-Manager\MoneyTrackerApp\MoneyTrackerApp\wwwroot\lib\bootstrap\dist\css\bootstrap-reboot.rtl.min.css' because the relative path 'lib/bootstrap/dist/css/bootstrap-reboot.rtl.min.css' did not match the filter '**/MoneyTrackerApp.lib.module.js'.
         RelativePath 'lib/bootstrap/dist/css/bootstrap-reboot.rtl.min.css.map' normalized to 'lib/bootstrap/dist/css/bootstrap-reboot.rtl.min.css.map' found for candidate 'F:\OJT-Review\MoneyTrackerApp\Expense-Manager\MoneyTrackerApp\MoneyTrackerApp\wwwroot\lib\bootstrap\dist\css\bootstrap-reboot.rtl.min.css.map' and will be used for matching.
         Skipping 'F:\OJT-Review\MoneyTrackerApp\Expense-Manager\MoneyTrackerApp\MoneyTrackerApp\wwwroot\lib\bootstrap\dist\css\bootstrap-reboot.rtl.min.css.map' because the relative path 'lib/bootstrap/dist/css/bootstrap-reboot.rtl.min.css.map' did not match the filter '**/MoneyTrackerApp.lib.module.js'.
         RelativePath 'lib/bootstrap/dist/css/bootstrap-utilities.css' normalized to 'lib/bootstrap/dist/css/bootstrap-utilities.css' found for candidate 'F:\OJT-Review\MoneyTrackerApp\Expense-Manager\MoneyTrackerApp\MoneyTrackerApp\wwwroot\lib\bootstrap\dist\css\bootstrap-utilities.css' and will be used for matching.
         Skipping 'F:\OJT-Review\MoneyTrackerApp\Expense-Manager\MoneyTrackerApp\MoneyTrackerApp\wwwroot\lib\bootstrap\dist\css\bootstrap-utilities.css' because the relative path 'lib/bootstrap/dist/css/bootstrap-utilities.css' did not match the filter '**/MoneyTrackerApp.lib.module.js'.
         RelativePath 'lib/bootstrap/dist/css/bootstrap-utilities.css.map' normalized to 'lib/bootstrap/dist/css/bootstrap-utilities.css.map' found for candidate 'F:\OJT-Review\MoneyTrackerApp\Expense-Manager\MoneyTrackerApp\MoneyTrackerApp\wwwroot\lib\bootstrap\dist\css\bootstrap-utilities.css.map' and will be used for matching.
         Skipping 'F:\OJT-Review\MoneyTrackerApp\Expense-Manager\MoneyTrackerApp\MoneyTrackerApp\wwwroot\lib\bootstrap\dist\css\bootstrap-utilities.css.map' because the relative path 'lib/bootstrap/dist/css/bootstrap-utilities.css.map' did not match the filter '**/MoneyTrackerApp.lib.module.js'.
         RelativePath 'lib/bootstrap/dist/css/bootstrap-utilities.min.css' normalized to 'lib/bootstrap/dist/css/bootstrap-utilities.min.css' found for candidate 'F:\OJT-Review\MoneyTrackerApp\Expense-Manager\MoneyTrackerApp\MoneyTrackerApp\wwwroot\lib\bootstrap\dist\css\bootstrap-utilities.min.css' and will be used for matching.
         Skipping 'F:\OJT-Review\MoneyTrackerApp\Expense-Manager\MoneyTrackerApp\MoneyTrackerApp\wwwroot\lib\bootstrap\dist\css\bootstrap-utilities.min.css' because the relative path 'lib/bootstrap/dist/css/bootstrap-utilities.min.css' did not match the filter '**/MoneyTrackerApp.lib.module.js'.
         RelativePath 'lib/bootstrap/dist/css/bootstrap-utilities.min.css.map' normalized to 'lib/bootstrap/dist/css/bootstrap-utilities.min.css.map' found for candidate 'F:\OJT-Review\MoneyTrackerApp\Expense-Manager\MoneyTrackerApp\MoneyTrackerApp\wwwroot\lib\bootstrap\dist\css\bootstrap-utilities.min.css.map' and will be used for matching.
         Skipping 'F:\OJT-Review\MoneyTrackerApp\Expense-Manager\MoneyTrackerApp\MoneyTrackerApp\wwwroot\lib\bootstrap\dist\css\bootstrap-utilities.min.css.map' because the relative path 'lib/bootstrap/dist/css/bootstrap-utilities.min.css.map' did not match the filter '**/MoneyTrackerApp.lib.module.js'.
         RelativePath 'lib/bootstrap/dist/css/bootstrap-utilities.rtl.css' normalized to 'lib/bootstrap/dist/css/bootstrap-utilities.rtl.css' found for candidate 'F:\OJT-Review\MoneyTrackerApp\Expense-Manager\MoneyTrackerApp\MoneyTrackerApp\wwwroot\lib\bootstrap\dist\css\bootstrap-utilities.rtl.css' and will be used for matching.
         Skipping 'F:\OJT-Review\MoneyTrackerApp\Expense-Manager\MoneyTrackerApp\MoneyTrackerApp\wwwroot\lib\bootstrap\dist\css\bootstrap-utilities.rtl.css' because the relative path 'lib/bootstrap/dist/css/bootstrap-utilities.rtl.css' did not match the filter '**/MoneyTrackerApp.lib.module.js'.
         RelativePath 'lib/bootstrap/dist/css/bootstrap-utilities.rtl.css.map' normalized to 'lib/bootstrap/dist/css/bootstrap-utilities.rtl.css.map' found for candidate 'F:\OJT-Review\MoneyTrackerApp\Expense-Manager\MoneyTrackerApp\MoneyTrackerApp\wwwroot\lib\bootstrap\dist\css\bootstrap-utilities.rtl.css.map' and will be used for matching.
         Skipping 'F:\OJT-Review\MoneyTrackerApp\Expense-Manager\MoneyTrackerApp\MoneyTrackerApp\wwwroot\lib\bootstrap\dist\css\bootstrap-utilities.rtl.css.map' because the relative path 'lib/bootstrap/dist/css/bootstrap-utilities.rtl.css.map' did not match the filter '**/MoneyTrackerApp.lib.module.js'.
         RelativePath 'lib/bootstrap/dist/css/bootstrap-utilities.rtl.min.css' normalized to 'lib/bootstrap/dist/css/bootstrap-utilities.rtl.min.css' found for candidate 'F:\OJT-Review\MoneyTrackerApp\Expense-Manager\MoneyTrackerApp\MoneyTrackerApp\wwwroot\lib\bootstrap\dist\css\bootstrap-utilities.rtl.min.css' and will be used for matching.
         Skipping 'F:\OJT-Review\MoneyTrackerApp\Expense-Manager\MoneyTrackerApp\MoneyTrackerApp\wwwroot\lib\bootstrap\dist\css\bootstrap-utilities.rtl.min.css' because the relative path 'lib/bootstrap/dist/css/bootstrap-utilities.rtl.min.css' did not match the filter '**/MoneyTrackerApp.lib.module.js'.
         RelativePath 'lib/bootstrap/dist/css/bootstrap-utilities.rtl.min.css.map' normalized to 'lib/bootstrap/dist/css/bootstrap-utilities.rtl.min.css.map' found for candidate 'F:\OJT-Review\MoneyTrackerApp\Expense-Manager\MoneyTrackerApp\MoneyTrackerApp\wwwroot\lib\bootstrap\dist\css\bootstrap-utilities.rtl.min.css.map' and will be used for matching.
         Skipping 'F:\OJT-Review\MoneyTrackerApp\Expense-Manager\MoneyTrackerApp\MoneyTrackerApp\wwwroot\lib\bootstrap\dist\css\bootstrap-utilities.rtl.min.css.map' because the relative path 'lib/bootstrap/dist/css/bootstrap-utilities.rtl.min.css.map' did not match the filter '**/MoneyTrackerApp.lib.module.js'.
         RelativePath 'lib/bootstrap/dist/css/bootstrap.css' normalized to 'lib/bootstrap/dist/css/bootstrap.css' found for candidate 'F:\OJT-Review\MoneyTrackerApp\Expense-Manager\MoneyTrackerApp\MoneyTrackerApp\wwwroot\lib\bootstrap\dist\css\bootstrap.css' and will be used for matching.
         Skipping 'F:\OJT-Review\MoneyTrackerApp\Expense-Manager\MoneyTrackerApp\MoneyTrackerApp\wwwroot\lib\bootstrap\dist\css\bootstrap.css' because the relative path 'lib/bootstrap/dist/css/bootstrap.css' did not match the filter '**/MoneyTrackerApp.lib.module.js'.
         RelativePath 'lib/bootstrap/dist/css/bootstrap.css.map' normalized to 'lib/bootstrap/dist/css/bootstrap.css.map' found for candidate 'F:\OJT-Review\MoneyTrackerApp\Expense-Manager\MoneyTrackerApp\MoneyTrackerApp\wwwroot\lib\bootstrap\dist\css\bootstrap.css.map' and will be used for matching.
         Skipping 'F:\OJT-Review\MoneyTrackerApp\Expense-Manager\MoneyTrackerApp\MoneyTrackerApp\wwwroot\lib\bootstrap\dist\css\bootstrap.css.map' because the relative path 'lib/bootstrap/dist/css/bootstrap.css.map' did not match the filter '**/MoneyTrackerApp.lib.module.js'.
         RelativePath 'lib/bootstrap/dist/css/bootstrap.min.css' normalized to 'lib/bootstrap/dist/css/bootstrap.min.css' found for candidate 'F:\OJT-Review\MoneyTrackerApp\Expense-Manager\MoneyTrackerApp\MoneyTrackerApp\wwwroot\lib\bootstrap\dist\css\bootstrap.min.css' and will be used for matching.
         Skipping 'F:\OJT-Review\MoneyTrackerApp\Expense-Manager\MoneyTrackerApp\MoneyTrackerApp\wwwroot\lib\bootstrap\dist\css\bootstrap.min.css' because the relative path 'lib/bootstrap/dist/css/bootstrap.min.css' did not match the filter '**/MoneyTrackerApp.lib.module.js'.
         RelativePath 'lib/bootstrap/dist/css/bootstrap.min.css.map' normalized to 'lib/bootstrap/dist/css/bootstrap.min.css.map' found for candidate 'F:\OJT-Review\MoneyTrackerApp\Expense-Manager\MoneyTrackerApp\MoneyTrackerApp\wwwroot\lib\bootstrap\dist\css\bootstrap.min.css.map' and will be used for matching.
         Skipping 'F:\OJT-Review\MoneyTrackerApp\Expense-Manager\MoneyTrackerApp\MoneyTrackerApp\wwwroot\lib\bootstrap\dist\css\bootstrap.min.css.map' because the relative path 'lib/bootstrap/dist/css/bootstrap.min.css.map' did not match the filter '**/MoneyTrackerApp.lib.module.js'.
         RelativePath 'lib/bootstrap/dist/css/bootstrap.rtl.css' normalized to 'lib/bootstrap/dist/css/bootstrap.rtl.css' found for candidate 'F:\OJT-Review\MoneyTrackerApp\Expense-Manager\MoneyTrackerApp\MoneyTrackerApp\wwwroot\lib\bootstrap\dist\css\bootstrap.rtl.css' and will be used for matching.
         Skipping 'F:\OJT-Review\MoneyTrackerApp\Expense-Manager\MoneyTrackerApp\MoneyTrackerApp\wwwroot\lib\bootstrap\dist\css\bootstrap.rtl.css' because the relative path 'lib/bootstrap/dist/css/bootstrap.rtl.css' did not match the filter '**/MoneyTrackerApp.lib.module.js'.
         RelativePath 'lib/bootstrap/dist/css/bootstrap.rtl.css.map' normalized to 'lib/bootstrap/dist/css/bootstrap.rtl.css.map' found for candidate 'F:\OJT-Review\MoneyTrackerApp\Expense-Manager\MoneyTrackerApp\MoneyTrackerApp\wwwroot\lib\bootstrap\dist\css\bootstrap.rtl.css.map' and will be used for matching.
         Skipping 'F:\OJT-Review\MoneyTrackerApp\Expense-Manager\MoneyTrackerApp\MoneyTrackerApp\wwwroot\lib\bootstrap\dist\css\bootstrap.rtl.css.map' because the relative path 'lib/bootstrap/dist/css/bootstrap.rtl.css.map' did not match the filter '**/MoneyTrackerApp.lib.module.js'.
         RelativePath 'lib/bootstrap/dist/css/bootstrap.rtl.min.css' normalized to 'lib/bootstrap/dist/css/bootstrap.rtl.min.css' found for candidate 'F:\OJT-Review\MoneyTrackerApp\Expense-Manager\MoneyTrackerApp\MoneyTrackerApp\wwwroot\lib\bootstrap\dist\css\bootstrap.rtl.min.css' and will be used for matching.
         Skipping 'F:\OJT-Review\MoneyTrackerApp\Expense-Manager\MoneyTrackerApp\MoneyTrackerApp\wwwroot\lib\bootstrap\dist\css\bootstrap.rtl.min.css' because the relative path 'lib/bootstrap/dist/css/bootstrap.rtl.min.css' did not match the filter '**/MoneyTrackerApp.lib.module.js'.
         RelativePath 'lib/bootstrap/dist/css/bootstrap.rtl.min.css.map' normalized to 'lib/bootstrap/dist/css/bootstrap.rtl.min.css.map' found for candidate 'F:\OJT-Review\MoneyTrackerApp\Expense-Manager\MoneyTrackerApp\MoneyTrackerApp\wwwroot\lib\bootstrap\dist\css\bootstrap.rtl.min.css.map' and will be used for matching.
         Skipping 'F:\OJT-Review\MoneyTrackerApp\Expense-Manager\MoneyTrackerApp\MoneyTrackerApp\wwwroot\lib\bootstrap\dist\css\bootstrap.rtl.min.css.map' because the relative path 'lib/bootstrap/dist/css/bootstrap.rtl.min.css.map' did not match the filter '**/MoneyTrackerApp.lib.module.js'.
         RelativePath 'lib/bootstrap/dist/js/bootstrap.bundle.js' normalized to 'lib/bootstrap/dist/js/bootstrap.bundle.js' found for candidate 'F:\OJT-Review\MoneyTrackerApp\Expense-Manager\MoneyTrackerApp\MoneyTrackerApp\wwwroot\lib\bootstrap\dist\js\bootstrap.bundle.js' and will be used for matching.
         Skipping 'F:\OJT-Review\MoneyTrackerApp\Expense-Manager\MoneyTrackerApp\MoneyTrackerApp\wwwroot\lib\bootstrap\dist\js\bootstrap.bundle.js' because the relative path 'lib/bootstrap/dist/js/bootstrap.bundle.js' did not match the filter '**/MoneyTrackerApp.lib.module.js'.
         RelativePath 'lib/bootstrap/dist/js/bootstrap.bundle.js.map' normalized to 'lib/bootstrap/dist/js/bootstrap.bundle.js.map' found for candidate 'F:\OJT-Review\MoneyTrackerApp\Expense-Manager\MoneyTrackerApp\MoneyTrackerApp\wwwroot\lib\bootstrap\dist\js\bootstrap.bundle.js.map' and will be used for matching.
         Skipping 'F:\OJT-Review\MoneyTrackerApp\Expense-Manager\MoneyTrackerApp\MoneyTrackerApp\wwwroot\lib\bootstrap\dist\js\bootstrap.bundle.js.map' because the relative path 'lib/bootstrap/dist/js/bootstrap.bundle.js.map' did not match the filter '**/MoneyTrackerApp.lib.module.js'.
         RelativePath 'lib/bootstrap/dist/js/bootstrap.bundle.min.js' normalized to 'lib/bootstrap/dist/js/bootstrap.bundle.min.js' found for candidate 'F:\OJT-Review\MoneyTrackerApp\Expense-Manager\MoneyTrackerApp\MoneyTrackerApp\wwwroot\lib\bootstrap\dist\js\bootstrap.bundle.min.js' and will be used for matching.
         Skipping 'F:\OJT-Review\MoneyTrackerApp\Expense-Manager\MoneyTrackerApp\MoneyTrackerApp\wwwroot\lib\bootstrap\dist\js\bootstrap.bundle.min.js' because the relative path 'lib/bootstrap/dist/js/bootstrap.bundle.min.js' did not match the filter '**/MoneyTrackerApp.lib.module.js'.
         RelativePath 'lib/bootstrap/dist/js/bootstrap.bundle.min.js.map' normalized to 'lib/bootstrap/dist/js/bootstrap.bundle.min.js.map' found for candidate 'F:\OJT-Review\MoneyTrackerApp\Expense-Manager\MoneyTrackerApp\MoneyTrackerApp\wwwroot\lib\bootstrap\dist\js\bootstrap.bundle.min.js.map' and will be used for matching.
         Skipping 'F:\OJT-Review\MoneyTrackerApp\Expense-Manager\MoneyTrackerApp\MoneyTrackerApp\wwwroot\lib\bootstrap\dist\js\bootstrap.bundle.min.js.map' because the relative path 'lib/bootstrap/dist/js/bootstrap.bundle.min.js.map' did not match the filter '**/MoneyTrackerApp.lib.module.js'.
         RelativePath 'lib/bootstrap/dist/js/bootstrap.esm.js' normalized to 'lib/bootstrap/dist/js/bootstrap.esm.js' found for candidate 'F:\OJT-Review\MoneyTrackerApp\Expense-Manager\MoneyTrackerApp\MoneyTrackerApp\wwwroot\lib\bootstrap\dist\js\bootstrap.esm.js' and will be used for matching.
         Skipping 'F:\OJT-Review\MoneyTrackerApp\Expense-Manager\MoneyTrackerApp\MoneyTrackerApp\wwwroot\lib\bootstrap\dist\js\bootstrap.esm.js' because the relative path 'lib/bootstrap/dist/js/bootstrap.esm.js' did not match the filter '**/MoneyTrackerApp.lib.module.js'.
         RelativePath 'lib/bootstrap/dist/js/bootstrap.esm.js.map' normalized to 'lib/bootstrap/dist/js/bootstrap.esm.js.map' found for candidate 'F:\OJT-Review\MoneyTrackerApp\Expense-Manager\MoneyTrackerApp\MoneyTrackerApp\wwwroot\lib\bootstrap\dist\js\bootstrap.esm.js.map' and will be used for matching.
         Skipping 'F:\OJT-Review\MoneyTrackerApp\Expense-Manager\MoneyTrackerApp\MoneyTrackerApp\wwwroot\lib\bootstrap\dist\js\bootstrap.esm.js.map' because the relative path 'lib/bootstrap/dist/js/bootstrap.esm.js.map' did not match the filter '**/MoneyTrackerApp.lib.module.js'.
         RelativePath 'lib/bootstrap/dist/js/bootstrap.esm.min.js' normalized to 'lib/bootstrap/dist/js/bootstrap.esm.min.js' found for candidate 'F:\OJT-Review\MoneyTrackerApp\Expense-Manager\MoneyTrackerApp\MoneyTrackerApp\wwwroot\lib\bootstrap\dist\js\bootstrap.esm.min.js' and will be used for matching.
         Skipping 'F:\OJT-Review\MoneyTrackerApp\Expense-Manager\MoneyTrackerApp\MoneyTrackerApp\wwwroot\lib\bootstrap\dist\js\bootstrap.esm.min.js' because the relative path 'lib/bootstrap/dist/js/bootstrap.esm.min.js' did not match the filter '**/MoneyTrackerApp.lib.module.js'.
         RelativePath 'lib/bootstrap/dist/js/bootstrap.esm.min.js.map' normalized to 'lib/bootstrap/dist/js/bootstrap.esm.min.js.map' found for candidate 'F:\OJT-Review\MoneyTrackerApp\Expense-Manager\MoneyTrackerApp\MoneyTrackerApp\wwwroot\lib\bootstrap\dist\js\bootstrap.esm.min.js.map' and will be used for matching.
         Skipping 'F:\OJT-Review\MoneyTrackerApp\Expense-Manager\MoneyTrackerApp\MoneyTrackerApp\wwwroot\lib\bootstrap\dist\js\bootstrap.esm.min.js.map' because the relative path 'lib/bootstrap/dist/js/bootstrap.esm.min.js.map' did not match the filter '**/MoneyTrackerApp.lib.module.js'.
         RelativePath 'lib/bootstrap/dist/js/bootstrap.js' normalized to 'lib/bootstrap/dist/js/bootstrap.js' found for candidate 'F:\OJT-Review\MoneyTrackerApp\Expense-Manager\MoneyTrackerApp\MoneyTrackerApp\wwwroot\lib\bootstrap\dist\js\bootstrap.js' and will be used for matching.
         Skipping 'F:\OJT-Review\MoneyTrackerApp\Expense-Manager\MoneyTrackerApp\MoneyTrackerApp\wwwroot\lib\bootstrap\dist\js\bootstrap.js' because the relative path 'lib/bootstrap/dist/js/bootstrap.js' did not match the filter '**/MoneyTrackerApp.lib.module.js'.
         RelativePath 'lib/bootstrap/dist/js/bootstrap.js.map' normalized to 'lib/bootstrap/dist/js/bootstrap.js.map' found for candidate 'F:\OJT-Review\MoneyTrackerApp\Expense-Manager\MoneyTrackerApp\MoneyTrackerApp\wwwroot\lib\bootstrap\dist\js\bootstrap.js.map' and will be used for matching.
         Skipping 'F:\OJT-Review\MoneyTrackerApp\Expense-Manager\MoneyTrackerApp\MoneyTrackerApp\wwwroot\lib\bootstrap\dist\js\bootstrap.js.map' because the relative path 'lib/bootstrap/dist/js/bootstrap.js.map' did not match the filter '**/MoneyTrackerApp.lib.module.js'.
         RelativePath 'lib/bootstrap/dist/js/bootstrap.min.js' normalized to 'lib/bootstrap/dist/js/bootstrap.min.js' found for candidate 'F:\OJT-Review\MoneyTrackerApp\Expense-Manager\MoneyTrackerApp\MoneyTrackerApp\wwwroot\lib\bootstrap\dist\js\bootstrap.min.js' and will be used for matching.
         Skipping 'F:\OJT-Review\MoneyTrackerApp\Expense-Manager\MoneyTrackerApp\MoneyTrackerApp\wwwroot\lib\bootstrap\dist\js\bootstrap.min.js' because the relative path 'lib/bootstrap/dist/js/bootstrap.min.js' did not match the filter '**/MoneyTrackerApp.lib.module.js'.
         RelativePath 'lib/bootstrap/dist/js/bootstrap.min.js.map' normalized to 'lib/bootstrap/dist/js/bootstrap.min.js.map' found for candidate 'F:\OJT-Review\MoneyTrackerApp\Expense-Manager\MoneyTrackerApp\MoneyTrackerApp\wwwroot\lib\bootstrap\dist\js\bootstrap.min.js.map' and will be used for matching.
         Skipping 'F:\OJT-Review\MoneyTrackerApp\Expense-Manager\MoneyTrackerApp\MoneyTrackerApp\wwwroot\lib\bootstrap\dist\js\bootstrap.min.js.map' because the relative path 'lib/bootstrap/dist/js/bootstrap.min.js.map' did not match the filter '**/MoneyTrackerApp.lib.module.js'.
         RelativePath 'lib/bootstrap/LICENSE' normalized to 'lib/bootstrap/LICENSE' found for candidate 'F:\OJT-Review\MoneyTrackerApp\Expense-Manager\MoneyTrackerApp\MoneyTrackerApp\wwwroot\lib\bootstrap\LICENSE' and will be used for matching.
         Skipping 'F:\OJT-Review\MoneyTrackerApp\Expense-Manager\MoneyTrackerApp\MoneyTrackerApp\wwwroot\lib\bootstrap\LICENSE' because the relative path 'lib/bootstrap/LICENSE' did not match the filter '**/MoneyTrackerApp.lib.module.js'.
         RelativePath 'lib/jquery-validation-unobtrusive/jquery.validate.unobtrusive.js' normalized to 'lib/jquery-validation-unobtrusive/jquery.validate.unobtrusive.js' found for candidate 'F:\OJT-Review\MoneyTrackerApp\Expense-Manager\MoneyTrackerApp\MoneyTrackerApp\wwwroot\lib\jquery-validation-unobtrusive\jquery.validate.unobtrusive.js' and will be used for matching.
         Skipping 'F:\OJT-Review\MoneyTrackerApp\Expense-Manager\MoneyTrackerApp\MoneyTrackerApp\wwwroot\lib\jquery-validation-unobtrusive\jquery.validate.unobtrusive.js' because the relative path 'lib/jquery-validation-unobtrusive/jquery.validate.unobtrusive.js' did not match the filter '**/MoneyTrackerApp.lib.module.js'.
         RelativePath 'lib/jquery-validation-unobtrusive/jquery.validate.unobtrusive.min.js' normalized to 'lib/jquery-validation-unobtrusive/jquery.validate.unobtrusive.min.js' found for candidate 'F:\OJT-Review\MoneyTrackerApp\Expense-Manager\MoneyTrackerApp\MoneyTrackerApp\wwwroot\lib\jquery-validation-unobtrusive\jquery.validate.unobtrusive.min.js' and will be used for matching.
         Skipping 'F:\OJT-Review\MoneyTrackerApp\Expense-Manager\MoneyTrackerApp\MoneyTrackerApp\wwwroot\lib\jquery-validation-unobtrusive\jquery.validate.unobtrusive.min.js' because the relative path 'lib/jquery-validation-unobtrusive/jquery.validate.unobtrusive.min.js' did not match the filter '**/MoneyTrackerApp.lib.module.js'.
         RelativePath 'lib/jquery-validation-unobtrusive/LICENSE.txt' normalized to 'lib/jquery-validation-unobtrusive/LICENSE.txt' found for candidate 'F:\OJT-Review\MoneyTrackerApp\Expense-Manager\MoneyTrackerApp\MoneyTrackerApp\wwwroot\lib\jquery-validation-unobtrusive\LICENSE.txt' and will be used for matching.
         Skipping 'F:\OJT-Review\MoneyTrackerApp\Expense-Manager\MoneyTrackerApp\MoneyTrackerApp\wwwroot\lib\jquery-validation-unobtrusive\LICENSE.txt' because the relative path 'lib/jquery-validation-unobtrusive/LICENSE.txt' did not match the filter '**/MoneyTrackerApp.lib.module.js'.
         RelativePath 'lib/jquery-validation/dist/additional-methods.js' normalized to 'lib/jquery-validation/dist/additional-methods.js' found for candidate 'F:\OJT-Review\MoneyTrackerApp\Expense-Manager\MoneyTrackerApp\MoneyTrackerApp\wwwroot\lib\jquery-validation\dist\additional-methods.js' and will be used for matching.
         Skipping 'F:\OJT-Review\MoneyTrackerApp\Expense-Manager\MoneyTrackerApp\MoneyTrackerApp\wwwroot\lib\jquery-validation\dist\additional-methods.js' because the relative path 'lib/jquery-validation/dist/additional-methods.js' did not match the filter '**/MoneyTrackerApp.lib.module.js'.
         RelativePath 'lib/jquery-validation/dist/additional-methods.min.js' normalized to 'lib/jquery-validation/dist/additional-methods.min.js' found for candidate 'F:\OJT-Review\MoneyTrackerApp\Expense-Manager\MoneyTrackerApp\MoneyTrackerApp\wwwroot\lib\jquery-validation\dist\additional-methods.min.js' and will be used for matching.
         Skipping 'F:\OJT-Review\MoneyTrackerApp\Expense-Manager\MoneyTrackerApp\MoneyTrackerApp\wwwroot\lib\jquery-validation\dist\additional-methods.min.js' because the relative path 'lib/jquery-validation/dist/additional-methods.min.js' did not match the filter '**/MoneyTrackerApp.lib.module.js'.
         RelativePath 'lib/jquery-validation/dist/jquery.validate.js' normalized to 'lib/jquery-validation/dist/jquery.validate.js' found for candidate 'F:\OJT-Review\MoneyTrackerApp\Expense-Manager\MoneyTrackerApp\MoneyTrackerApp\wwwroot\lib\jquery-validation\dist\jquery.validate.js' and will be used for matching.
         Skipping 'F:\OJT-Review\MoneyTrackerApp\Expense-Manager\MoneyTrackerApp\MoneyTrackerApp\wwwroot\lib\jquery-validation\dist\jquery.validate.js' because the relative path 'lib/jquery-validation/dist/jquery.validate.js' did not match the filter '**/MoneyTrackerApp.lib.module.js'.
         RelativePath 'lib/jquery-validation/dist/jquery.validate.min.js' normalized to 'lib/jquery-validation/dist/jquery.validate.min.js' found for candidate 'F:\OJT-Review\MoneyTrackerApp\Expense-Manager\MoneyTrackerApp\MoneyTrackerApp\wwwroot\lib\jquery-validation\dist\jquery.validate.min.js' and will be used for matching.
         Skipping 'F:\OJT-Review\MoneyTrackerApp\Expense-Manager\MoneyTrackerApp\MoneyTrackerApp\wwwroot\lib\jquery-validation\dist\jquery.validate.min.js' because the relative path 'lib/jquery-validation/dist/jquery.validate.min.js' did not match the filter '**/MoneyTrackerApp.lib.module.js'.
         RelativePath 'lib/jquery-validation/LICENSE.md' normalized to 'lib/jquery-validation/LICENSE.md' found for candidate 'F:\OJT-Review\MoneyTrackerApp\Expense-Manager\MoneyTrackerApp\MoneyTrackerApp\wwwroot\lib\jquery-validation\LICENSE.md' and will be used for matching.
         Skipping 'F:\OJT-Review\MoneyTrackerApp\Expense-Manager\MoneyTrackerApp\MoneyTrackerApp\wwwroot\lib\jquery-validation\LICENSE.md' because the relative path 'lib/jquery-validation/LICENSE.md' did not match the filter '**/MoneyTrackerApp.lib.module.js'.
         RelativePath 'lib/jquery/dist/jquery.js' normalized to 'lib/jquery/dist/jquery.js' found for candidate 'F:\OJT-Review\MoneyTrackerApp\Expense-Manager\MoneyTrackerApp\MoneyTrackerApp\wwwroot\lib\jquery\dist\jquery.js' and will be used for matching.
         Skipping 'F:\OJT-Review\MoneyTrackerApp\Expense-Manager\MoneyTrackerApp\MoneyTrackerApp\wwwroot\lib\jquery\dist\jquery.js' because the relative path 'lib/jquery/dist/jquery.js' did not match the filter '**/MoneyTrackerApp.lib.module.js'.
         RelativePath 'lib/jquery/dist/jquery.min.js' normalized to 'lib/jquery/dist/jquery.min.js' found for candidate 'F:\OJT-Review\MoneyTrackerApp\Expense-Manager\MoneyTrackerApp\MoneyTrackerApp\wwwroot\lib\jquery\dist\jquery.min.js' and will be used for matching.
         Skipping 'F:\OJT-Review\MoneyTrackerApp\Expense-Manager\MoneyTrackerApp\MoneyTrackerApp\wwwroot\lib\jquery\dist\jquery.min.js' because the relative path 'lib/jquery/dist/jquery.min.js' did not match the filter '**/MoneyTrackerApp.lib.module.js'.
         RelativePath 'lib/jquery/dist/jquery.min.map' normalized to 'lib/jquery/dist/jquery.min.map' found for candidate 'F:\OJT-Review\MoneyTrackerApp\Expense-Manager\MoneyTrackerApp\MoneyTrackerApp\wwwroot\lib\jquery\dist\jquery.min.map' and will be used for matching.
         Skipping 'F:\OJT-Review\MoneyTrackerApp\Expense-Manager\MoneyTrackerApp\MoneyTrackerApp\wwwroot\lib\jquery\dist\jquery.min.map' because the relative path 'lib/jquery/dist/jquery.min.map' did not match the filter '**/MoneyTrackerApp.lib.module.js'.
         RelativePath 'lib/jquery/LICENSE.txt' normalized to 'lib/jquery/LICENSE.txt' found for candidate 'F:\OJT-Review\MoneyTrackerApp\Expense-Manager\MoneyTrackerApp\MoneyTrackerApp\wwwroot\lib\jquery\LICENSE.txt' and will be used for matching.
         Skipping 'F:\OJT-Review\MoneyTrackerApp\Expense-Manager\MoneyTrackerApp\MoneyTrackerApp\wwwroot\lib\jquery\LICENSE.txt' because the relative path 'lib/jquery/LICENSE.txt' did not match the filter '**/MoneyTrackerApp.lib.module.js'.
         RelativePath 'test-reports-api.html' normalized to 'test-reports-api.html' found for candidate 'F:\OJT-Review\MoneyTrackerApp\Expense-Manager\MoneyTrackerApp\MoneyTrackerApp\wwwroot\test-reports-api.html' and will be used for matching.
         Skipping 'F:\OJT-Review\MoneyTrackerApp\Expense-Manager\MoneyTrackerApp\MoneyTrackerApp\wwwroot\test-reports-api.html' because the relative path 'test-reports-api.html' did not match the filter '**/MoneyTrackerApp.lib.module.js'.
         RelativePath 'uploads/images/1/28bdeb7e-dcef-4e9b-bba6-619980cd5821.webp' normalized to 'uploads/images/1/28bdeb7e-dcef-4e9b-bba6-619980cd5821.webp' found for candidate 'F:\OJT-Review\MoneyTrackerApp\Expense-Manager\MoneyTrackerApp\MoneyTrackerApp\wwwroot\uploads\images\1\28bdeb7e-dcef-4e9b-bba6-619980cd5821.webp' and will be used for matching.
         Skipping 'F:\OJT-Review\MoneyTrackerApp\Expense-Manager\MoneyTrackerApp\MoneyTrackerApp\wwwroot\uploads\images\1\28bdeb7e-dcef-4e9b-bba6-619980cd5821.webp' because the relative path 'uploads/images/1/28bdeb7e-dcef-4e9b-bba6-619980cd5821.webp' did not match the filter '**/MoneyTrackerApp.lib.module.js'.
         RelativePath 'uploads/images/1/28bdeb7e-dcef-4e9b-bba6-619980cd5821_thumb.webp' normalized to 'uploads/images/1/28bdeb7e-dcef-4e9b-bba6-619980cd5821_thumb.webp' found for candidate 'F:\OJT-Review\MoneyTrackerApp\Expense-Manager\MoneyTrackerApp\MoneyTrackerApp\wwwroot\uploads\images\1\28bdeb7e-dcef-4e9b-bba6-619980cd5821_thumb.webp' and will be used for matching.
         Skipping 'F:\OJT-Review\MoneyTrackerApp\Expense-Manager\MoneyTrackerApp\MoneyTrackerApp\wwwroot\uploads\images\1\28bdeb7e-dcef-4e9b-bba6-619980cd5821_thumb.webp' because the relative path 'uploads/images/1/28bdeb7e-dcef-4e9b-bba6-619980cd5821_thumb.webp' did not match the filter '**/MoneyTrackerApp.lib.module.js'.
         RelativePath 'uploads/images/1/3e17ba09-ea58-427a-b0d1-d3d741c26f10.jpg' normalized to 'uploads/images/1/3e17ba09-ea58-427a-b0d1-d3d741c26f10.jpg' found for candidate 'F:\OJT-Review\MoneyTrackerApp\Expense-Manager\MoneyTrackerApp\MoneyTrackerApp\wwwroot\uploads\images\1\3e17ba09-ea58-427a-b0d1-d3d741c26f10.jpg' and will be used for matching.
         Skipping 'F:\OJT-Review\MoneyTrackerApp\Expense-Manager\MoneyTrackerApp\MoneyTrackerApp\wwwroot\uploads\images\1\3e17ba09-ea58-427a-b0d1-d3d741c26f10.jpg' because the relative path 'uploads/images/1/3e17ba09-ea58-427a-b0d1-d3d741c26f10.jpg' did not match the filter '**/MoneyTrackerApp.lib.module.js'.
         RelativePath 'uploads/images/1/3e17ba09-ea58-427a-b0d1-d3d741c26f10_thumb.jpg' normalized to 'uploads/images/1/3e17ba09-ea58-427a-b0d1-d3d741c26f10_thumb.jpg' found for candidate 'F:\OJT-Review\MoneyTrackerApp\Expense-Manager\MoneyTrackerApp\MoneyTrackerApp\wwwroot\uploads\images\1\3e17ba09-ea58-427a-b0d1-d3d741c26f10_thumb.jpg' and will be used for matching.
         Skipping 'F:\OJT-Review\MoneyTrackerApp\Expense-Manager\MoneyTrackerApp\MoneyTrackerApp\wwwroot\uploads\images\1\3e17ba09-ea58-427a-b0d1-d3d741c26f10_thumb.jpg' because the relative path 'uploads/images/1/3e17ba09-ea58-427a-b0d1-d3d741c26f10_thumb.jpg' did not match the filter '**/MoneyTrackerApp.lib.module.js'.
         RelativePath 'uploads/images/1/5315bf71-5596-46df-b027-cc9fc0386358.jpg' normalized to 'uploads/images/1/5315bf71-5596-46df-b027-cc9fc0386358.jpg' found for candidate 'F:\OJT-Review\MoneyTrackerApp\Expense-Manager\MoneyTrackerApp\MoneyTrackerApp\wwwroot\uploads\images\1\5315bf71-5596-46df-b027-cc9fc0386358.jpg' and will be used for matching.
         Skipping 'F:\OJT-Review\MoneyTrackerApp\Expense-Manager\MoneyTrackerApp\MoneyTrackerApp\wwwroot\uploads\images\1\5315bf71-5596-46df-b027-cc9fc0386358.jpg' because the relative path 'uploads/images/1/5315bf71-5596-46df-b027-cc9fc0386358.jpg' did not match the filter '**/MoneyTrackerApp.lib.module.js'.
         RelativePath 'uploads/images/1/5315bf71-5596-46df-b027-cc9fc0386358_thumb.jpg' normalized to 'uploads/images/1/5315bf71-5596-46df-b027-cc9fc0386358_thumb.jpg' found for candidate 'F:\OJT-Review\MoneyTrackerApp\Expense-Manager\MoneyTrackerApp\MoneyTrackerApp\wwwroot\uploads\images\1\5315bf71-5596-46df-b027-cc9fc0386358_thumb.jpg' and will be used for matching.
         Skipping 'F:\OJT-Review\MoneyTrackerApp\Expense-Manager\MoneyTrackerApp\MoneyTrackerApp\wwwroot\uploads\images\1\5315bf71-5596-46df-b027-cc9fc0386358_thumb.jpg' because the relative path 'uploads/images/1/5315bf71-5596-46df-b027-cc9fc0386358_thumb.jpg' did not match the filter '**/MoneyTrackerApp.lib.module.js'.
         RelativePath 'uploads/images/1/6163ac46-d6a3-4968-b9b0-8b86d00928f0.jpg' normalized to 'uploads/images/1/6163ac46-d6a3-4968-b9b0-8b86d00928f0.jpg' found for candidate 'F:\OJT-Review\MoneyTrackerApp\Expense-Manager\MoneyTrackerApp\MoneyTrackerApp\wwwroot\uploads\images\1\6163ac46-d6a3-4968-b9b0-8b86d00928f0.jpg' and will be used for matching.
         Skipping 'F:\OJT-Review\MoneyTrackerApp\Expense-Manager\MoneyTrackerApp\MoneyTrackerApp\wwwroot\uploads\images\1\6163ac46-d6a3-4968-b9b0-8b86d00928f0.jpg' because the relative path 'uploads/images/1/6163ac46-d6a3-4968-b9b0-8b86d00928f0.jpg' did not match the filter '**/MoneyTrackerApp.lib.module.js'.
         RelativePath 'uploads/images/1/6163ac46-d6a3-4968-b9b0-8b86d00928f0_thumb.jpg' normalized to 'uploads/images/1/6163ac46-d6a3-4968-b9b0-8b86d00928f0_thumb.jpg' found for candidate 'F:\OJT-Review\MoneyTrackerApp\Expense-Manager\MoneyTrackerApp\MoneyTrackerApp\wwwroot\uploads\images\1\6163ac46-d6a3-4968-b9b0-8b86d00928f0_thumb.jpg' and will be used for matching.
         Skipping 'F:\OJT-Review\MoneyTrackerApp\Expense-Manager\MoneyTrackerApp\MoneyTrackerApp\wwwroot\uploads\images\1\6163ac46-d6a3-4968-b9b0-8b86d00928f0_thumb.jpg' because the relative path 'uploads/images/1/6163ac46-d6a3-4968-b9b0-8b86d00928f0_thumb.jpg' did not match the filter '**/MoneyTrackerApp.lib.module.js'.
         RelativePath 'uploads/images/1/6cf0e72c-2592-47c3-9154-e86ca159936d.jpg' normalized to 'uploads/images/1/6cf0e72c-2592-47c3-9154-e86ca159936d.jpg' found for candidate 'F:\OJT-Review\MoneyTrackerApp\Expense-Manager\MoneyTrackerApp\MoneyTrackerApp\wwwroot\uploads\images\1\6cf0e72c-2592-47c3-9154-e86ca159936d.jpg' and will be used for matching.
         Skipping 'F:\OJT-Review\MoneyTrackerApp\Expense-Manager\MoneyTrackerApp\MoneyTrackerApp\wwwroot\uploads\images\1\6cf0e72c-2592-47c3-9154-e86ca159936d.jpg' because the relative path 'uploads/images/1/6cf0e72c-2592-47c3-9154-e86ca159936d.jpg' did not match the filter '**/MoneyTrackerApp.lib.module.js'.
         RelativePath 'uploads/images/1/6cf0e72c-2592-47c3-9154-e86ca159936d_thumb.jpg' normalized to 'uploads/images/1/6cf0e72c-2592-47c3-9154-e86ca159936d_thumb.jpg' found for candidate 'F:\OJT-Review\MoneyTrackerApp\Expense-Manager\MoneyTrackerApp\MoneyTrackerApp\wwwroot\uploads\images\1\6cf0e72c-2592-47c3-9154-e86ca159936d_thumb.jpg' and will be used for matching.
         Skipping 'F:\OJT-Review\MoneyTrackerApp\Expense-Manager\MoneyTrackerApp\MoneyTrackerApp\wwwroot\uploads\images\1\6cf0e72c-2592-47c3-9154-e86ca159936d_thumb.jpg' because the relative path 'uploads/images/1/6cf0e72c-2592-47c3-9154-e86ca159936d_thumb.jpg' did not match the filter '**/MoneyTrackerApp.lib.module.js'.
         RelativePath 'uploads/images/1/b7ab8752-560d-49aa-9703-257f769ff3a6.jpg' normalized to 'uploads/images/1/b7ab8752-560d-49aa-9703-257f769ff3a6.jpg' found for candidate 'F:\OJT-Review\MoneyTrackerApp\Expense-Manager\MoneyTrackerApp\MoneyTrackerApp\wwwroot\uploads\images\1\b7ab8752-560d-49aa-9703-257f769ff3a6.jpg' and will be used for matching.
         Skipping 'F:\OJT-Review\MoneyTrackerApp\Expense-Manager\MoneyTrackerApp\MoneyTrackerApp\wwwroot\uploads\images\1\b7ab8752-560d-49aa-9703-257f769ff3a6.jpg' because the relative path 'uploads/images/1/b7ab8752-560d-49aa-9703-257f769ff3a6.jpg' did not match the filter '**/MoneyTrackerApp.lib.module.js'.
         RelativePath 'uploads/images/1/b7ab8752-560d-49aa-9703-257f769ff3a6_thumb.jpg' normalized to 'uploads/images/1/b7ab8752-560d-49aa-9703-257f769ff3a6_thumb.jpg' found for candidate 'F:\OJT-Review\MoneyTrackerApp\Expense-Manager\MoneyTrackerApp\MoneyTrackerApp\wwwroot\uploads\images\1\b7ab8752-560d-49aa-9703-257f769ff3a6_thumb.jpg' and will be used for matching.
         Skipping 'F:\OJT-Review\MoneyTrackerApp\Expense-Manager\MoneyTrackerApp\MoneyTrackerApp\wwwroot\uploads\images\1\b7ab8752-560d-49aa-9703-257f769ff3a6_thumb.jpg' because the relative path 'uploads/images/1/b7ab8752-560d-49aa-9703-257f769ff3a6_thumb.jpg' did not match the filter '**/MoneyTrackerApp.lib.module.js'.
         RelativePath 'uploads/images/2/fc9190f7-7372-461d-bbc3-82d8dc50ea2c.jpg' normalized to 'uploads/images/2/fc9190f7-7372-461d-bbc3-82d8dc50ea2c.jpg' found for candidate 'F:\OJT-Review\MoneyTrackerApp\Expense-Manager\MoneyTrackerApp\MoneyTrackerApp\wwwroot\uploads\images\2\fc9190f7-7372-461d-bbc3-82d8dc50ea2c.jpg' and will be used for matching.
         Skipping 'F:\OJT-Review\MoneyTrackerApp\Expense-Manager\MoneyTrackerApp\MoneyTrackerApp\wwwroot\uploads\images\2\fc9190f7-7372-461d-bbc3-82d8dc50ea2c.jpg' because the relative path 'uploads/images/2/fc9190f7-7372-461d-bbc3-82d8dc50ea2c.jpg' did not match the filter '**/MoneyTrackerApp.lib.module.js'.
         RelativePath 'uploads/images/2/fc9190f7-7372-461d-bbc3-82d8dc50ea2c_thumb.jpg' normalized to 'uploads/images/2/fc9190f7-7372-461d-bbc3-82d8dc50ea2c_thumb.jpg' found for candidate 'F:\OJT-Review\MoneyTrackerApp\Expense-Manager\MoneyTrackerApp\MoneyTrackerApp\wwwroot\uploads\images\2\fc9190f7-7372-461d-bbc3-82d8dc50ea2c_thumb.jpg' and will be used for matching.
         Skipping 'F:\OJT-Review\MoneyTrackerApp\Expense-Manager\MoneyTrackerApp\MoneyTrackerApp\wwwroot\uploads\images\2\fc9190f7-7372-461d-bbc3-82d8dc50ea2c_thumb.jpg' because the relative path 'uploads/images/2/fc9190f7-7372-461d-bbc3-82d8dc50ea2c_thumb.jpg' did not match the filter '**/MoneyTrackerApp.lib.module.js'.
         RelativePath 'uploads/profiles/1_7fae67f3-0c15-470d-bdff-b3605193bb49.png' normalized to 'uploads/profiles/1_7fae67f3-0c15-470d-bdff-b3605193bb49.png' found for candidate 'F:\OJT-Review\MoneyTrackerApp\Expense-Manager\MoneyTrackerApp\MoneyTrackerApp\wwwroot\uploads\profiles\1_7fae67f3-0c15-470d-bdff-b3605193bb49.png' and will be used for matching.
         Skipping 'F:\OJT-Review\MoneyTrackerApp\Expense-Manager\MoneyTrackerApp\MoneyTrackerApp\wwwroot\uploads\profiles\1_7fae67f3-0c15-470d-bdff-b3605193bb49.png' because the relative path 'uploads/profiles/1_7fae67f3-0c15-470d-bdff-b3605193bb49.png' did not match the filter '**/MoneyTrackerApp.lib.module.js'.
         RelativePath 'uploads/profiles/1_a7227041-4857-42fb-aeae-d989bc0ced64.png' normalized to 'uploads/profiles/1_a7227041-4857-42fb-aeae-d989bc0ced64.png' found for candidate 'F:\OJT-Review\MoneyTrackerApp\Expense-Manager\MoneyTrackerApp\MoneyTrackerApp\wwwroot\uploads\profiles\1_a7227041-4857-42fb-aeae-d989bc0ced64.png' and will be used for matching.
         Skipping 'F:\OJT-Review\MoneyTrackerApp\Expense-Manager\MoneyTrackerApp\MoneyTrackerApp\wwwroot\uploads\profiles\1_a7227041-4857-42fb-aeae-d989bc0ced64.png' because the relative path 'uploads/profiles/1_a7227041-4857-42fb-aeae-d989bc0ced64.png' did not match the filter '**/MoneyTrackerApp.lib.module.js'.
         RelativePath 'uploads/profiles/2_4ac3ee7b-2d97-4ccd-bcfe-4a2ce14a833b.jpg' normalized to 'uploads/profiles/2_4ac3ee7b-2d97-4ccd-bcfe-4a2ce14a833b.jpg' found for candidate 'F:\OJT-Review\MoneyTrackerApp\Expense-Manager\MoneyTrackerApp\MoneyTrackerApp\wwwroot\uploads\profiles\2_4ac3ee7b-2d97-4ccd-bcfe-4a2ce14a833b.jpg' and will be used for matching.
         Skipping 'F:\OJT-Review\MoneyTrackerApp\Expense-Manager\MoneyTrackerApp\MoneyTrackerApp\wwwroot\uploads\profiles\2_4ac3ee7b-2d97-4ccd-bcfe-4a2ce14a833b.jpg' because the relative path 'uploads/profiles/2_4ac3ee7b-2d97-4ccd-bcfe-4a2ce14a833b.jpg' did not match the filter '**/MoneyTrackerApp.lib.module.js'.
         RelativePath 'uploads/profiles/2_ac93351b-17cc-4bb6-842d-860bbf6bef3e.png' normalized to 'uploads/profiles/2_ac93351b-17cc-4bb6-842d-860bbf6bef3e.png' found for candidate 'F:\OJT-Review\MoneyTrackerApp\Expense-Manager\MoneyTrackerApp\MoneyTrackerApp\wwwroot\uploads\profiles\2_ac93351b-17cc-4bb6-842d-860bbf6bef3e.png' and will be used for matching.
         Skipping 'F:\OJT-Review\MoneyTrackerApp\Expense-Manager\MoneyTrackerApp\MoneyTrackerApp\wwwroot\uploads\profiles\2_ac93351b-17cc-4bb6-842d-860bbf6bef3e.png' because the relative path 'uploads/profiles/2_ac93351b-17cc-4bb6-842d-860bbf6bef3e.png' did not match the filter '**/MoneyTrackerApp.lib.module.js'.
         RelativePath 'uploads/profiles/2_ba6b8f33-748a-449e-93fa-952aa3cb09e2.jpg' normalized to 'uploads/profiles/2_ba6b8f33-748a-449e-93fa-952aa3cb09e2.jpg' found for candidate 'F:\OJT-Review\MoneyTrackerApp\Expense-Manager\MoneyTrackerApp\MoneyTrackerApp\wwwroot\uploads\profiles\2_ba6b8f33-748a-449e-93fa-952aa3cb09e2.jpg' and will be used for matching.
         Skipping 'F:\OJT-Review\MoneyTrackerApp\Expense-Manager\MoneyTrackerApp\MoneyTrackerApp\wwwroot\uploads\profiles\2_ba6b8f33-748a-449e-93fa-952aa3cb09e2.jpg' because the relative path 'uploads/profiles/2_ba6b8f33-748a-449e-93fa-952aa3cb09e2.jpg' did not match the filter '**/MoneyTrackerApp.lib.module.js'.
         RelativePath 'uploads/profiles/3_0ce645e9-c76f-4f24-ab38-755402a3bc17.png' normalized to 'uploads/profiles/3_0ce645e9-c76f-4f24-ab38-755402a3bc17.png' found for candidate 'F:\OJT-Review\MoneyTrackerApp\Expense-Manager\MoneyTrackerApp\MoneyTrackerApp\wwwroot\uploads\profiles\3_0ce645e9-c76f-4f24-ab38-755402a3bc17.png' and will be used for matching.
         Skipping 'F:\OJT-Review\MoneyTrackerApp\Expense-Manager\MoneyTrackerApp\MoneyTrackerApp\wwwroot\uploads\profiles\3_0ce645e9-c76f-4f24-ab38-755402a3bc17.png' because the relative path 'uploads/profiles/3_0ce645e9-c76f-4f24-ab38-755402a3bc17.png' did not match the filter '**/MoneyTrackerApp.lib.module.js'.
         RelativePath 'uploads/profiles/3_6f4c8657-4668-4c5e-907f-2f4dc07c56c1.jpg' normalized to 'uploads/profiles/3_6f4c8657-4668-4c5e-907f-2f4dc07c56c1.jpg' found for candidate 'F:\OJT-Review\MoneyTrackerApp\Expense-Manager\MoneyTrackerApp\MoneyTrackerApp\wwwroot\uploads\profiles\3_6f4c8657-4668-4c5e-907f-2f4dc07c56c1.jpg' and will be used for matching.
         Skipping 'F:\OJT-Review\MoneyTrackerApp\Expense-Manager\MoneyTrackerApp\MoneyTrackerApp\wwwroot\uploads\profiles\3_6f4c8657-4668-4c5e-907f-2f4dc07c56c1.jpg' because the relative path 'uploads/profiles/3_6f4c8657-4668-4c5e-907f-2f4dc07c56c1.jpg' did not match the filter '**/MoneyTrackerApp.lib.module.js'.
       Done executing task "DefineStaticWebAssets".
       Task "DiscoverStaticWebAssets"
         Rejected asset 'wwwroot\css\admin-dark.css' for pattern '**/*.razor.js'
         Rejected asset 'wwwroot\css\animations.css' for pattern '**/*.razor.js'
         Rejected asset 'wwwroot\css\auth.css' for pattern '**/*.razor.js'
         Rejected asset 'wwwroot\css\bento-grid.css' for pattern '**/*.razor.js'
         Rejected asset 'wwwroot\css\bento-system.css' for pattern '**/*.razor.js'
         Rejected asset 'wwwroot\css\budgets.css' for pattern '**/*.razor.js'
         Rejected asset 'wwwroot\css\checkout-enhanced.css' for pattern '**/*.razor.js'
         Rejected asset 'wwwroot\css\checkout.css' for pattern '**/*.razor.js'
         Rejected asset 'wwwroot\css\christmas.css' for pattern '**/*.razor.js'
         Rejected asset 'wwwroot\css\contacts.css' for pattern '**/*.razor.js'
         Rejected asset 'wwwroot\css\debts.css' for pattern '**/*.razor.js'
         Rejected asset 'wwwroot\css\design-system.css' for pattern '**/*.razor.js'
         Rejected asset 'wwwroot\css\groups.css' for pattern '**/*.razor.js'
         Rejected asset 'wwwroot\css\header.css' for pattern '**/*.razor.js'
         Rejected asset 'wwwroot\css\home.css' for pattern '**/*.razor.js'
         Rejected asset 'wwwroot\css\investments.css' for pattern '**/*.razor.js'
         Rejected asset 'wwwroot\css\main.css' for pattern '**/*.razor.js'
         Rejected asset 'wwwroot\css\micro-interactions.css' for pattern '**/*.razor.js'
         Rejected asset 'wwwroot\css\modern-pages.css' for pattern '**/*.razor.js'
         Rejected asset 'wwwroot\css\onboarding.css' for pattern '**/*.razor.js'
         Rejected asset 'wwwroot\css\reports-accessibility.css' for pattern '**/*.razor.js'
         Rejected asset 'wwwroot\css\reports-modern.css' for pattern '**/*.razor.js'
         Rejected asset 'wwwroot\css\reports.css' for pattern '**/*.razor.js'
         Rejected asset 'wwwroot\css\savings.css' for pattern '**/*.razor.js'
         Rejected asset 'wwwroot\css\service-packages.css' for pattern '**/*.razor.js'
         Rejected asset 'wwwroot\css\settings.css' for pattern '**/*.razor.js'
         Rejected asset 'wwwroot\css\shared-wallets.css' for pattern '**/*.razor.js'
         Rejected asset 'wwwroot\css\site.css' for pattern '**/*.razor.js'
         Rejected asset 'wwwroot\css\theme-variables.css' for pattern '**/*.razor.js'
         Rejected asset 'wwwroot\css\trading.css' for pattern '**/*.razor.js'
         Rejected asset 'wwwroot\css\wallet-detail-modern.css' for pattern '**/*.razor.js'
         Rejected asset 'wwwroot\css\wallet-modern.css' for pattern '**/*.razor.js'
         Rejected asset 'wwwroot\css\wallet-page.css' for pattern '**/*.razor.js'
         Rejected asset 'wwwroot\css\wallets.css' for pattern '**/*.razor.js'
         Rejected asset 'wwwroot\docs\Reports_Trading_Enhancements.md' for pattern '**/*.razor.js'
         Rejected asset 'wwwroot\docs\requirement_update.md' for pattern '**/*.razor.js'
         Rejected asset 'wwwroot\favicon.ico' for pattern '**/*.razor.js'
         Rejected asset 'wwwroot\js\admin-service-packages.js' for pattern '**/*.razor.js'
         Rejected asset 'wwwroot\js\api-mock.js' for pattern '**/*.razor.js'
         Rejected asset 'wwwroot\js\auth.js' for pattern '**/*.razor.js'
         Rejected asset 'wwwroot\js\budgets.js' for pattern '**/*.razor.js'
         Rejected asset 'wwwroot\js\charts-config.js' for pattern '**/*.razor.js'
         Rejected asset 'wwwroot\js\christmas.js' for pattern '**/*.razor.js'
         Rejected asset 'wwwroot\js\contacts.js' for pattern '**/*.razor.js'
         Rejected asset 'wwwroot\js\debts.js' for pattern '**/*.razor.js'
         Rejected asset 'wwwroot\js\frontend-error-tests.js' for pattern '**/*.razor.js'
         Rejected asset 'wwwroot\js\global-transaction-modal.js' for pattern '**/*.razor.js'
         Rejected asset 'wwwroot\js\groups-tests.js' for pattern '**/*.razor.js'
         Rejected asset 'wwwroot\js\groups.js' for pattern '**/*.razor.js'
         Rejected asset 'wwwroot\js\header.js' for pattern '**/*.razor.js'
         Rejected asset 'wwwroot\js\home.js' for pattern '**/*.razor.js'
         Rejected asset 'wwwroot\js\investments.js' for pattern '**/*.razor.js'
         Rejected asset 'wwwroot\js\micro-interactions.js' for pattern '**/*.razor.js'
         Rejected asset 'wwwroot\js\onboarding-basic-settings.js' for pattern '**/*.razor.js'
         Rejected asset 'wwwroot\js\onboarding-create-wallet.js' for pattern '**/*.razor.js'
         Rejected asset 'wwwroot\js\onboarding-savings-goal.js' for pattern '**/*.razor.js'
         Rejected asset 'wwwroot\js\onboarding-setup-categories.js' for pattern '**/*.razor.js'
         Rejected asset 'wwwroot\js\onboarding-welcome.js' for pattern '**/*.razor.js'
         Rejected asset 'wwwroot\js\onboarding.js' for pattern '**/*.razor.js'
         Rejected asset 'wwwroot\js\performance.js' for pattern '**/*.razor.js'
         Rejected asset 'wwwroot\js\quick-add.js' for pattern '**/*.razor.js'
         Rejected asset 'wwwroot\js\reports.js' for pattern '**/*.razor.js'
         Rejected asset 'wwwroot\js\savings.js' for pattern '**/*.razor.js'
         Rejected asset 'wwwroot\js\service-packages.js' for pattern '**/*.razor.js'
         Rejected asset 'wwwroot\js\shared-wallets.js' for pattern '**/*.razor.js'
         Rejected asset 'wwwroot\js\site.js' for pattern '**/*.razor.js'
         Rejected asset 'wwwroot\js\subscription-utils.js' for pattern '**/*.razor.js'
         Rejected asset 'wwwroot\js\theme-manager.js' for pattern '**/*.razor.js'
         Rejected asset 'wwwroot\js\trading.js' for pattern '**/*.razor.js'
         Rejected asset 'wwwroot\js\transactions-utils.js' for pattern '**/*.razor.js'
         Rejected asset 'wwwroot\js\vnpay-checkout.js' for pattern '**/*.razor.js'
         Rejected asset 'wwwroot\js\wallet-detail.js' for pattern '**/*.razor.js'
         Rejected asset 'wwwroot\js\wallet-page.js' for pattern '**/*.razor.js'
         Rejected asset 'wwwroot\lib\bootstrap\dist\css\bootstrap-grid.css' for pattern '**/*.razor.js'
         Rejected asset 'wwwroot\lib\bootstrap\dist\css\bootstrap-grid.css.map' for pattern '**/*.razor.js'
         Rejected asset 'wwwroot\lib\bootstrap\dist\css\bootstrap-grid.min.css' for pattern '**/*.razor.js'
         Rejected asset 'wwwroot\lib\bootstrap\dist\css\bootstrap-grid.min.css.map' for pattern '**/*.razor.js'
         Rejected asset 'wwwroot\lib\bootstrap\dist\css\bootstrap-grid.rtl.css' for pattern '**/*.razor.js'
         Rejected asset 'wwwroot\lib\bootstrap\dist\css\bootstrap-grid.rtl.css.map' for pattern '**/*.razor.js'
         Rejected asset 'wwwroot\lib\bootstrap\dist\css\bootstrap-grid.rtl.min.css' for pattern '**/*.razor.js'
         Rejected asset 'wwwroot\lib\bootstrap\dist\css\bootstrap-grid.rtl.min.css.map' for pattern '**/*.razor.js'
         Rejected asset 'wwwroot\lib\bootstrap\dist\css\bootstrap-reboot.css' for pattern '**/*.razor.js'
         Rejected asset 'wwwroot\lib\bootstrap\dist\css\bootstrap-reboot.css.map' for pattern '**/*.razor.js'
         Rejected asset 'wwwroot\lib\bootstrap\dist\css\bootstrap-reboot.min.css' for pattern '**/*.razor.js'
         Rejected asset 'wwwroot\lib\bootstrap\dist\css\bootstrap-reboot.min.css.map' for pattern '**/*.razor.js'
         Rejected asset 'wwwroot\lib\bootstrap\dist\css\bootstrap-reboot.rtl.css' for pattern '**/*.razor.js'
         Rejected asset 'wwwroot\lib\bootstrap\dist\css\bootstrap-reboot.rtl.css.map' for pattern '**/*.razor.js'
         Rejected asset 'wwwroot\lib\bootstrap\dist\css\bootstrap-reboot.rtl.min.css' for pattern '**/*.razor.js'
         Rejected asset 'wwwroot\lib\bootstrap\dist\css\bootstrap-reboot.rtl.min.css.map' for pattern '**/*.razor.js'
         Rejected asset 'wwwroot\lib\bootstrap\dist\css\bootstrap-utilities.css' for pattern '**/*.razor.js'
         Rejected asset 'wwwroot\lib\bootstrap\dist\css\bootstrap-utilities.css.map' for pattern '**/*.razor.js'
         Rejected asset 'wwwroot\lib\bootstrap\dist\css\bootstrap-utilities.min.css' for pattern '**/*.razor.js'
         Rejected asset 'wwwroot\lib\bootstrap\dist\css\bootstrap-utilities.min.css.map' for pattern '**/*.razor.js'
         Rejected asset 'wwwroot\lib\bootstrap\dist\css\bootstrap-utilities.rtl.css' for pattern '**/*.razor.js'
         Rejected asset 'wwwroot\lib\bootstrap\dist\css\bootstrap-utilities.rtl.css.map' for pattern '**/*.razor.js'
         Rejected asset 'wwwroot\lib\bootstrap\dist\css\bootstrap-utilities.rtl.min.css' for pattern '**/*.razor.js'
         Rejected asset 'wwwroot\lib\bootstrap\dist\css\bootstrap-utilities.rtl.min.css.map' for pattern '**/*.razor.js'
         Rejected asset 'wwwroot\lib\bootstrap\dist\css\bootstrap.css' for pattern '**/*.razor.js'
         Rejected asset 'wwwroot\lib\bootstrap\dist\css\bootstrap.css.map' for pattern '**/*.razor.js'
         Rejected asset 'wwwroot\lib\bootstrap\dist\css\bootstrap.min.css' for pattern '**/*.razor.js'
         Rejected asset 'wwwroot\lib\bootstrap\dist\css\bootstrap.min.css.map' for pattern '**/*.razor.js'
         Rejected asset 'wwwroot\lib\bootstrap\dist\css\bootstrap.rtl.css' for pattern '**/*.razor.js'
         Rejected asset 'wwwroot\lib\bootstrap\dist\css\bootstrap.rtl.css.map' for pattern '**/*.razor.js'
         Rejected asset 'wwwroot\lib\bootstrap\dist\css\bootstrap.rtl.min.css' for pattern '**/*.razor.js'
         Rejected asset 'wwwroot\lib\bootstrap\dist\css\bootstrap.rtl.min.css.map' for pattern '**/*.razor.js'
         Rejected asset 'wwwroot\lib\bootstrap\dist\js\bootstrap.bundle.js' for pattern '**/*.razor.js'
         Rejected asset 'wwwroot\lib\bootstrap\dist\js\bootstrap.bundle.js.map' for pattern '**/*.razor.js'
         Rejected asset 'wwwroot\lib\bootstrap\dist\js\bootstrap.bundle.min.js' for pattern '**/*.razor.js'
         Rejected asset 'wwwroot\lib\bootstrap\dist\js\bootstrap.bundle.min.js.map' for pattern '**/*.razor.js'
         Rejected asset 'wwwroot\lib\bootstrap\dist\js\bootstrap.esm.js' for pattern '**/*.razor.js'
         Rejected asset 'wwwroot\lib\bootstrap\dist\js\bootstrap.esm.js.map' for pattern '**/*.razor.js'
         Rejected asset 'wwwroot\lib\bootstrap\dist\js\bootstrap.esm.min.js' for pattern '**/*.razor.js'
         Rejected asset 'wwwroot\lib\bootstrap\dist\js\bootstrap.esm.min.js.map' for pattern '**/*.razor.js'
         Rejected asset 'wwwroot\lib\bootstrap\dist\js\bootstrap.js' for pattern '**/*.razor.js'
         Rejected asset 'wwwroot\lib\bootstrap\dist\js\bootstrap.js.map' for pattern '**/*.razor.js'
         Rejected asset 'wwwroot\lib\bootstrap\dist\js\bootstrap.min.js' for pattern '**/*.razor.js'
         Rejected asset 'wwwroot\lib\bootstrap\dist\js\bootstrap.min.js.map' for pattern '**/*.razor.js'
         Rejected asset 'wwwroot\lib\bootstrap\LICENSE' for pattern '**/*.razor.js'
         Rejected asset 'wwwroot\lib\jquery-validation-unobtrusive\jquery.validate.unobtrusive.js' for pattern '**/*.razor.js'
         Rejected asset 'wwwroot\lib\jquery-validation-unobtrusive\jquery.validate.unobtrusive.min.js' for pattern '**/*.razor.js'
         Rejected asset 'wwwroot\lib\jquery-validation-unobtrusive\LICENSE.txt' for pattern '**/*.razor.js'
         Rejected asset 'wwwroot\lib\jquery-validation\dist\additional-methods.js' for pattern '**/*.razor.js'
         Rejected asset 'wwwroot\lib\jquery-validation\dist\additional-methods.min.js' for pattern '**/*.razor.js'
         Rejected asset 'wwwroot\lib\jquery-validation\dist\jquery.validate.js' for pattern '**/*.razor.js'
         Rejected asset 'wwwroot\lib\jquery-validation\dist\jquery.validate.min.js' for pattern '**/*.razor.js'
         Rejected asset 'wwwroot\lib\jquery-validation\LICENSE.md' for pattern '**/*.razor.js'
         Rejected asset 'wwwroot\lib\jquery\dist\jquery.js' for pattern '**/*.razor.js'
         Rejected asset 'wwwroot\lib\jquery\dist\jquery.min.js' for pattern '**/*.razor.js'
         Rejected asset 'wwwroot\lib\jquery\dist\jquery.min.map' for pattern '**/*.razor.js'
         Rejected asset 'wwwroot\lib\jquery\LICENSE.txt' for pattern '**/*.razor.js'
         Rejected asset 'wwwroot\test-reports-api.html' for pattern '**/*.razor.js'
         Rejected asset 'wwwroot\uploads\images\1\28bdeb7e-dcef-4e9b-bba6-619980cd5821.webp' for pattern '**/*.razor.js'
         Rejected asset 'wwwroot\uploads\images\1\28bdeb7e-dcef-4e9b-bba6-619980cd5821_thumb.webp' for pattern '**/*.razor.js'
         Rejected asset 'wwwroot\uploads\images\1\3e17ba09-ea58-427a-b0d1-d3d741c26f10.jpg' for pattern '**/*.razor.js'
         Rejected asset 'wwwroot\uploads\images\1\3e17ba09-ea58-427a-b0d1-d3d741c26f10_thumb.jpg' for pattern '**/*.razor.js'
         Rejected asset 'wwwroot\uploads\images\1\5315bf71-5596-46df-b027-cc9fc0386358.jpg' for pattern '**/*.razor.js'
         Rejected asset 'wwwroot\uploads\images\1\5315bf71-5596-46df-b027-cc9fc0386358_thumb.jpg' for pattern '**/*.razor.js'
         Rejected asset 'wwwroot\uploads\images\1\6163ac46-d6a3-4968-b9b0-8b86d00928f0.jpg' for pattern '**/*.razor.js'
         Rejected asset 'wwwroot\uploads\images\1\6163ac46-d6a3-4968-b9b0-8b86d00928f0_thumb.jpg' for pattern '**/*.razor.js'
         Rejected asset 'wwwroot\uploads\images\1\6cf0e72c-2592-47c3-9154-e86ca159936d.jpg' for pattern '**/*.razor.js'
         Rejected asset 'wwwroot\uploads\images\1\6cf0e72c-2592-47c3-9154-e86ca159936d_thumb.jpg' for pattern '**/*.razor.js'
         Rejected asset 'wwwroot\uploads\images\1\b7ab8752-560d-49aa-9703-257f769ff3a6.jpg' for pattern '**/*.razor.js'
         Rejected asset 'wwwroot\uploads\images\1\b7ab8752-560d-49aa-9703-257f769ff3a6_thumb.jpg' for pattern '**/*.razor.js'
         Rejected asset 'wwwroot\uploads\images\2\fc9190f7-7372-461d-bbc3-82d8dc50ea2c.jpg' for pattern '**/*.razor.js'
         Rejected asset 'wwwroot\uploads\images\2\fc9190f7-7372-461d-bbc3-82d8dc50ea2c_thumb.jpg' for pattern '**/*.razor.js'
         Rejected asset 'wwwroot\uploads\profiles\1_7fae67f3-0c15-470d-bdff-b3605193bb49.png' for pattern '**/*.razor.js'
         Rejected asset 'wwwroot\uploads\profiles\1_a7227041-4857-42fb-aeae-d989bc0ced64.png' for pattern '**/*.razor.js'
         Rejected asset 'wwwroot\uploads\profiles\2_4ac3ee7b-2d97-4ccd-bcfe-4a2ce14a833b.jpg' for pattern '**/*.razor.js'
         Rejected asset 'wwwroot\uploads\profiles\2_ac93351b-17cc-4bb6-842d-860bbf6bef3e.png' for pattern '**/*.razor.js'
         Rejected asset 'wwwroot\uploads\profiles\2_ba6b8f33-748a-449e-93fa-952aa3cb09e2.jpg' for pattern '**/*.razor.js'
         Rejected asset 'wwwroot\uploads\profiles\3_0ce645e9-c76f-4f24-ab38-755402a3bc17.png' for pattern '**/*.razor.js'
         Rejected asset 'wwwroot\uploads\profiles\3_6f4c8657-4668-4c5e-907f-2f4dc07c56c1.jpg' for pattern '**/*.razor.js'
         Rejected asset 'appsettings.Development.json' for pattern '**/*.razor.js'
         Rejected asset 'appsettings.json' for pattern '**/*.razor.js'
         Rejected asset 'Pages\Admin\Dashboard.cshtml' for pattern '**/*.razor.js'
         Rejected asset 'Pages\Admin\MasterData\Categories.cshtml' for pattern '**/*.razor.js'
         Rejected asset 'Pages\Admin\Monitoring\AuditLogs.cshtml' for pattern '**/*.razor.js'
         Rejected asset 'Pages\Admin\Monitoring\Logs.cshtml' for pattern '**/*.razor.js'
         Rejected asset 'Pages\Admin\ServicePackages.cshtml' for pattern '**/*.razor.js'
         Rejected asset 'Pages\Admin\Settings\Index.cshtml' for pattern '**/*.razor.js'
         Rejected asset 'Pages\Admin\Transactions.cshtml' for pattern '**/*.razor.js'
         Rejected asset 'Pages\Admin\Users\Index.cshtml' for pattern '**/*.razor.js'
         Rejected asset 'Pages\Auth\ForgotPassword.cshtml' for pattern '**/*.razor.js'
         Rejected asset 'Pages\Auth\Login.cshtml' for pattern '**/*.razor.js'
         Rejected asset 'Pages\Auth\Logout.cshtml' for pattern '**/*.razor.js'
         Rejected asset 'Pages\Auth\Register.cshtml' for pattern '**/*.razor.js'
         Rejected asset 'Pages\Auth\ResetPassword.cshtml' for pattern '**/*.razor.js'
         Rejected asset 'Pages\Budgets\Index.cshtml' for pattern '**/*.razor.js'
         Rejected asset 'Pages\Categories\Index.cshtml' for pattern '**/*.razor.js'
         Rejected asset 'Pages\Contacts\Index.cshtml' for pattern '**/*.razor.js'
         Rejected asset 'Pages\Debts\Index.cshtml' for pattern '**/*.razor.js'
         Rejected asset 'Pages\Dev\TransactionsTests.cshtml' for pattern '**/*.razor.js'
         Rejected asset 'Pages\Groups\Index.cshtml' for pattern '**/*.razor.js'
         Rejected asset 'Pages\Home.cshtml' for pattern '**/*.razor.js'
         Rejected asset 'Pages\Index.cshtml' for pattern '**/*.razor.js'
         Rejected asset 'Pages\Investments\Index.cshtml' for pattern '**/*.razor.js'
         Rejected asset 'Pages\Notifications.cshtml' for pattern '**/*.razor.js'
         Rejected asset 'Pages\Onboarding\BasicSettings.cshtml' for pattern '**/*.razor.js'
         Rejected asset 'Pages\Onboarding\Complete.cshtml' for pattern '**/*.razor.js'
         Rejected asset 'Pages\Onboarding\CreateWallet.cshtml' for pattern '**/*.razor.js'
         Rejected asset 'Pages\Onboarding\Index.cshtml' for pattern '**/*.razor.js'
         Rejected asset 'Pages\Onboarding\SavingsGoal.cshtml' for pattern '**/*.razor.js'
         Rejected asset 'Pages\Onboarding\SetupCategories.cshtml' for pattern '**/*.razor.js'
         Rejected asset 'Pages\Onboarding\Splash.cshtml' for pattern '**/*.razor.js'
         Rejected asset 'Pages\Onboarding\Welcome.cshtml' for pattern '**/*.razor.js'
         Rejected asset 'Pages\Profile\Index.cshtml' for pattern '**/*.razor.js'
         Rejected asset 'Pages\Profile\MyWallet.cshtml' for pattern '**/*.razor.js'
         Rejected asset 'Pages\Profile\_WalletTransactions.cshtml' for pattern '**/*.razor.js'
         Rejected asset 'Pages\Reports\Index.cshtml' for pattern '**/*.razor.js'
         Rejected asset 'Pages\Savings\Index.cshtml' for pattern '**/*.razor.js'
         Rejected asset 'Pages\Savings\_SavingsModals.cshtml' for pattern '**/*.razor.js'
         Rejected asset 'Pages\ServicePackages.cshtml' for pattern '**/*.razor.js'
         Rejected asset 'Pages\Settings\Currencies.cshtml' for pattern '**/*.razor.js'
         Rejected asset 'Pages\Settings\Index.cshtml' for pattern '**/*.razor.js'
         Rejected asset 'Pages\Shared\_AdminHeader.cshtml' for pattern '**/*.razor.js'
         Rejected asset 'Pages\Shared\_AdminLayout.cshtml' for pattern '**/*.razor.js'
         Rejected asset 'Pages\Shared\_AiChatWidget.cshtml' for pattern '**/*.razor.js'
         Rejected asset 'Pages\Shared\_CreateTransactionModal.cshtml' for pattern '**/*.razor.js'
         Rejected asset 'Pages\Shared\_Header.cshtml' for pattern '**/*.razor.js'
         Rejected asset 'Pages\Shared\_Layout.cshtml' for pattern '**/*.razor.js'
         Rejected asset 'Pages\Shared\_LoginPartial.cshtml' for pattern '**/*.razor.js'
         Rejected asset 'Pages\Shared\_QuickAddModal.cshtml' for pattern '**/*.razor.js'
         Rejected asset 'Pages\Shared\_Sidebar.cshtml' for pattern '**/*.razor.js'
         Rejected asset 'Pages\Shared\_TopBar.cshtml' for pattern '**/*.razor.js'
         Rejected asset 'Pages\Shared\_TransactionModal.cshtml' for pattern '**/*.razor.js'
         Rejected asset 'Pages\Shared\_ValidationScriptsPartial.cshtml' for pattern '**/*.razor.js'
         Rejected asset 'Pages\Shared\_WalletSelector.cshtml' for pattern '**/*.razor.js'
         Rejected asset 'Pages\Subscription\Checkout.cshtml' for pattern '**/*.razor.js'
         Rejected asset 'Pages\Subscription\Failed.cshtml' for pattern '**/*.razor.js'
         Rejected asset 'Pages\Subscription\Index.cshtml' for pattern '**/*.razor.js'
         Rejected asset 'Pages\Subscription\Payment.cshtml' for pattern '**/*.razor.js'
         Rejected asset 'Pages\Subscription\Processing.cshtml' for pattern '**/*.razor.js'
         Rejected asset 'Pages\Subscription\Success.cshtml' for pattern '**/*.razor.js'
         Rejected asset 'Pages\Trading\Index.cshtml' for pattern '**/*.razor.js'
         Rejected asset 'Pages\Transactions\Create.cshtml' for pattern '**/*.razor.js'
         Rejected asset 'Pages\Transactions\Scheduled.cshtml' for pattern '**/*.razor.js'
         Rejected asset 'Pages\Wallets\Detail.cshtml' for pattern '**/*.razor.js'
         Rejected asset 'Pages\Wallets\Index.cshtml' for pattern '**/*.razor.js'
         Rejected asset 'Pages\Wallets\IndexModern.cshtml' for pattern '**/*.razor.js'
         Rejected asset 'Pages\Wallets\Shared\Index.cshtml' for pattern '**/*.razor.js'
         Rejected asset 'Pages\Wallets\_WalletModals.cshtml' for pattern '**/*.razor.js'
         Rejected asset 'Pages\Wallets\_WalletTransactions.cshtml' for pattern '**/*.razor.js'
         Rejected asset 'Pages\_ViewImports.cshtml' for pattern '**/*.razor.js'
         Rejected asset 'Pages\_ViewStart.cshtml' for pattern '**/*.razor.js'
         Rejected asset 'Pages\Shared\_Layout.cshtml.css' for pattern '**/*.razor.js'
         Rejected asset 'build.log' for pattern '**/*.razor.js'
         Rejected asset 'build_error.log' for pattern '**/*.razor.js'
         Rejected asset 'build_error_group.log' for pattern '**/*.razor.js'
         Rejected asset 'build_error_log.txt' for pattern '**/*.razor.js'
         Rejected asset 'build_log.txt' for pattern '**/*.razor.js'
         Rejected asset 'build_log_utf8.txt' for pattern '**/*.razor.js'
         Rejected asset 'build_output.log' for pattern '**/*.razor.js'
         Rejected asset 'build_output.txt' for pattern '**/*.razor.js'
         Rejected asset 'build_result.txt' for pattern '**/*.razor.js'
         Rejected asset 'build_result_utf8.txt' for pattern '**/*.razor.js'
         Rejected asset 'build_utf8.log' for pattern '**/*.razor.js'
         Rejected asset 'current_build_log.txt' for pattern '**/*.razor.js'
         Rejected asset 'errors.log' for pattern '**/*.razor.js'
         Rejected asset 'msbuild.log' for pattern '**/*.razor.js'
         Rejected asset 'mybuild.log' for pattern '**/*.razor.js'
         Rejected asset 'mybuild_utf8.log' for pattern '**/*.razor.js'
         Rejected asset 'Tests\TransactionTests.cs.bak' for pattern '**/*.razor.js'
         Rejected asset 'Properties\launchSettings.json' for pattern '**/*.razor.js'
         Link 'MoneyTrackerApp.exe' found for candidate 'F:\OJT-Review\MoneyTrackerApp\Expense-Manager\MoneyTrackerApp\MoneyTrackerApp\obj\Debug\net8.0\apphost.exe' and will be used for matching.
         Rejected asset 'MoneyTrackerApp.exe' for pattern '**/*.razor.js'
       Done executing task "DiscoverStaticWebAssets".
       Task "DiscoverStaticWebAssets"
         Rejected asset 'wwwroot\css\admin-dark.css' for pattern '**/*.cshtml.js'
         Rejected asset 'wwwroot\css\animations.css' for pattern '**/*.cshtml.js'
         Rejected asset 'wwwroot\css\auth.css' for pattern '**/*.cshtml.js'
         Rejected asset 'wwwroot\css\bento-grid.css' for pattern '**/*.cshtml.js'
         Rejected asset 'wwwroot\css\bento-system.css' for pattern '**/*.cshtml.js'
         Rejected asset 'wwwroot\css\budgets.css' for pattern '**/*.cshtml.js'
         Rejected asset 'wwwroot\css\checkout-enhanced.css' for pattern '**/*.cshtml.js'
         Rejected asset 'wwwroot\css\checkout.css' for pattern '**/*.cshtml.js'
         Rejected asset 'wwwroot\css\christmas.css' for pattern '**/*.cshtml.js'
         Rejected asset 'wwwroot\css\contacts.css' for pattern '**/*.cshtml.js'
         Rejected asset 'wwwroot\css\debts.css' for pattern '**/*.cshtml.js'
         Rejected asset 'wwwroot\css\design-system.css' for pattern '**/*.cshtml.js'
         Rejected asset 'wwwroot\css\groups.css' for pattern '**/*.cshtml.js'
         Rejected asset 'wwwroot\css\header.css' for pattern '**/*.cshtml.js'
         Rejected asset 'wwwroot\css\home.css' for pattern '**/*.cshtml.js'
         Rejected asset 'wwwroot\css\investments.css' for pattern '**/*.cshtml.js'
         Rejected asset 'wwwroot\css\main.css' for pattern '**/*.cshtml.js'
         Rejected asset 'wwwroot\css\micro-interactions.css' for pattern '**/*.cshtml.js'
         Rejected asset 'wwwroot\css\modern-pages.css' for pattern '**/*.cshtml.js'
         Rejected asset 'wwwroot\css\onboarding.css' for pattern '**/*.cshtml.js'
         Rejected asset 'wwwroot\css\reports-accessibility.css' for pattern '**/*.cshtml.js'
         Rejected asset 'wwwroot\css\reports-modern.css' for pattern '**/*.cshtml.js'
         Rejected asset 'wwwroot\css\reports.css' for pattern '**/*.cshtml.js'
         Rejected asset 'wwwroot\css\savings.css' for pattern '**/*.cshtml.js'
         Rejected asset 'wwwroot\css\service-packages.css' for pattern '**/*.cshtml.js'
         Rejected asset 'wwwroot\css\settings.css' for pattern '**/*.cshtml.js'
         Rejected asset 'wwwroot\css\shared-wallets.css' for pattern '**/*.cshtml.js'
         Rejected asset 'wwwroot\css\site.css' for pattern '**/*.cshtml.js'
         Rejected asset 'wwwroot\css\theme-variables.css' for pattern '**/*.cshtml.js'
         Rejected asset 'wwwroot\css\trading.css' for pattern '**/*.cshtml.js'
         Rejected asset 'wwwroot\css\wallet-detail-modern.css' for pattern '**/*.cshtml.js'
         Rejected asset 'wwwroot\css\wallet-modern.css' for pattern '**/*.cshtml.js'
         Rejected asset 'wwwroot\css\wallet-page.css' for pattern '**/*.cshtml.js'
         Rejected asset 'wwwroot\css\wallets.css' for pattern '**/*.cshtml.js'
         Rejected asset 'wwwroot\docs\Reports_Trading_Enhancements.md' for pattern '**/*.cshtml.js'
         Rejected asset 'wwwroot\docs\requirement_update.md' for pattern '**/*.cshtml.js'
         Rejected asset 'wwwroot\favicon.ico' for pattern '**/*.cshtml.js'
         Rejected asset 'wwwroot\js\admin-service-packages.js' for pattern '**/*.cshtml.js'
         Rejected asset 'wwwroot\js\api-mock.js' for pattern '**/*.cshtml.js'
         Rejected asset 'wwwroot\js\auth.js' for pattern '**/*.cshtml.js'
         Rejected asset 'wwwroot\js\budgets.js' for pattern '**/*.cshtml.js'
         Rejected asset 'wwwroot\js\charts-config.js' for pattern '**/*.cshtml.js'
         Rejected asset 'wwwroot\js\christmas.js' for pattern '**/*.cshtml.js'
         Rejected asset 'wwwroot\js\contacts.js' for pattern '**/*.cshtml.js'
         Rejected asset 'wwwroot\js\debts.js' for pattern '**/*.cshtml.js'
         Rejected asset 'wwwroot\js\frontend-error-tests.js' for pattern '**/*.cshtml.js'
         Rejected asset 'wwwroot\js\global-transaction-modal.js' for pattern '**/*.cshtml.js'
         Rejected asset 'wwwroot\js\groups-tests.js' for pattern '**/*.cshtml.js'
         Rejected asset 'wwwroot\js\groups.js' for pattern '**/*.cshtml.js'
         Rejected asset 'wwwroot\js\header.js' for pattern '**/*.cshtml.js'
         Rejected asset 'wwwroot\js\home.js' for pattern '**/*.cshtml.js'
         Rejected asset 'wwwroot\js\investments.js' for pattern '**/*.cshtml.js'
         Rejected asset 'wwwroot\js\micro-interactions.js' for pattern '**/*.cshtml.js'
         Rejected asset 'wwwroot\js\onboarding-basic-settings.js' for pattern '**/*.cshtml.js'
         Rejected asset 'wwwroot\js\onboarding-create-wallet.js' for pattern '**/*.cshtml.js'
         Rejected asset 'wwwroot\js\onboarding-savings-goal.js' for pattern '**/*.cshtml.js'
         Rejected asset 'wwwroot\js\onboarding-setup-categories.js' for pattern '**/*.cshtml.js'
         Rejected asset 'wwwroot\js\onboarding-welcome.js' for pattern '**/*.cshtml.js'
         Rejected asset 'wwwroot\js\onboarding.js' for pattern '**/*.cshtml.js'
         Rejected asset 'wwwroot\js\performance.js' for pattern '**/*.cshtml.js'
         Rejected asset 'wwwroot\js\quick-add.js' for pattern '**/*.cshtml.js'
         Rejected asset 'wwwroot\js\reports.js' for pattern '**/*.cshtml.js'
         Rejected asset 'wwwroot\js\savings.js' for pattern '**/*.cshtml.js'
         Rejected asset 'wwwroot\js\service-packages.js' for pattern '**/*.cshtml.js'
         Rejected asset 'wwwroot\js\shared-wallets.js' for pattern '**/*.cshtml.js'
         Rejected asset 'wwwroot\js\site.js' for pattern '**/*.cshtml.js'
         Rejected asset 'wwwroot\js\subscription-utils.js' for pattern '**/*.cshtml.js'
         Rejected asset 'wwwroot\js\theme-manager.js' for pattern '**/*.cshtml.js'
         Rejected asset 'wwwroot\js\trading.js' for pattern '**/*.cshtml.js'
         Rejected asset 'wwwroot\js\transactions-utils.js' for pattern '**/*.cshtml.js'
         Rejected asset 'wwwroot\js\vnpay-checkout.js' for pattern '**/*.cshtml.js'
         Rejected asset 'wwwroot\js\wallet-detail.js' for pattern '**/*.cshtml.js'
         Rejected asset 'wwwroot\js\wallet-page.js' for pattern '**/*.cshtml.js'
         Rejected asset 'wwwroot\lib\bootstrap\dist\css\bootstrap-grid.css' for pattern '**/*.cshtml.js'
         Rejected asset 'wwwroot\lib\bootstrap\dist\css\bootstrap-grid.css.map' for pattern '**/*.cshtml.js'
         Rejected asset 'wwwroot\lib\bootstrap\dist\css\bootstrap-grid.min.css' for pattern '**/*.cshtml.js'
         Rejected asset 'wwwroot\lib\bootstrap\dist\css\bootstrap-grid.min.css.map' for pattern '**/*.cshtml.js'
         Rejected asset 'wwwroot\lib\bootstrap\dist\css\bootstrap-grid.rtl.css' for pattern '**/*.cshtml.js'
         Rejected asset 'wwwroot\lib\bootstrap\dist\css\bootstrap-grid.rtl.css.map' for pattern '**/*.cshtml.js'
         Rejected asset 'wwwroot\lib\bootstrap\dist\css\bootstrap-grid.rtl.min.css' for pattern '**/*.cshtml.js'
         Rejected asset 'wwwroot\lib\bootstrap\dist\css\bootstrap-grid.rtl.min.css.map' for pattern '**/*.cshtml.js'
         Rejected asset 'wwwroot\lib\bootstrap\dist\css\bootstrap-reboot.css' for pattern '**/*.cshtml.js'
         Rejected asset 'wwwroot\lib\bootstrap\dist\css\bootstrap-reboot.css.map' for pattern '**/*.cshtml.js'
         Rejected asset 'wwwroot\lib\bootstrap\dist\css\bootstrap-reboot.min.css' for pattern '**/*.cshtml.js'
         Rejected asset 'wwwroot\lib\bootstrap\dist\css\bootstrap-reboot.min.css.map' for pattern '**/*.cshtml.js'
         Rejected asset 'wwwroot\lib\bootstrap\dist\css\bootstrap-reboot.rtl.css' for pattern '**/*.cshtml.js'
         Rejected asset 'wwwroot\lib\bootstrap\dist\css\bootstrap-reboot.rtl.css.map' for pattern '**/*.cshtml.js'
         Rejected asset 'wwwroot\lib\bootstrap\dist\css\bootstrap-reboot.rtl.min.css' for pattern '**/*.cshtml.js'
         Rejected asset 'wwwroot\lib\bootstrap\dist\css\bootstrap-reboot.rtl.min.css.map' for pattern '**/*.cshtml.js'
         Rejected asset 'wwwroot\lib\bootstrap\dist\css\bootstrap-utilities.css' for pattern '**/*.cshtml.js'
         Rejected asset 'wwwroot\lib\bootstrap\dist\css\bootstrap-utilities.css.map' for pattern '**/*.cshtml.js'
         Rejected asset 'wwwroot\lib\bootstrap\dist\css\bootstrap-utilities.min.css' for pattern '**/*.cshtml.js'
         Rejected asset 'wwwroot\lib\bootstrap\dist\css\bootstrap-utilities.min.css.map' for pattern '**/*.cshtml.js'
         Rejected asset 'wwwroot\lib\bootstrap\dist\css\bootstrap-utilities.rtl.css' for pattern '**/*.cshtml.js'
         Rejected asset 'wwwroot\lib\bootstrap\dist\css\bootstrap-utilities.rtl.css.map' for pattern '**/*.cshtml.js'
         Rejected asset 'wwwroot\lib\bootstrap\dist\css\bootstrap-utilities.rtl.min.css' for pattern '**/*.cshtml.js'
         Rejected asset 'wwwroot\lib\bootstrap\dist\css\bootstrap-utilities.rtl.min.css.map' for pattern '**/*.cshtml.js'
         Rejected asset 'wwwroot\lib\bootstrap\dist\css\bootstrap.css' for pattern '**/*.cshtml.js'
         Rejected asset 'wwwroot\lib\bootstrap\dist\css\bootstrap.css.map' for pattern '**/*.cshtml.js'
         Rejected asset 'wwwroot\lib\bootstrap\dist\css\bootstrap.min.css' for pattern '**/*.cshtml.js'
         Rejected asset 'wwwroot\lib\bootstrap\dist\css\bootstrap.min.css.map' for pattern '**/*.cshtml.js'
         Rejected asset 'wwwroot\lib\bootstrap\dist\css\bootstrap.rtl.css' for pattern '**/*.cshtml.js'
         Rejected asset 'wwwroot\lib\bootstrap\dist\css\bootstrap.rtl.css.map' for pattern '**/*.cshtml.js'
         Rejected asset 'wwwroot\lib\bootstrap\dist\css\bootstrap.rtl.min.css' for pattern '**/*.cshtml.js'
         Rejected asset 'wwwroot\lib\bootstrap\dist\css\bootstrap.rtl.min.css.map' for pattern '**/*.cshtml.js'
         Rejected asset 'wwwroot\lib\bootstrap\dist\js\bootstrap.bundle.js' for pattern '**/*.cshtml.js'
         Rejected asset 'wwwroot\lib\bootstrap\dist\js\bootstrap.bundle.js.map' for pattern '**/*.cshtml.js'
         Rejected asset 'wwwroot\lib\bootstrap\dist\js\bootstrap.bundle.min.js' for pattern '**/*.cshtml.js'
         Rejected asset 'wwwroot\lib\bootstrap\dist\js\bootstrap.bundle.min.js.map' for pattern '**/*.cshtml.js'
         Rejected asset 'wwwroot\lib\bootstrap\dist\js\bootstrap.esm.js' for pattern '**/*.cshtml.js'
         Rejected asset 'wwwroot\lib\bootstrap\dist\js\bootstrap.esm.js.map' for pattern '**/*.cshtml.js'
         Rejected asset 'wwwroot\lib\bootstrap\dist\js\bootstrap.esm.min.js' for pattern '**/*.cshtml.js'
         Rejected asset 'wwwroot\lib\bootstrap\dist\js\bootstrap.esm.min.js.map' for pattern '**/*.cshtml.js'
         Rejected asset 'wwwroot\lib\bootstrap\dist\js\bootstrap.js' for pattern '**/*.cshtml.js'
         Rejected asset 'wwwroot\lib\bootstrap\dist\js\bootstrap.js.map' for pattern '**/*.cshtml.js'
         Rejected asset 'wwwroot\lib\bootstrap\dist\js\bootstrap.min.js' for pattern '**/*.cshtml.js'
         Rejected asset 'wwwroot\lib\bootstrap\dist\js\bootstrap.min.js.map' for pattern '**/*.cshtml.js'
         Rejected asset 'wwwroot\lib\bootstrap\LICENSE' for pattern '**/*.cshtml.js'
         Rejected asset 'wwwroot\lib\jquery-validation-unobtrusive\jquery.validate.unobtrusive.js' for pattern '**/*.cshtml.js'
         Rejected asset 'wwwroot\lib\jquery-validation-unobtrusive\jquery.validate.unobtrusive.min.js' for pattern '**/*.cshtml.js'
         Rejected asset 'wwwroot\lib\jquery-validation-unobtrusive\LICENSE.txt' for pattern '**/*.cshtml.js'
         Rejected asset 'wwwroot\lib\jquery-validation\dist\additional-methods.js' for pattern '**/*.cshtml.js'
         Rejected asset 'wwwroot\lib\jquery-validation\dist\additional-methods.min.js' for pattern '**/*.cshtml.js'
         Rejected asset 'wwwroot\lib\jquery-validation\dist\jquery.validate.js' for pattern '**/*.cshtml.js'
         Rejected asset 'wwwroot\lib\jquery-validation\dist\jquery.validate.min.js' for pattern '**/*.cshtml.js'
         Rejected asset 'wwwroot\lib\jquery-validation\LICENSE.md' for pattern '**/*.cshtml.js'
         Rejected asset 'wwwroot\lib\jquery\dist\jquery.js' for pattern '**/*.cshtml.js'
         Rejected asset 'wwwroot\lib\jquery\dist\jquery.min.js' for pattern '**/*.cshtml.js'
         Rejected asset 'wwwroot\lib\jquery\dist\jquery.min.map' for pattern '**/*.cshtml.js'
         Rejected asset 'wwwroot\lib\jquery\LICENSE.txt' for pattern '**/*.cshtml.js'
         Rejected asset 'wwwroot\test-reports-api.html' for pattern '**/*.cshtml.js'
         Rejected asset 'wwwroot\uploads\images\1\28bdeb7e-dcef-4e9b-bba6-619980cd5821.webp' for pattern '**/*.cshtml.js'
         Rejected asset 'wwwroot\uploads\images\1\28bdeb7e-dcef-4e9b-bba6-619980cd5821_thumb.webp' for pattern '**/*.cshtml.js'
         Rejected asset 'wwwroot\uploads\images\1\3e17ba09-ea58-427a-b0d1-d3d741c26f10.jpg' for pattern '**/*.cshtml.js'
         Rejected asset 'wwwroot\uploads\images\1\3e17ba09-ea58-427a-b0d1-d3d741c26f10_thumb.jpg' for pattern '**/*.cshtml.js'
         Rejected asset 'wwwroot\uploads\images\1\5315bf71-5596-46df-b027-cc9fc0386358.jpg' for pattern '**/*.cshtml.js'
         Rejected asset 'wwwroot\uploads\images\1\5315bf71-5596-46df-b027-cc9fc0386358_thumb.jpg' for pattern '**/*.cshtml.js'
         Rejected asset 'wwwroot\uploads\images\1\6163ac46-d6a3-4968-b9b0-8b86d00928f0.jpg' for pattern '**/*.cshtml.js'
         Rejected asset 'wwwroot\uploads\images\1\6163ac46-d6a3-4968-b9b0-8b86d00928f0_thumb.jpg' for pattern '**/*.cshtml.js'
         Rejected asset 'wwwroot\uploads\images\1\6cf0e72c-2592-47c3-9154-e86ca159936d.jpg' for pattern '**/*.cshtml.js'
         Rejected asset 'wwwroot\uploads\images\1\6cf0e72c-2592-47c3-9154-e86ca159936d_thumb.jpg' for pattern '**/*.cshtml.js'
         Rejected asset 'wwwroot\uploads\images\1\b7ab8752-560d-49aa-9703-257f769ff3a6.jpg' for pattern '**/*.cshtml.js'
         Rejected asset 'wwwroot\uploads\images\1\b7ab8752-560d-49aa-9703-257f769ff3a6_thumb.jpg' for pattern '**/*.cshtml.js'
         Rejected asset 'wwwroot\uploads\images\2\fc9190f7-7372-461d-bbc3-82d8dc50ea2c.jpg' for pattern '**/*.cshtml.js'
         Rejected asset 'wwwroot\uploads\images\2\fc9190f7-7372-461d-bbc3-82d8dc50ea2c_thumb.jpg' for pattern '**/*.cshtml.js'
         Rejected asset 'wwwroot\uploads\profiles\1_7fae67f3-0c15-470d-bdff-b3605193bb49.png' for pattern '**/*.cshtml.js'
         Rejected asset 'wwwroot\uploads\profiles\1_a7227041-4857-42fb-aeae-d989bc0ced64.png' for pattern '**/*.cshtml.js'
         Rejected asset 'wwwroot\uploads\profiles\2_4ac3ee7b-2d97-4ccd-bcfe-4a2ce14a833b.jpg' for pattern '**/*.cshtml.js'
         Rejected asset 'wwwroot\uploads\profiles\2_ac93351b-17cc-4bb6-842d-860bbf6bef3e.png' for pattern '**/*.cshtml.js'
         Rejected asset 'wwwroot\uploads\profiles\2_ba6b8f33-748a-449e-93fa-952aa3cb09e2.jpg' for pattern '**/*.cshtml.js'
         Rejected asset 'wwwroot\uploads\profiles\3_0ce645e9-c76f-4f24-ab38-755402a3bc17.png' for pattern '**/*.cshtml.js'
         Rejected asset 'wwwroot\uploads\profiles\3_6f4c8657-4668-4c5e-907f-2f4dc07c56c1.jpg' for pattern '**/*.cshtml.js'
         Rejected asset 'appsettings.Development.json' for pattern '**/*.cshtml.js'
         Rejected asset 'appsettings.json' for pattern '**/*.cshtml.js'
         Rejected asset 'Pages\Admin\Dashboard.cshtml' for pattern '**/*.cshtml.js'
         Rejected asset 'Pages\Admin\MasterData\Categories.cshtml' for pattern '**/*.cshtml.js'
         Rejected asset 'Pages\Admin\Monitoring\AuditLogs.cshtml' for pattern '**/*.cshtml.js'
         Rejected asset 'Pages\Admin\Monitoring\Logs.cshtml' for pattern '**/*.cshtml.js'
         Rejected asset 'Pages\Admin\ServicePackages.cshtml' for pattern '**/*.cshtml.js'
         Rejected asset 'Pages\Admin\Settings\Index.cshtml' for pattern '**/*.cshtml.js'
         Rejected asset 'Pages\Admin\Transactions.cshtml' for pattern '**/*.cshtml.js'
         Rejected asset 'Pages\Admin\Users\Index.cshtml' for pattern '**/*.cshtml.js'
         Rejected asset 'Pages\Auth\ForgotPassword.cshtml' for pattern '**/*.cshtml.js'
         Rejected asset 'Pages\Auth\Login.cshtml' for pattern '**/*.cshtml.js'
         Rejected asset 'Pages\Auth\Logout.cshtml' for pattern '**/*.cshtml.js'
         Rejected asset 'Pages\Auth\Register.cshtml' for pattern '**/*.cshtml.js'
         Rejected asset 'Pages\Auth\ResetPassword.cshtml' for pattern '**/*.cshtml.js'
         Rejected asset 'Pages\Budgets\Index.cshtml' for pattern '**/*.cshtml.js'
         Rejected asset 'Pages\Categories\Index.cshtml' for pattern '**/*.cshtml.js'
         Rejected asset 'Pages\Contacts\Index.cshtml' for pattern '**/*.cshtml.js'
         Rejected asset 'Pages\Debts\Index.cshtml' for pattern '**/*.cshtml.js'
         Rejected asset 'Pages\Dev\TransactionsTests.cshtml' for pattern '**/*.cshtml.js'
         Rejected asset 'Pages\Groups\Index.cshtml' for pattern '**/*.cshtml.js'
         Rejected asset 'Pages\Home.cshtml' for pattern '**/*.cshtml.js'
         Rejected asset 'Pages\Index.cshtml' for pattern '**/*.cshtml.js'
         Rejected asset 'Pages\Investments\Index.cshtml' for pattern '**/*.cshtml.js'
         Rejected asset 'Pages\Notifications.cshtml' for pattern '**/*.cshtml.js'
         Rejected asset 'Pages\Onboarding\BasicSettings.cshtml' for pattern '**/*.cshtml.js'
         Rejected asset 'Pages\Onboarding\Complete.cshtml' for pattern '**/*.cshtml.js'
         Rejected asset 'Pages\Onboarding\CreateWallet.cshtml' for pattern '**/*.cshtml.js'
         Rejected asset 'Pages\Onboarding\Index.cshtml' for pattern '**/*.cshtml.js'
         Rejected asset 'Pages\Onboarding\SavingsGoal.cshtml' for pattern '**/*.cshtml.js'
         Rejected asset 'Pages\Onboarding\SetupCategories.cshtml' for pattern '**/*.cshtml.js'
         Rejected asset 'Pages\Onboarding\Splash.cshtml' for pattern '**/*.cshtml.js'
         Rejected asset 'Pages\Onboarding\Welcome.cshtml' for pattern '**/*.cshtml.js'
         Rejected asset 'Pages\Profile\Index.cshtml' for pattern '**/*.cshtml.js'
         Rejected asset 'Pages\Profile\MyWallet.cshtml' for pattern '**/*.cshtml.js'
         Rejected asset 'Pages\Profile\_WalletTransactions.cshtml' for pattern '**/*.cshtml.js'
         Rejected asset 'Pages\Reports\Index.cshtml' for pattern '**/*.cshtml.js'
         Rejected asset 'Pages\Savings\Index.cshtml' for pattern '**/*.cshtml.js'
         Rejected asset 'Pages\Savings\_SavingsModals.cshtml' for pattern '**/*.cshtml.js'
         Rejected asset 'Pages\ServicePackages.cshtml' for pattern '**/*.cshtml.js'
         Rejected asset 'Pages\Settings\Currencies.cshtml' for pattern '**/*.cshtml.js'
         Rejected asset 'Pages\Settings\Index.cshtml' for pattern '**/*.cshtml.js'
         Rejected asset 'Pages\Shared\_AdminHeader.cshtml' for pattern '**/*.cshtml.js'
         Rejected asset 'Pages\Shared\_AdminLayout.cshtml' for pattern '**/*.cshtml.js'
         Rejected asset 'Pages\Shared\_AiChatWidget.cshtml' for pattern '**/*.cshtml.js'
         Rejected asset 'Pages\Shared\_CreateTransactionModal.cshtml' for pattern '**/*.cshtml.js'
         Rejected asset 'Pages\Shared\_Header.cshtml' for pattern '**/*.cshtml.js'
         Rejected asset 'Pages\Shared\_Layout.cshtml' for pattern '**/*.cshtml.js'
         Rejected asset 'Pages\Shared\_LoginPartial.cshtml' for pattern '**/*.cshtml.js'
         Rejected asset 'Pages\Shared\_QuickAddModal.cshtml' for pattern '**/*.cshtml.js'
         Rejected asset 'Pages\Shared\_Sidebar.cshtml' for pattern '**/*.cshtml.js'
         Rejected asset 'Pages\Shared\_TopBar.cshtml' for pattern '**/*.cshtml.js'
         Rejected asset 'Pages\Shared\_TransactionModal.cshtml' for pattern '**/*.cshtml.js'
         Rejected asset 'Pages\Shared\_ValidationScriptsPartial.cshtml' for pattern '**/*.cshtml.js'
         Rejected asset 'Pages\Shared\_WalletSelector.cshtml' for pattern '**/*.cshtml.js'
         Rejected asset 'Pages\Subscription\Checkout.cshtml' for pattern '**/*.cshtml.js'
         Rejected asset 'Pages\Subscription\Failed.cshtml' for pattern '**/*.cshtml.js'
         Rejected asset 'Pages\Subscription\Index.cshtml' for pattern '**/*.cshtml.js'
         Rejected asset 'Pages\Subscription\Payment.cshtml' for pattern '**/*.cshtml.js'
         Rejected asset 'Pages\Subscription\Processing.cshtml' for pattern '**/*.cshtml.js'
         Rejected asset 'Pages\Subscription\Success.cshtml' for pattern '**/*.cshtml.js'
         Rejected asset 'Pages\Trading\Index.cshtml' for pattern '**/*.cshtml.js'
         Rejected asset 'Pages\Transactions\Create.cshtml' for pattern '**/*.cshtml.js'
         Rejected asset 'Pages\Transactions\Scheduled.cshtml' for pattern '**/*.cshtml.js'
         Rejected asset 'Pages\Wallets\Detail.cshtml' for pattern '**/*.cshtml.js'
         Rejected asset 'Pages\Wallets\Index.cshtml' for pattern '**/*.cshtml.js'
         Rejected asset 'Pages\Wallets\IndexModern.cshtml' for pattern '**/*.cshtml.js'
         Rejected asset 'Pages\Wallets\Shared\Index.cshtml' for pattern '**/*.cshtml.js'
         Rejected asset 'Pages\Wallets\_WalletModals.cshtml' for pattern '**/*.cshtml.js'
         Rejected asset 'Pages\Wallets\_WalletTransactions.cshtml' for pattern '**/*.cshtml.js'
         Rejected asset 'Pages\_ViewImports.cshtml' for pattern '**/*.cshtml.js'
         Rejected asset 'Pages\_ViewStart.cshtml' for pattern '**/*.cshtml.js'
         Rejected asset 'Pages\Shared\_Layout.cshtml.css' for pattern '**/*.cshtml.js'
         Rejected asset 'build.log' for pattern '**/*.cshtml.js'
         Rejected asset 'build_error.log' for pattern '**/*.cshtml.js'
         Rejected asset 'build_error_group.log' for pattern '**/*.cshtml.js'
         Rejected asset 'build_error_log.txt' for pattern '**/*.cshtml.js'
         Rejected asset 'build_log.txt' for pattern '**/*.cshtml.js'
         Rejected asset 'build_log_utf8.txt' for pattern '**/*.cshtml.js'
         Rejected asset 'build_output.log' for pattern '**/*.cshtml.js'
         Rejected asset 'build_output.txt' for pattern '**/*.cshtml.js'
         Rejected asset 'build_result.txt' for pattern '**/*.cshtml.js'
         Rejected asset 'build_result_utf8.txt' for pattern '**/*.cshtml.js'
         Rejected asset 'build_utf8.log' for pattern '**/*.cshtml.js'
         Rejected asset 'current_build_log.txt' for pattern '**/*.cshtml.js'
         Rejected asset 'errors.log' for pattern '**/*.cshtml.js'
         Rejected asset 'msbuild.log' for pattern '**/*.cshtml.js'
         Rejected asset 'mybuild.log' for pattern '**/*.cshtml.js'
         Rejected asset 'mybuild_utf8.log' for pattern '**/*.cshtml.js'
         Rejected asset 'Tests\TransactionTests.cs.bak' for pattern '**/*.cshtml.js'
         Rejected asset 'Properties\launchSettings.json' for pattern '**/*.cshtml.js'
         Link 'MoneyTrackerApp.exe' found for candidate 'F:\OJT-Review\MoneyTrackerApp\Expense-Manager\MoneyTrackerApp\MoneyTrackerApp\obj\Debug\net8.0\apphost.exe' and will be used for matching.
         Rejected asset 'MoneyTrackerApp.exe' for pattern '**/*.cshtml.js'
       Done executing task "DiscoverStaticWebAssets".
       Using "ApplyJsModules" task from assembly "C:\Program Files\dotnet\sdk\8.0.416\Sdks\Microsoft.NET.Sdk.StaticWebAssets\targets\..\tasks\net8.0\Microsoft.NET.Sdk.StaticWebAssets.Tasks.dll".
       Task "ApplyJsModules"
       Done executing task "ApplyJsModules".
   1:7>Done building target "_ResolveJsModuleInputs" in project "MoneyTrackerApp.csproj".
   1:7>Target "_AddJsModulesToStaticWebAssets" in file "C:\Program Files\dotnet\sdk\8.0.416\Sdks\Microsoft.NET.Sdk.StaticWebAssets\targets\Microsoft.NET.Sdk.StaticWebAssets.JSModules.targets" from project "F:\OJT-Review\MoneyTrackerApp\Expense-Manager\MoneyTrackerApp\MoneyTrackerApp\MoneyTrackerApp.csproj" (target "ResolveStaticWebAssetsInputs" depends on it):
   1:7>Done building target "_AddJsModulesToStaticWebAssets" in project "MoneyTrackerApp.csproj".
       Target "_ResolveJsModuleInputs" skipped. Previously built successfully.
       Target "ResolveReferencedProjectsStaticWebAssets" skipped. Previously built successfully.
   1:7>Target "_ResolveBuildJsModuleManifest" in file "C:\Program Files\dotnet\sdk\8.0.416\Sdks\Microsoft.NET.Sdk.StaticWebAssets\targets\Microsoft.NET.Sdk.StaticWebAssets.JSModules.targets" from project "F:\OJT-Review\MoneyTrackerApp\Expense-Manager\MoneyTrackerApp\MoneyTrackerApp\MoneyTrackerApp.csproj" (target "_AddBuildJsModuleManifest" depends on it):
       Task "DefineStaticWebAssets" skipped, due to false condition; (@(_ExistingBuildJSModules) != '') was evaluated as ( != '').
   1:7>Done building target "_ResolveBuildJsModuleManifest" in project "MoneyTrackerApp.csproj".
   1:7>Target "_AddBuildJsModuleManifest" in file "C:\Program Files\dotnet\sdk\8.0.416\Sdks\Microsoft.NET.Sdk.StaticWebAssets\targets\Microsoft.NET.Sdk.StaticWebAssets.JSModules.targets" from project "F:\OJT-Review\MoneyTrackerApp\Expense-Manager\MoneyTrackerApp\MoneyTrackerApp\MoneyTrackerApp.csproj" (target "ResolveStaticWebAssetsInputs" depends on it):
   1:7>Done building target "_AddBuildJsModuleManifest" in project "MoneyTrackerApp.csproj".
   1:7>Target "_ResolveCompressedFiles" in file "C:\Program Files\dotnet\sdk\8.0.416\Sdks\Microsoft.NET.Sdk.StaticWebAssets\targets\Microsoft.NET.Sdk.StaticWebAssets.Compression.targets" from project "F:\OJT-Review\MoneyTrackerApp\Expense-Manager\MoneyTrackerApp\MoneyTrackerApp\MoneyTrackerApp.csproj" (target "ResolveStaticWebAssetsInputs" depends on it):
       Using "ResolveCompressedAssets" task from assembly "C:\Program Files\dotnet\sdk\8.0.416\Sdks\Microsoft.NET.Sdk.StaticWebAssets\targets\..\tasks\net8.0\Microsoft.NET.Sdk.StaticWebAssets.Tasks.dll".
       Task "ResolveCompressedAssets"
         Asset 'F:\OJT-Review\MoneyTrackerApp\Expense-Manager\MoneyTrackerApp\MoneyTrackerApp\wwwroot\css\admin-dark.css' with relative path 'css/admin-dark.css' did not match include pattern '' or matched exclude pattern ''.
         Asset 'F:\OJT-Review\MoneyTrackerApp\Expense-Manager\MoneyTrackerApp\MoneyTrackerApp\wwwroot\css\animations.css' with relative path 'css/animations.css' did not match include pattern '' or matched exclude pattern ''.
         Asset 'F:\OJT-Review\MoneyTrackerApp\Expense-Manager\MoneyTrackerApp\MoneyTrackerApp\wwwroot\css\auth.css' with relative path 'css/auth.css' did not match include pattern '' or matched exclude pattern ''.
         Asset 'F:\OJT-Review\MoneyTrackerApp\Expense-Manager\MoneyTrackerApp\MoneyTrackerApp\wwwroot\css\bento-grid.css' with relative path 'css/bento-grid.css' did not match include pattern '' or matched exclude pattern ''.
         Asset 'F:\OJT-Review\MoneyTrackerApp\Expense-Manager\MoneyTrackerApp\MoneyTrackerApp\wwwroot\css\bento-system.css' with relative path 'css/bento-system.css' did not match include pattern '' or matched exclude pattern ''.
         Asset 'F:\OJT-Review\MoneyTrackerApp\Expense-Manager\MoneyTrackerApp\MoneyTrackerApp\wwwroot\css\budgets.css' with relative path 'css/budgets.css' did not match include pattern '' or matched exclude pattern ''.
         Asset 'F:\OJT-Review\MoneyTrackerApp\Expense-Manager\MoneyTrackerApp\MoneyTrackerApp\wwwroot\css\checkout-enhanced.css' with relative path 'css/checkout-enhanced.css' did not match include pattern '' or matched exclude pattern ''.
         Asset 'F:\OJT-Review\MoneyTrackerApp\Expense-Manager\MoneyTrackerApp\MoneyTrackerApp\wwwroot\css\checkout.css' with relative path 'css/checkout.css' did not match include pattern '' or matched exclude pattern ''.
         Asset 'F:\OJT-Review\MoneyTrackerApp\Expense-Manager\MoneyTrackerApp\MoneyTrackerApp\wwwroot\css\christmas.css' with relative path 'css/christmas.css' did not match include pattern '' or matched exclude pattern ''.
         Asset 'F:\OJT-Review\MoneyTrackerApp\Expense-Manager\MoneyTrackerApp\MoneyTrackerApp\wwwroot\css\contacts.css' with relative path 'css/contacts.css' did not match include pattern '' or matched exclude pattern ''.
         Asset 'F:\OJT-Review\MoneyTrackerApp\Expense-Manager\MoneyTrackerApp\MoneyTrackerApp\wwwroot\css\debts.css' with relative path 'css/debts.css' did not match include pattern '' or matched exclude pattern ''.
         Asset 'F:\OJT-Review\MoneyTrackerApp\Expense-Manager\MoneyTrackerApp\MoneyTrackerApp\wwwroot\css\design-system.css' with relative path 'css/design-system.css' did not match include pattern '' or matched exclude pattern ''.
         Asset 'F:\OJT-Review\MoneyTrackerApp\Expense-Manager\MoneyTrackerApp\MoneyTrackerApp\wwwroot\css\groups.css' with relative path 'css/groups.css' did not match include pattern '' or matched exclude pattern ''.
         Asset 'F:\OJT-Review\MoneyTrackerApp\Expense-Manager\MoneyTrackerApp\MoneyTrackerApp\wwwroot\css\header.css' with relative path 'css/header.css' did not match include pattern '' or matched exclude pattern ''.
         Asset 'F:\OJT-Review\MoneyTrackerApp\Expense-Manager\MoneyTrackerApp\MoneyTrackerApp\wwwroot\css\home.css' with relative path 'css/home.css' did not match include pattern '' or matched exclude pattern ''.
         Asset 'F:\OJT-Review\MoneyTrackerApp\Expense-Manager\MoneyTrackerApp\MoneyTrackerApp\wwwroot\css\investments.css' with relative path 'css/investments.css' did not match include pattern '' or matched exclude pattern ''.
         Asset 'F:\OJT-Review\MoneyTrackerApp\Expense-Manager\MoneyTrackerApp\MoneyTrackerApp\wwwroot\css\main.css' with relative path 'css/main.css' did not match include pattern '' or matched exclude pattern ''.
         Asset 'F:\OJT-Review\MoneyTrackerApp\Expense-Manager\MoneyTrackerApp\MoneyTrackerApp\wwwroot\css\micro-interactions.css' with relative path 'css/micro-interactions.css' did not match include pattern '' or matched exclude pattern ''.
         Asset 'F:\OJT-Review\MoneyTrackerApp\Expense-Manager\MoneyTrackerApp\MoneyTrackerApp\wwwroot\css\modern-pages.css' with relative path 'css/modern-pages.css' did not match include pattern '' or matched exclude pattern ''.
         Asset 'F:\OJT-Review\MoneyTrackerApp\Expense-Manager\MoneyTrackerApp\MoneyTrackerApp\wwwroot\css\onboarding.css' with relative path 'css/onboarding.css' did not match include pattern '' or matched exclude pattern ''.
         Asset 'F:\OJT-Review\MoneyTrackerApp\Expense-Manager\MoneyTrackerApp\MoneyTrackerApp\wwwroot\css\reports-accessibility.css' with relative path 'css/reports-accessibility.css' did not match include pattern '' or matched exclude pattern ''.
         Asset 'F:\OJT-Review\MoneyTrackerApp\Expense-Manager\MoneyTrackerApp\MoneyTrackerApp\wwwroot\css\reports-modern.css' with relative path 'css/reports-modern.css' did not match include pattern '' or matched exclude pattern ''.
         Asset 'F:\OJT-Review\MoneyTrackerApp\Expense-Manager\MoneyTrackerApp\MoneyTrackerApp\wwwroot\css\reports.css' with relative path 'css/reports.css' did not match include pattern '' or matched exclude pattern ''.
         Asset 'F:\OJT-Review\MoneyTrackerApp\Expense-Manager\MoneyTrackerApp\MoneyTrackerApp\wwwroot\css\savings.css' with relative path 'css/savings.css' did not match include pattern '' or matched exclude pattern ''.
         Asset 'F:\OJT-Review\MoneyTrackerApp\Expense-Manager\MoneyTrackerApp\MoneyTrackerApp\wwwroot\css\service-packages.css' with relative path 'css/service-packages.css' did not match include pattern '' or matched exclude pattern ''.
         Asset 'F:\OJT-Review\MoneyTrackerApp\Expense-Manager\MoneyTrackerApp\MoneyTrackerApp\wwwroot\css\settings.css' with relative path 'css/settings.css' did not match include pattern '' or matched exclude pattern ''.
         Asset 'F:\OJT-Review\MoneyTrackerApp\Expense-Manager\MoneyTrackerApp\MoneyTrackerApp\wwwroot\css\shared-wallets.css' with relative path 'css/shared-wallets.css' did not match include pattern '' or matched exclude pattern ''.
         Asset 'F:\OJT-Review\MoneyTrackerApp\Expense-Manager\MoneyTrackerApp\MoneyTrackerApp\wwwroot\css\site.css' with relative path 'css/site.css' did not match include pattern '' or matched exclude pattern ''.
         Asset 'F:\OJT-Review\MoneyTrackerApp\Expense-Manager\MoneyTrackerApp\MoneyTrackerApp\wwwroot\css\theme-variables.css' with relative path 'css/theme-variables.css' did not match include pattern '' or matched exclude pattern ''.
         Asset 'F:\OJT-Review\MoneyTrackerApp\Expense-Manager\MoneyTrackerApp\MoneyTrackerApp\wwwroot\css\trading.css' with relative path 'css/trading.css' did not match include pattern '' or matched exclude pattern ''.
         Asset 'F:\OJT-Review\MoneyTrackerApp\Expense-Manager\MoneyTrackerApp\MoneyTrackerApp\wwwroot\css\wallet-detail-modern.css' with relative path 'css/wallet-detail-modern.css' did not match include pattern '' or matched exclude pattern ''.
         Asset 'F:\OJT-Review\MoneyTrackerApp\Expense-Manager\MoneyTrackerApp\MoneyTrackerApp\wwwroot\css\wallet-modern.css' with relative path 'css/wallet-modern.css' did not match include pattern '' or matched exclude pattern ''.
         Asset 'F:\OJT-Review\MoneyTrackerApp\Expense-Manager\MoneyTrackerApp\MoneyTrackerApp\wwwroot\css\wallet-page.css' with relative path 'css/wallet-page.css' did not match include pattern '' or matched exclude pattern ''.
         Asset 'F:\OJT-Review\MoneyTrackerApp\Expense-Manager\MoneyTrackerApp\MoneyTrackerApp\wwwroot\css\wallets.css' with relative path 'css/wallets.css' did not match include pattern '' or matched exclude pattern ''.
         Asset 'F:\OJT-Review\MoneyTrackerApp\Expense-Manager\MoneyTrackerApp\MoneyTrackerApp\wwwroot\docs\Reports_Trading_Enhancements.md' with relative path 'docs/Reports_Trading_Enhancements.md' did not match include pattern '' or matched exclude pattern ''.
         Asset 'F:\OJT-Review\MoneyTrackerApp\Expense-Manager\MoneyTrackerApp\MoneyTrackerApp\wwwroot\docs\requirement_update.md' with relative path 'docs/requirement_update.md' did not match include pattern '' or matched exclude pattern ''.
         Asset 'F:\OJT-Review\MoneyTrackerApp\Expense-Manager\MoneyTrackerApp\MoneyTrackerApp\wwwroot\favicon.ico' with relative path 'favicon.ico' did not match include pattern '' or matched exclude pattern ''.
         Asset 'F:\OJT-Review\MoneyTrackerApp\Expense-Manager\MoneyTrackerApp\MoneyTrackerApp\wwwroot\js\admin-service-packages.js' with relative path 'js/admin-service-packages.js' did not match include pattern '' or matched exclude pattern ''.
         Asset 'F:\OJT-Review\MoneyTrackerApp\Expense-Manager\MoneyTrackerApp\MoneyTrackerApp\wwwroot\js\api-mock.js' with relative path 'js/api-mock.js' did not match include pattern '' or matched exclude pattern ''.
         Asset 'F:\OJT-Review\MoneyTrackerApp\Expense-Manager\MoneyTrackerApp\MoneyTrackerApp\wwwroot\js\auth.js' with relative path 'js/auth.js' did not match include pattern '' or matched exclude pattern ''.
         Asset 'F:\OJT-Review\MoneyTrackerApp\Expense-Manager\MoneyTrackerApp\MoneyTrackerApp\wwwroot\js\budgets.js' with relative path 'js/budgets.js' did not match include pattern '' or matched exclude pattern ''.
         Asset 'F:\OJT-Review\MoneyTrackerApp\Expense-Manager\MoneyTrackerApp\MoneyTrackerApp\wwwroot\js\charts-config.js' with relative path 'js/charts-config.js' did not match include pattern '' or matched exclude pattern ''.
         Asset 'F:\OJT-Review\MoneyTrackerApp\Expense-Manager\MoneyTrackerApp\MoneyTrackerApp\wwwroot\js\christmas.js' with relative path 'js/christmas.js' did not match include pattern '' or matched exclude pattern ''.
         Asset 'F:\OJT-Review\MoneyTrackerApp\Expense-Manager\MoneyTrackerApp\MoneyTrackerApp\wwwroot\js\contacts.js' with relative path 'js/contacts.js' did not match include pattern '' or matched exclude pattern ''.
         Asset 'F:\OJT-Review\MoneyTrackerApp\Expense-Manager\MoneyTrackerApp\MoneyTrackerApp\wwwroot\js\debts.js' with relative path 'js/debts.js' did not match include pattern '' or matched exclude pattern ''.
         Asset 'F:\OJT-Review\MoneyTrackerApp\Expense-Manager\MoneyTrackerApp\MoneyTrackerApp\wwwroot\js\frontend-error-tests.js' with relative path 'js/frontend-error-tests.js' did not match include pattern '' or matched exclude pattern ''.
         Asset 'F:\OJT-Review\MoneyTrackerApp\Expense-Manager\MoneyTrackerApp\MoneyTrackerApp\wwwroot\js\global-transaction-modal.js' with relative path 'js/global-transaction-modal.js' did not match include pattern '' or matched exclude pattern ''.
         Asset 'F:\OJT-Review\MoneyTrackerApp\Expense-Manager\MoneyTrackerApp\MoneyTrackerApp\wwwroot\js\groups-tests.js' with relative path 'js/groups-tests.js' did not match include pattern '' or matched exclude pattern ''.
         Asset 'F:\OJT-Review\MoneyTrackerApp\Expense-Manager\MoneyTrackerApp\MoneyTrackerApp\wwwroot\js\groups.js' with relative path 'js/groups.js' did not match include pattern '' or matched exclude pattern ''.
         Asset 'F:\OJT-Review\MoneyTrackerApp\Expense-Manager\MoneyTrackerApp\MoneyTrackerApp\wwwroot\js\header.js' with relative path 'js/header.js' did not match include pattern '' or matched exclude pattern ''.
         Asset 'F:\OJT-Review\MoneyTrackerApp\Expense-Manager\MoneyTrackerApp\MoneyTrackerApp\wwwroot\js\home.js' with relative path 'js/home.js' did not match include pattern '' or matched exclude pattern ''.
         Asset 'F:\OJT-Review\MoneyTrackerApp\Expense-Manager\MoneyTrackerApp\MoneyTrackerApp\wwwroot\js\investments.js' with relative path 'js/investments.js' did not match include pattern '' or matched exclude pattern ''.
         Asset 'F:\OJT-Review\MoneyTrackerApp\Expense-Manager\MoneyTrackerApp\MoneyTrackerApp\wwwroot\js\micro-interactions.js' with relative path 'js/micro-interactions.js' did not match include pattern '' or matched exclude pattern ''.
         Asset 'F:\OJT-Review\MoneyTrackerApp\Expense-Manager\MoneyTrackerApp\MoneyTrackerApp\wwwroot\js\onboarding-basic-settings.js' with relative path 'js/onboarding-basic-settings.js' did not match include pattern '' or matched exclude pattern ''.
         Asset 'F:\OJT-Review\MoneyTrackerApp\Expense-Manager\MoneyTrackerApp\MoneyTrackerApp\wwwroot\js\onboarding-create-wallet.js' with relative path 'js/onboarding-create-wallet.js' did not match include pattern '' or matched exclude pattern ''.
         Asset 'F:\OJT-Review\MoneyTrackerApp\Expense-Manager\MoneyTrackerApp\MoneyTrackerApp\wwwroot\js\onboarding-savings-goal.js' with relative path 'js/onboarding-savings-goal.js' did not match include pattern '' or matched exclude pattern ''.
         Asset 'F:\OJT-Review\MoneyTrackerApp\Expense-Manager\MoneyTrackerApp\MoneyTrackerApp\wwwroot\js\onboarding-setup-categories.js' with relative path 'js/onboarding-setup-categories.js' did not match include pattern '' or matched exclude pattern ''.
         Asset 'F:\OJT-Review\MoneyTrackerApp\Expense-Manager\MoneyTrackerApp\MoneyTrackerApp\wwwroot\js\onboarding-welcome.js' with relative path 'js/onboarding-welcome.js' did not match include pattern '' or matched exclude pattern ''.
         Asset 'F:\OJT-Review\MoneyTrackerApp\Expense-Manager\MoneyTrackerApp\MoneyTrackerApp\wwwroot\js\onboarding.js' with relative path 'js/onboarding.js' did not match include pattern '' or matched exclude pattern ''.
         Asset 'F:\OJT-Review\MoneyTrackerApp\Expense-Manager\MoneyTrackerApp\MoneyTrackerApp\wwwroot\js\performance.js' with relative path 'js/performance.js' did not match include pattern '' or matched exclude pattern ''.
         Asset 'F:\OJT-Review\MoneyTrackerApp\Expense-Manager\MoneyTrackerApp\MoneyTrackerApp\wwwroot\js\quick-add.js' with relative path 'js/quick-add.js' did not match include pattern '' or matched exclude pattern ''.
         Asset 'F:\OJT-Review\MoneyTrackerApp\Expense-Manager\MoneyTrackerApp\MoneyTrackerApp\wwwroot\js\reports.js' with relative path 'js/reports.js' did not match include pattern '' or matched exclude pattern ''.
         Asset 'F:\OJT-Review\MoneyTrackerApp\Expense-Manager\MoneyTrackerApp\MoneyTrackerApp\wwwroot\js\savings.js' with relative path 'js/savings.js' did not match include pattern '' or matched exclude pattern ''.
         Asset 'F:\OJT-Review\MoneyTrackerApp\Expense-Manager\MoneyTrackerApp\MoneyTrackerApp\wwwroot\js\service-packages.js' with relative path 'js/service-packages.js' did not match include pattern '' or matched exclude pattern ''.
         Asset 'F:\OJT-Review\MoneyTrackerApp\Expense-Manager\MoneyTrackerApp\MoneyTrackerApp\wwwroot\js\shared-wallets.js' with relative path 'js/shared-wallets.js' did not match include pattern '' or matched exclude pattern ''.
         Asset 'F:\OJT-Review\MoneyTrackerApp\Expense-Manager\MoneyTrackerApp\MoneyTrackerApp\wwwroot\js\site.js' with relative path 'js/site.js' did not match include pattern '' or matched exclude pattern ''.
         Asset 'F:\OJT-Review\MoneyTrackerApp\Expense-Manager\MoneyTrackerApp\MoneyTrackerApp\wwwroot\js\subscription-utils.js' with relative path 'js/subscription-utils.js' did not match include pattern '' or matched exclude pattern ''.
         Asset 'F:\OJT-Review\MoneyTrackerApp\Expense-Manager\MoneyTrackerApp\MoneyTrackerApp\wwwroot\js\theme-manager.js' with relative path 'js/theme-manager.js' did not match include pattern '' or matched exclude pattern ''.
         Asset 'F:\OJT-Review\MoneyTrackerApp\Expense-Manager\MoneyTrackerApp\MoneyTrackerApp\wwwroot\js\trading.js' with relative path 'js/trading.js' did not match include pattern '' or matched exclude pattern ''.
         Asset 'F:\OJT-Review\MoneyTrackerApp\Expense-Manager\MoneyTrackerApp\MoneyTrackerApp\wwwroot\js\transactions-utils.js' with relative path 'js/transactions-utils.js' did not match include pattern '' or matched exclude pattern ''.
         Asset 'F:\OJT-Review\MoneyTrackerApp\Expense-Manager\MoneyTrackerApp\MoneyTrackerApp\wwwroot\js\vnpay-checkout.js' with relative path 'js/vnpay-checkout.js' did not match include pattern '' or matched exclude pattern ''.
         Asset 'F:\OJT-Review\MoneyTrackerApp\Expense-Manager\MoneyTrackerApp\MoneyTrackerApp\wwwroot\js\wallet-detail.js' with relative path 'js/wallet-detail.js' did not match include pattern '' or matched exclude pattern ''.
         Asset 'F:\OJT-Review\MoneyTrackerApp\Expense-Manager\MoneyTrackerApp\MoneyTrackerApp\wwwroot\js\wallet-page.js' with relative path 'js/wallet-page.js' did not match include pattern '' or matched exclude pattern ''.
         Asset 'F:\OJT-Review\MoneyTrackerApp\Expense-Manager\MoneyTrackerApp\MoneyTrackerApp\wwwroot\lib\bootstrap\dist\css\bootstrap-grid.css' with relative path 'lib/bootstrap/dist/css/bootstrap-grid.css' did not match include pattern '' or matched exclude pattern ''.
         Asset 'F:\OJT-Review\MoneyTrackerApp\Expense-Manager\MoneyTrackerApp\MoneyTrackerApp\wwwroot\lib\bootstrap\dist\css\bootstrap-grid.css.map' with relative path 'lib/bootstrap/dist/css/bootstrap-grid.css.map' did not match include pattern '' or matched exclude pattern ''.
         Asset 'F:\OJT-Review\MoneyTrackerApp\Expense-Manager\MoneyTrackerApp\MoneyTrackerApp\wwwroot\lib\bootstrap\dist\css\bootstrap-grid.min.css' with relative path 'lib/bootstrap/dist/css/bootstrap-grid.min.css' did not match include pattern '' or matched exclude pattern ''.
         Asset 'F:\OJT-Review\MoneyTrackerApp\Expense-Manager\MoneyTrackerApp\MoneyTrackerApp\wwwroot\lib\bootstrap\dist\css\bootstrap-grid.min.css.map' with relative path 'lib/bootstrap/dist/css/bootstrap-grid.min.css.map' did not match include pattern '' or matched exclude pattern ''.
         Asset 'F:\OJT-Review\MoneyTrackerApp\Expense-Manager\MoneyTrackerApp\MoneyTrackerApp\wwwroot\lib\bootstrap\dist\css\bootstrap-grid.rtl.css' with relative path 'lib/bootstrap/dist/css/bootstrap-grid.rtl.css' did not match include pattern '' or matched exclude pattern ''.
         Asset 'F:\OJT-Review\MoneyTrackerApp\Expense-Manager\MoneyTrackerApp\MoneyTrackerApp\wwwroot\lib\bootstrap\dist\css\bootstrap-grid.rtl.css.map' with relative path 'lib/bootstrap/dist/css/bootstrap-grid.rtl.css.map' did not match include pattern '' or matched exclude pattern ''.
         Asset 'F:\OJT-Review\MoneyTrackerApp\Expense-Manager\MoneyTrackerApp\MoneyTrackerApp\wwwroot\lib\bootstrap\dist\css\bootstrap-grid.rtl.min.css' with relative path 'lib/bootstrap/dist/css/bootstrap-grid.rtl.min.css' did not match include pattern '' or matched exclude pattern ''.
         Asset 'F:\OJT-Review\MoneyTrackerApp\Expense-Manager\MoneyTrackerApp\MoneyTrackerApp\wwwroot\lib\bootstrap\dist\css\bootstrap-grid.rtl.min.css.map' with relative path 'lib/bootstrap/dist/css/bootstrap-grid.rtl.min.css.map' did not match include pattern '' or matched exclude pattern ''.
         Asset 'F:\OJT-Review\MoneyTrackerApp\Expense-Manager\MoneyTrackerApp\MoneyTrackerApp\wwwroot\lib\bootstrap\dist\css\bootstrap-reboot.css' with relative path 'lib/bootstrap/dist/css/bootstrap-reboot.css' did not match include pattern '' or matched exclude pattern ''.
         Asset 'F:\OJT-Review\MoneyTrackerApp\Expense-Manager\MoneyTrackerApp\MoneyTrackerApp\wwwroot\lib\bootstrap\dist\css\bootstrap-reboot.css.map' with relative path 'lib/bootstrap/dist/css/bootstrap-reboot.css.map' did not match include pattern '' or matched exclude pattern ''.
         Asset 'F:\OJT-Review\MoneyTrackerApp\Expense-Manager\MoneyTrackerApp\MoneyTrackerApp\wwwroot\lib\bootstrap\dist\css\bootstrap-reboot.min.css' with relative path 'lib/bootstrap/dist/css/bootstrap-reboot.min.css' did not match include pattern '' or matched exclude pattern ''.
         Asset 'F:\OJT-Review\MoneyTrackerApp\Expense-Manager\MoneyTrackerApp\MoneyTrackerApp\wwwroot\lib\bootstrap\dist\css\bootstrap-reboot.min.css.map' with relative path 'lib/bootstrap/dist/css/bootstrap-reboot.min.css.map' did not match include pattern '' or matched exclude pattern ''.
         Asset 'F:\OJT-Review\MoneyTrackerApp\Expense-Manager\MoneyTrackerApp\MoneyTrackerApp\wwwroot\lib\bootstrap\dist\css\bootstrap-reboot.rtl.css' with relative path 'lib/bootstrap/dist/css/bootstrap-reboot.rtl.css' did not match include pattern '' or matched exclude pattern ''.
         Asset 'F:\OJT-Review\MoneyTrackerApp\Expense-Manager\MoneyTrackerApp\MoneyTrackerApp\wwwroot\lib\bootstrap\dist\css\bootstrap-reboot.rtl.css.map' with relative path 'lib/bootstrap/dist/css/bootstrap-reboot.rtl.css.map' did not match include pattern '' or matched exclude pattern ''.
         Asset 'F:\OJT-Review\MoneyTrackerApp\Expense-Manager\MoneyTrackerApp\MoneyTrackerApp\wwwroot\lib\bootstrap\dist\css\bootstrap-reboot.rtl.min.css' with relative path 'lib/bootstrap/dist/css/bootstrap-reboot.rtl.min.css' did not match include pattern '' or matched exclude pattern ''.
         Asset 'F:\OJT-Review\MoneyTrackerApp\Expense-Manager\MoneyTrackerApp\MoneyTrackerApp\wwwroot\lib\bootstrap\dist\css\bootstrap-reboot.rtl.min.css.map' with relative path 'lib/bootstrap/dist/css/bootstrap-reboot.rtl.min.css.map' did not match include pattern '' or matched exclude pattern ''.
         Asset 'F:\OJT-Review\MoneyTrackerApp\Expense-Manager\MoneyTrackerApp\MoneyTrackerApp\wwwroot\lib\bootstrap\dist\css\bootstrap-utilities.css' with relative path 'lib/bootstrap/dist/css/bootstrap-utilities.css' did not match include pattern '' or matched exclude pattern ''.
         Asset 'F:\OJT-Review\MoneyTrackerApp\Expense-Manager\MoneyTrackerApp\MoneyTrackerApp\wwwroot\lib\bootstrap\dist\css\bootstrap-utilities.css.map' with relative path 'lib/bootstrap/dist/css/bootstrap-utilities.css.map' did not match include pattern '' or matched exclude pattern ''.
         Asset 'F:\OJT-Review\MoneyTrackerApp\Expense-Manager\MoneyTrackerApp\MoneyTrackerApp\wwwroot\lib\bootstrap\dist\css\bootstrap-utilities.min.css' with relative path 'lib/bootstrap/dist/css/bootstrap-utilities.min.css' did not match include pattern '' or matched exclude pattern ''.
         Asset 'F:\OJT-Review\MoneyTrackerApp\Expense-Manager\MoneyTrackerApp\MoneyTrackerApp\wwwroot\lib\bootstrap\dist\css\bootstrap-utilities.min.css.map' with relative path 'lib/bootstrap/dist/css/bootstrap-utilities.min.css.map' did not match include pattern '' or matched exclude pattern ''.
         Asset 'F:\OJT-Review\MoneyTrackerApp\Expense-Manager\MoneyTrackerApp\MoneyTrackerApp\wwwroot\lib\bootstrap\dist\css\bootstrap-utilities.rtl.css' with relative path 'lib/bootstrap/dist/css/bootstrap-utilities.rtl.css' did not match include pattern '' or matched exclude pattern ''.
         Asset 'F:\OJT-Review\MoneyTrackerApp\Expense-Manager\MoneyTrackerApp\MoneyTrackerApp\wwwroot\lib\bootstrap\dist\css\bootstrap-utilities.rtl.css.map' with relative path 'lib/bootstrap/dist/css/bootstrap-utilities.rtl.css.map' did not match include pattern '' or matched exclude pattern ''.
         Asset 'F:\OJT-Review\MoneyTrackerApp\Expense-Manager\MoneyTrackerApp\MoneyTrackerApp\wwwroot\lib\bootstrap\dist\css\bootstrap-utilities.rtl.min.css' with relative path 'lib/bootstrap/dist/css/bootstrap-utilities.rtl.min.css' did not match include pattern '' or matched exclude pattern ''.
         Asset 'F:\OJT-Review\MoneyTrackerApp\Expense-Manager\MoneyTrackerApp\MoneyTrackerApp\wwwroot\lib\bootstrap\dist\css\bootstrap-utilities.rtl.min.css.map' with relative path 'lib/bootstrap/dist/css/bootstrap-utilities.rtl.min.css.map' did not match include pattern '' or matched exclude pattern ''.
         Asset 'F:\OJT-Review\MoneyTrackerApp\Expense-Manager\MoneyTrackerApp\MoneyTrackerApp\wwwroot\lib\bootstrap\dist\css\bootstrap.css' with relative path 'lib/bootstrap/dist/css/bootstrap.css' did not match include pattern '' or matched exclude pattern ''.
         Asset 'F:\OJT-Review\MoneyTrackerApp\Expense-Manager\MoneyTrackerApp\MoneyTrackerApp\wwwroot\lib\bootstrap\dist\css\bootstrap.css.map' with relative path 'lib/bootstrap/dist/css/bootstrap.css.map' did not match include pattern '' or matched exclude pattern ''.
         Asset 'F:\OJT-Review\MoneyTrackerApp\Expense-Manager\MoneyTrackerApp\MoneyTrackerApp\wwwroot\lib\bootstrap\dist\css\bootstrap.min.css' with relative path 'lib/bootstrap/dist/css/bootstrap.min.css' did not match include pattern '' or matched exclude pattern ''.
         Asset 'F:\OJT-Review\MoneyTrackerApp\Expense-Manager\MoneyTrackerApp\MoneyTrackerApp\wwwroot\lib\bootstrap\dist\css\bootstrap.min.css.map' with relative path 'lib/bootstrap/dist/css/bootstrap.min.css.map' did not match include pattern '' or matched exclude pattern ''.
         Asset 'F:\OJT-Review\MoneyTrackerApp\Expense-Manager\MoneyTrackerApp\MoneyTrackerApp\wwwroot\lib\bootstrap\dist\css\bootstrap.rtl.css' with relative path 'lib/bootstrap/dist/css/bootstrap.rtl.css' did not match include pattern '' or matched exclude pattern ''.
         Asset 'F:\OJT-Review\MoneyTrackerApp\Expense-Manager\MoneyTrackerApp\MoneyTrackerApp\wwwroot\lib\bootstrap\dist\css\bootstrap.rtl.css.map' with relative path 'lib/bootstrap/dist/css/bootstrap.rtl.css.map' did not match include pattern '' or matched exclude pattern ''.
         Asset 'F:\OJT-Review\MoneyTrackerApp\Expense-Manager\MoneyTrackerApp\MoneyTrackerApp\wwwroot\lib\bootstrap\dist\css\bootstrap.rtl.min.css' with relative path 'lib/bootstrap/dist/css/bootstrap.rtl.min.css' did not match include pattern '' or matched exclude pattern ''.
         Asset 'F:\OJT-Review\MoneyTrackerApp\Expense-Manager\MoneyTrackerApp\MoneyTrackerApp\wwwroot\lib\bootstrap\dist\css\bootstrap.rtl.min.css.map' with relative path 'lib/bootstrap/dist/css/bootstrap.rtl.min.css.map' did not match include pattern '' or matched exclude pattern ''.
         Asset 'F:\OJT-Review\MoneyTrackerApp\Expense-Manager\MoneyTrackerApp\MoneyTrackerApp\wwwroot\lib\bootstrap\dist\js\bootstrap.bundle.js' with relative path 'lib/bootstrap/dist/js/bootstrap.bundle.js' did not match include pattern '' or matched exclude pattern ''.
         Asset 'F:\OJT-Review\MoneyTrackerApp\Expense-Manager\MoneyTrackerApp\MoneyTrackerApp\wwwroot\lib\bootstrap\dist\js\bootstrap.bundle.js.map' with relative path 'lib/bootstrap/dist/js/bootstrap.bundle.js.map' did not match include pattern '' or matched exclude pattern ''.
         Asset 'F:\OJT-Review\MoneyTrackerApp\Expense-Manager\MoneyTrackerApp\MoneyTrackerApp\wwwroot\lib\bootstrap\dist\js\bootstrap.bundle.min.js' with relative path 'lib/bootstrap/dist/js/bootstrap.bundle.min.js' did not match include pattern '' or matched exclude pattern ''.
         Asset 'F:\OJT-Review\MoneyTrackerApp\Expense-Manager\MoneyTrackerApp\MoneyTrackerApp\wwwroot\lib\bootstrap\dist\js\bootstrap.bundle.min.js.map' with relative path 'lib/bootstrap/dist/js/bootstrap.bundle.min.js.map' did not match include pattern '' or matched exclude pattern ''.
         Asset 'F:\OJT-Review\MoneyTrackerApp\Expense-Manager\MoneyTrackerApp\MoneyTrackerApp\wwwroot\lib\bootstrap\dist\js\bootstrap.esm.js' with relative path 'lib/bootstrap/dist/js/bootstrap.esm.js' did not match include pattern '' or matched exclude pattern ''.
         Asset 'F:\OJT-Review\MoneyTrackerApp\Expense-Manager\MoneyTrackerApp\MoneyTrackerApp\wwwroot\lib\bootstrap\dist\js\bootstrap.esm.js.map' with relative path 'lib/bootstrap/dist/js/bootstrap.esm.js.map' did not match include pattern '' or matched exclude pattern ''.
         Asset 'F:\OJT-Review\MoneyTrackerApp\Expense-Manager\MoneyTrackerApp\MoneyTrackerApp\wwwroot\lib\bootstrap\dist\js\bootstrap.esm.min.js' with relative path 'lib/bootstrap/dist/js/bootstrap.esm.min.js' did not match include pattern '' or matched exclude pattern ''.
         Asset 'F:\OJT-Review\MoneyTrackerApp\Expense-Manager\MoneyTrackerApp\MoneyTrackerApp\wwwroot\lib\bootstrap\dist\js\bootstrap.esm.min.js.map' with relative path 'lib/bootstrap/dist/js/bootstrap.esm.min.js.map' did not match include pattern '' or matched exclude pattern ''.
         Asset 'F:\OJT-Review\MoneyTrackerApp\Expense-Manager\MoneyTrackerApp\MoneyTrackerApp\wwwroot\lib\bootstrap\dist\js\bootstrap.js' with relative path 'lib/bootstrap/dist/js/bootstrap.js' did not match include pattern '' or matched exclude pattern ''.
         Asset 'F:\OJT-Review\MoneyTrackerApp\Expense-Manager\MoneyTrackerApp\MoneyTrackerApp\wwwroot\lib\bootstrap\dist\js\bootstrap.js.map' with relative path 'lib/bootstrap/dist/js/bootstrap.js.map' did not match include pattern '' or matched exclude pattern ''.
         Asset 'F:\OJT-Review\MoneyTrackerApp\Expense-Manager\MoneyTrackerApp\MoneyTrackerApp\wwwroot\lib\bootstrap\dist\js\bootstrap.min.js' with relative path 'lib/bootstrap/dist/js/bootstrap.min.js' did not match include pattern '' or matched exclude pattern ''.
         Asset 'F:\OJT-Review\MoneyTrackerApp\Expense-Manager\MoneyTrackerApp\MoneyTrackerApp\wwwroot\lib\bootstrap\dist\js\bootstrap.min.js.map' with relative path 'lib/bootstrap/dist/js/bootstrap.min.js.map' did not match include pattern '' or matched exclude pattern ''.
         Asset 'F:\OJT-Review\MoneyTrackerApp\Expense-Manager\MoneyTrackerApp\MoneyTrackerApp\wwwroot\lib\bootstrap\LICENSE' with relative path 'lib/bootstrap/LICENSE' did not match include pattern '' or matched exclude pattern ''.
         Asset 'F:\OJT-Review\MoneyTrackerApp\Expense-Manager\MoneyTrackerApp\MoneyTrackerApp\wwwroot\lib\jquery-validation-unobtrusive\jquery.validate.unobtrusive.js' with relative path 'lib/jquery-validation-unobtrusive/jquery.validate.unobtrusive.js' did not match include pattern '' or matched exclude pattern ''.
         Asset 'F:\OJT-Review\MoneyTrackerApp\Expense-Manager\MoneyTrackerApp\MoneyTrackerApp\wwwroot\lib\jquery-validation-unobtrusive\jquery.validate.unobtrusive.min.js' with relative path 'lib/jquery-validation-unobtrusive/jquery.validate.unobtrusive.min.js' did not match include pattern '' or matched exclude pattern ''.
         Asset 'F:\OJT-Review\MoneyTrackerApp\Expense-Manager\MoneyTrackerApp\MoneyTrackerApp\wwwroot\lib\jquery-validation-unobtrusive\LICENSE.txt' with relative path 'lib/jquery-validation-unobtrusive/LICENSE.txt' did not match include pattern '' or matched exclude pattern ''.
         Asset 'F:\OJT-Review\MoneyTrackerApp\Expense-Manager\MoneyTrackerApp\MoneyTrackerApp\wwwroot\lib\jquery-validation\dist\additional-methods.js' with relative path 'lib/jquery-validation/dist/additional-methods.js' did not match include pattern '' or matched exclude pattern ''.
         Asset 'F:\OJT-Review\MoneyTrackerApp\Expense-Manager\MoneyTrackerApp\MoneyTrackerApp\wwwroot\lib\jquery-validation\dist\additional-methods.min.js' with relative path 'lib/jquery-validation/dist/additional-methods.min.js' did not match include pattern '' or matched exclude pattern ''.
         Asset 'F:\OJT-Review\MoneyTrackerApp\Expense-Manager\MoneyTrackerApp\MoneyTrackerApp\wwwroot\lib\jquery-validation\dist\jquery.validate.js' with relative path 'lib/jquery-validation/dist/jquery.validate.js' did not match include pattern '' or matched exclude pattern ''.
         Asset 'F:\OJT-Review\MoneyTrackerApp\Expense-Manager\MoneyTrackerApp\MoneyTrackerApp\wwwroot\lib\jquery-validation\dist\jquery.validate.min.js' with relative path 'lib/jquery-validation/dist/jquery.validate.min.js' did not match include pattern '' or matched exclude pattern ''.
         Asset 'F:\OJT-Review\MoneyTrackerApp\Expense-Manager\MoneyTrackerApp\MoneyTrackerApp\wwwroot\lib\jquery-validation\LICENSE.md' with relative path 'lib/jquery-validation/LICENSE.md' did not match include pattern '' or matched exclude pattern ''.
         Asset 'F:\OJT-Review\MoneyTrackerApp\Expense-Manager\MoneyTrackerApp\MoneyTrackerApp\wwwroot\lib\jquery\dist\jquery.js' with relative path 'lib/jquery/dist/jquery.js' did not match include pattern '' or matched exclude pattern ''.
         Asset 'F:\OJT-Review\MoneyTrackerApp\Expense-Manager\MoneyTrackerApp\MoneyTrackerApp\wwwroot\lib\jquery\dist\jquery.min.js' with relative path 'lib/jquery/dist/jquery.min.js' did not match include pattern '' or matched exclude pattern ''.
         Asset 'F:\OJT-Review\MoneyTrackerApp\Expense-Manager\MoneyTrackerApp\MoneyTrackerApp\wwwroot\lib\jquery\dist\jquery.min.map' with relative path 'lib/jquery/dist/jquery.min.map' did not match include pattern '' or matched exclude pattern ''.
         Asset 'F:\OJT-Review\MoneyTrackerApp\Expense-Manager\MoneyTrackerApp\MoneyTrackerApp\wwwroot\lib\jquery\LICENSE.txt' with relative path 'lib/jquery/LICENSE.txt' did not match include pattern '' or matched exclude pattern ''.
         Asset 'F:\OJT-Review\MoneyTrackerApp\Expense-Manager\MoneyTrackerApp\MoneyTrackerApp\wwwroot\test-reports-api.html' with relative path 'test-reports-api.html' did not match include pattern '' or matched exclude pattern ''.
         Asset 'F:\OJT-Review\MoneyTrackerApp\Expense-Manager\MoneyTrackerApp\MoneyTrackerApp\wwwroot\uploads\images\1\28bdeb7e-dcef-4e9b-bba6-619980cd5821.webp' with relative path 'uploads/images/1/28bdeb7e-dcef-4e9b-bba6-619980cd5821.webp' did not match include pattern '' or matched exclude pattern ''.
         Asset 'F:\OJT-Review\MoneyTrackerApp\Expense-Manager\MoneyTrackerApp\MoneyTrackerApp\wwwroot\uploads\images\1\28bdeb7e-dcef-4e9b-bba6-619980cd5821_thumb.webp' with relative path 'uploads/images/1/28bdeb7e-dcef-4e9b-bba6-619980cd5821_thumb.webp' did not match include pattern '' or matched exclude pattern ''.
         Asset 'F:\OJT-Review\MoneyTrackerApp\Expense-Manager\MoneyTrackerApp\MoneyTrackerApp\wwwroot\uploads\images\1\3e17ba09-ea58-427a-b0d1-d3d741c26f10.jpg' with relative path 'uploads/images/1/3e17ba09-ea58-427a-b0d1-d3d741c26f10.jpg' did not match include pattern '' or matched exclude pattern ''.
         Asset 'F:\OJT-Review\MoneyTrackerApp\Expense-Manager\MoneyTrackerApp\MoneyTrackerApp\wwwroot\uploads\images\1\3e17ba09-ea58-427a-b0d1-d3d741c26f10_thumb.jpg' with relative path 'uploads/images/1/3e17ba09-ea58-427a-b0d1-d3d741c26f10_thumb.jpg' did not match include pattern '' or matched exclude pattern ''.
         Asset 'F:\OJT-Review\MoneyTrackerApp\Expense-Manager\MoneyTrackerApp\MoneyTrackerApp\wwwroot\uploads\images\1\5315bf71-5596-46df-b027-cc9fc0386358.jpg' with relative path 'uploads/images/1/5315bf71-5596-46df-b027-cc9fc0386358.jpg' did not match include pattern '' or matched exclude pattern ''.
         Asset 'F:\OJT-Review\MoneyTrackerApp\Expense-Manager\MoneyTrackerApp\MoneyTrackerApp\wwwroot\uploads\images\1\5315bf71-5596-46df-b027-cc9fc0386358_thumb.jpg' with relative path 'uploads/images/1/5315bf71-5596-46df-b027-cc9fc0386358_thumb.jpg' did not match include pattern '' or matched exclude pattern ''.
         Asset 'F:\OJT-Review\MoneyTrackerApp\Expense-Manager\MoneyTrackerApp\MoneyTrackerApp\wwwroot\uploads\images\1\6163ac46-d6a3-4968-b9b0-8b86d00928f0.jpg' with relative path 'uploads/images/1/6163ac46-d6a3-4968-b9b0-8b86d00928f0.jpg' did not match include pattern '' or matched exclude pattern ''.
         Asset 'F:\OJT-Review\MoneyTrackerApp\Expense-Manager\MoneyTrackerApp\MoneyTrackerApp\wwwroot\uploads\images\1\6163ac46-d6a3-4968-b9b0-8b86d00928f0_thumb.jpg' with relative path 'uploads/images/1/6163ac46-d6a3-4968-b9b0-8b86d00928f0_thumb.jpg' did not match include pattern '' or matched exclude pattern ''.
         Asset 'F:\OJT-Review\MoneyTrackerApp\Expense-Manager\MoneyTrackerApp\MoneyTrackerApp\wwwroot\uploads\images\1\6cf0e72c-2592-47c3-9154-e86ca159936d.jpg' with relative path 'uploads/images/1/6cf0e72c-2592-47c3-9154-e86ca159936d.jpg' did not match include pattern '' or matched exclude pattern ''.
         Asset 'F:\OJT-Review\MoneyTrackerApp\Expense-Manager\MoneyTrackerApp\MoneyTrackerApp\wwwroot\uploads\images\1\6cf0e72c-2592-47c3-9154-e86ca159936d_thumb.jpg' with relative path 'uploads/images/1/6cf0e72c-2592-47c3-9154-e86ca159936d_thumb.jpg' did not match include pattern '' or matched exclude pattern ''.
         Asset 'F:\OJT-Review\MoneyTrackerApp\Expense-Manager\MoneyTrackerApp\MoneyTrackerApp\wwwroot\uploads\images\1\b7ab8752-560d-49aa-9703-257f769ff3a6.jpg' with relative path 'uploads/images/1/b7ab8752-560d-49aa-9703-257f769ff3a6.jpg' did not match include pattern '' or matched exclude pattern ''.
         Asset 'F:\OJT-Review\MoneyTrackerApp\Expense-Manager\MoneyTrackerApp\MoneyTrackerApp\wwwroot\uploads\images\1\b7ab8752-560d-49aa-9703-257f769ff3a6_thumb.jpg' with relative path 'uploads/images/1/b7ab8752-560d-49aa-9703-257f769ff3a6_thumb.jpg' did not match include pattern '' or matched exclude pattern ''.
         Asset 'F:\OJT-Review\MoneyTrackerApp\Expense-Manager\MoneyTrackerApp\MoneyTrackerApp\wwwroot\uploads\images\2\fc9190f7-7372-461d-bbc3-82d8dc50ea2c.jpg' with relative path 'uploads/images/2/fc9190f7-7372-461d-bbc3-82d8dc50ea2c.jpg' did not match include pattern '' or matched exclude pattern ''.
         Asset 'F:\OJT-Review\MoneyTrackerApp\Expense-Manager\MoneyTrackerApp\MoneyTrackerApp\wwwroot\uploads\images\2\fc9190f7-7372-461d-bbc3-82d8dc50ea2c_thumb.jpg' with relative path 'uploads/images/2/fc9190f7-7372-461d-bbc3-82d8dc50ea2c_thumb.jpg' did not match include pattern '' or matched exclude pattern ''.
         Asset 'F:\OJT-Review\MoneyTrackerApp\Expense-Manager\MoneyTrackerApp\MoneyTrackerApp\wwwroot\uploads\profiles\1_7fae67f3-0c15-470d-bdff-b3605193bb49.png' with relative path 'uploads/profiles/1_7fae67f3-0c15-470d-bdff-b3605193bb49.png' did not match include pattern '' or matched exclude pattern ''.
         Asset 'F:\OJT-Review\MoneyTrackerApp\Expense-Manager\MoneyTrackerApp\MoneyTrackerApp\wwwroot\uploads\profiles\1_a7227041-4857-42fb-aeae-d989bc0ced64.png' with relative path 'uploads/profiles/1_a7227041-4857-42fb-aeae-d989bc0ced64.png' did not match include pattern '' or matched exclude pattern ''.
         Asset 'F:\OJT-Review\MoneyTrackerApp\Expense-Manager\MoneyTrackerApp\MoneyTrackerApp\wwwroot\uploads\profiles\2_4ac3ee7b-2d97-4ccd-bcfe-4a2ce14a833b.jpg' with relative path 'uploads/profiles/2_4ac3ee7b-2d97-4ccd-bcfe-4a2ce14a833b.jpg' did not match include pattern '' or matched exclude pattern ''.
         Asset 'F:\OJT-Review\MoneyTrackerApp\Expense-Manager\MoneyTrackerApp\MoneyTrackerApp\wwwroot\uploads\profiles\2_ac93351b-17cc-4bb6-842d-860bbf6bef3e.png' with relative path 'uploads/profiles/2_ac93351b-17cc-4bb6-842d-860bbf6bef3e.png' did not match include pattern '' or matched exclude pattern ''.
         Asset 'F:\OJT-Review\MoneyTrackerApp\Expense-Manager\MoneyTrackerApp\MoneyTrackerApp\wwwroot\uploads\profiles\2_ba6b8f33-748a-449e-93fa-952aa3cb09e2.jpg' with relative path 'uploads/profiles/2_ba6b8f33-748a-449e-93fa-952aa3cb09e2.jpg' did not match include pattern '' or matched exclude pattern ''.
         Asset 'F:\OJT-Review\MoneyTrackerApp\Expense-Manager\MoneyTrackerApp\MoneyTrackerApp\wwwroot\uploads\profiles\3_0ce645e9-c76f-4f24-ab38-755402a3bc17.png' with relative path 'uploads/profiles/3_0ce645e9-c76f-4f24-ab38-755402a3bc17.png' did not match include pattern '' or matched exclude pattern ''.
         Asset 'F:\OJT-Review\MoneyTrackerApp\Expense-Manager\MoneyTrackerApp\MoneyTrackerApp\wwwroot\uploads\profiles\3_6f4c8657-4668-4c5e-907f-2f4dc07c56c1.jpg' with relative path 'uploads/profiles/3_6f4c8657-4668-4c5e-907f-2f4dc07c56c1.jpg' did not match include pattern '' or matched exclude pattern ''.
         Asset 'F:\OJT-Review\MoneyTrackerApp\Expense-Manager\MoneyTrackerApp\MoneyTrackerApp\obj\Debug\net8.0\scopedcss\bundle\MoneyTrackerApp.styles.css' with relative path 'MoneyTrackerApp.styles.css' did not match include pattern '' or matched exclude pattern ''.
         Asset 'F:\OJT-Review\MoneyTrackerApp\Expense-Manager\MoneyTrackerApp\MoneyTrackerApp\obj\Debug\net8.0\scopedcss\projectbundle\MoneyTrackerApp.bundle.scp.css' with relative path 'MoneyTrackerApp.bundle.scp.css' did not match include pattern '' or matched exclude pattern ''.
       Done executing task "ResolveCompressedAssets".
   1:7>Done building target "_ResolveCompressedFiles" in project "MoneyTrackerApp.csproj".
   1:7>Target "ResolveStaticWebAssetsInputs" in file "C:\Program Files\dotnet\sdk\8.0.416\Sdks\Microsoft.NET.Sdk.StaticWebAssets\targets\Microsoft.NET.Sdk.StaticWebAssets.targets" from project "F:\OJT-Review\MoneyTrackerApp\Expense-Manager\MoneyTrackerApp\MoneyTrackerApp\MoneyTrackerApp.csproj" (target "GenerateStaticWebAssetsManifest" depends on it):
   1:7>Done building target "ResolveStaticWebAssetsInputs" in project "MoneyTrackerApp.csproj".
   1:7>Target "GenerateStaticWebAssetsManifest" in file "C:\Program Files\dotnet\sdk\8.0.416\Sdks\Microsoft.NET.Sdk.StaticWebAssets\targets\Microsoft.NET.Sdk.StaticWebAssets.targets" from project "F:\OJT-Review\MoneyTrackerApp\Expense-Manager\MoneyTrackerApp\MoneyTrackerApp\MoneyTrackerApp.csproj" (target "StaticWebAssetsPrepareForRun" depends on it):
       Task "MergeStaticWebAssets" skipped, due to false condition; ('@(StaticWebAssetsEmbeddedConfiguration)' != '') was evaluated as ('' != '').
       Using "GenerateStaticWebAssetsManifest" task from assembly "C:\Program Files\dotnet\sdk\8.0.416\Sdks\Microsoft.NET.Sdk.StaticWebAssets\targets\..\tasks\net8.0\Microsoft.NET.Sdk.StaticWebAssets.Tasks.dll".
       Task "GenerateStaticWebAssetsManifest"
         Assembly loaded during TaskRun (Microsoft.AspNetCore.StaticWebAssets.Tasks.GenerateStaticWebAssetsManifest): System.Text.Encodings.Web, Version=8.0.0.0, Culture=neutral, PublicKeyToken=cc7b13ffcd2ddd51 (location: C:\Program Files\dotnet\shared\Microsoft.NETCore.App\8.0.22\System.Text.Encodings.Web.dll, MVID: e5bb87fd-2161-48f5-a9b0-9bb7fe4e0570, AssemblyLoadContext: Default)
         Assembly loaded during TaskRun (Microsoft.AspNetCore.StaticWebAssets.Tasks.GenerateStaticWebAssetsManifest): System.Runtime.Intrinsics, Version=8.0.0.0, Culture=neutral, PublicKeyToken=cc7b13ffcd2ddd51 (location: C:\Program Files\dotnet\shared\Microsoft.NETCore.App\8.0.22\System.Runtime.Intrinsics.dll, MVID: 1cd1f605-6366-408b-99f7-9cbde3ad5c9e, AssemblyLoadContext: Default)
         Assembly loaded during TaskRun (Microsoft.AspNetCore.StaticWebAssets.Tasks.GenerateStaticWebAssetsManifest): System.Numerics.Vectors, Version=8.0.0.0, Culture=neutral, PublicKeyToken=b03f5f7f11d50a3a (location: C:\Program Files\dotnet\shared\Microsoft.NETCore.App\8.0.22\System.Numerics.Vectors.dll, MVID: bd728aa4-8a3c-4112-95d9-ed7c5d52da3c, AssemblyLoadContext: Default)
         Skipping manifest updated because manifest version 'd9CctigoaZiesyhOOWNQXbbzTSge4k76k0ZTbOVk8ZQ=' has not changed.
       Done executing task "GenerateStaticWebAssetsManifest".
       Using "GenerateStaticWebAssetsDevelopmentManifest" task from assembly "C:\Program Files\dotnet\sdk\8.0.416\Sdks\Microsoft.NET.Sdk.StaticWebAssets\targets\..\tasks\net8.0\Microsoft.NET.Sdk.StaticWebAssets.Tasks.dll".
       Task "GenerateStaticWebAssetsDevelopmentManifest"
         Skipping candidate asset 'F:\OJT-Review\MoneyTrackerApp\Expense-Manager\MoneyTrackerApp\MoneyTrackerApp\obj\Debug\net8.0\scopedcss\projectbundle\MoneyTrackerApp.bundle.scp.css' because asset mode is 'Reference'
         Skipping manifest update because manifest version 'F7Q5fzdF0g3GacA69KOvbBhxgmZKDGN9t0pb0/cNZa4=' has not changed.
       Done executing task "GenerateStaticWebAssetsDevelopmentManifest".
   1:7>Done building target "GenerateStaticWebAssetsManifest" in project "MoneyTrackerApp.csproj".
   1:7>Target "GenerateStaticWebAssetsPackFiles" in file "C:\Program Files\dotnet\sdk\8.0.416\Sdks\Microsoft.NET.Sdk.StaticWebAssets\targets\Microsoft.NET.Sdk.StaticWebAssets.Pack.targets" from project "F:\OJT-Review\MoneyTrackerApp\Expense-Manager\MoneyTrackerApp\MoneyTrackerApp\MoneyTrackerApp.csproj" (target "StaticWebAssetsPrepareForRun" depends on it):
       Using "ComputeReferenceStaticWebAssetItems" task from assembly "C:\Program Files\dotnet\sdk\8.0.416\Sdks\Microsoft.NET.Sdk.StaticWebAssets\targets\..\tasks\net8.0\Microsoft.NET.Sdk.StaticWebAssets.Tasks.dll".
       Task "ComputeReferenceStaticWebAssetItems"
         Accepted candidate asset 'F:\OJT-Review\MoneyTrackerApp\Expense-Manager\MoneyTrackerApp\MoneyTrackerApp\wwwroot\css\admin-dark.css' because project mode is 'Default' and asset mode is 'All'
         Accepted candidate asset 'F:\OJT-Review\MoneyTrackerApp\Expense-Manager\MoneyTrackerApp\MoneyTrackerApp\wwwroot\css\animations.css' because project mode is 'Default' and asset mode is 'All'
         Accepted candidate asset 'F:\OJT-Review\MoneyTrackerApp\Expense-Manager\MoneyTrackerApp\MoneyTrackerApp\wwwroot\css\auth.css' because project mode is 'Default' and asset mode is 'All'
         Accepted candidate asset 'F:\OJT-Review\MoneyTrackerApp\Expense-Manager\MoneyTrackerApp\MoneyTrackerApp\wwwroot\css\bento-grid.css' because project mode is 'Default' and asset mode is 'All'
         Accepted candidate asset 'F:\OJT-Review\MoneyTrackerApp\Expense-Manager\MoneyTrackerApp\MoneyTrackerApp\wwwroot\css\bento-system.css' because project mode is 'Default' and asset mode is 'All'
         Accepted candidate asset 'F:\OJT-Review\MoneyTrackerApp\Expense-Manager\MoneyTrackerApp\MoneyTrackerApp\wwwroot\css\budgets.css' because project mode is 'Default' and asset mode is 'All'
         Accepted candidate asset 'F:\OJT-Review\MoneyTrackerApp\Expense-Manager\MoneyTrackerApp\MoneyTrackerApp\wwwroot\css\checkout-enhanced.css' because project mode is 'Default' and asset mode is 'All'
         Accepted candidate asset 'F:\OJT-Review\MoneyTrackerApp\Expense-Manager\MoneyTrackerApp\MoneyTrackerApp\wwwroot\css\checkout.css' because project mode is 'Default' and asset mode is 'All'
         Accepted candidate asset 'F:\OJT-Review\MoneyTrackerApp\Expense-Manager\MoneyTrackerApp\MoneyTrackerApp\wwwroot\css\christmas.css' because project mode is 'Default' and asset mode is 'All'
         Accepted candidate asset 'F:\OJT-Review\MoneyTrackerApp\Expense-Manager\MoneyTrackerApp\MoneyTrackerApp\wwwroot\css\contacts.css' because project mode is 'Default' and asset mode is 'All'
         Accepted candidate asset 'F:\OJT-Review\MoneyTrackerApp\Expense-Manager\MoneyTrackerApp\MoneyTrackerApp\wwwroot\css\debts.css' because project mode is 'Default' and asset mode is 'All'
         Accepted candidate asset 'F:\OJT-Review\MoneyTrackerApp\Expense-Manager\MoneyTrackerApp\MoneyTrackerApp\wwwroot\css\design-system.css' because project mode is 'Default' and asset mode is 'All'
         Accepted candidate asset 'F:\OJT-Review\MoneyTrackerApp\Expense-Manager\MoneyTrackerApp\MoneyTrackerApp\wwwroot\css\groups.css' because project mode is 'Default' and asset mode is 'All'
         Accepted candidate asset 'F:\OJT-Review\MoneyTrackerApp\Expense-Manager\MoneyTrackerApp\MoneyTrackerApp\wwwroot\css\header.css' because project mode is 'Default' and asset mode is 'All'
         Accepted candidate asset 'F:\OJT-Review\MoneyTrackerApp\Expense-Manager\MoneyTrackerApp\MoneyTrackerApp\wwwroot\css\home.css' because project mode is 'Default' and asset mode is 'All'
         Accepted candidate asset 'F:\OJT-Review\MoneyTrackerApp\Expense-Manager\MoneyTrackerApp\MoneyTrackerApp\wwwroot\css\investments.css' because project mode is 'Default' and asset mode is 'All'
         Accepted candidate asset 'F:\OJT-Review\MoneyTrackerApp\Expense-Manager\MoneyTrackerApp\MoneyTrackerApp\wwwroot\css\main.css' because project mode is 'Default' and asset mode is 'All'
         Accepted candidate asset 'F:\OJT-Review\MoneyTrackerApp\Expense-Manager\MoneyTrackerApp\MoneyTrackerApp\wwwroot\css\micro-interactions.css' because project mode is 'Default' and asset mode is 'All'
         Accepted candidate asset 'F:\OJT-Review\MoneyTrackerApp\Expense-Manager\MoneyTrackerApp\MoneyTrackerApp\wwwroot\css\modern-pages.css' because project mode is 'Default' and asset mode is 'All'
         Accepted candidate asset 'F:\OJT-Review\MoneyTrackerApp\Expense-Manager\MoneyTrackerApp\MoneyTrackerApp\wwwroot\css\onboarding.css' because project mode is 'Default' and asset mode is 'All'
         Accepted candidate asset 'F:\OJT-Review\MoneyTrackerApp\Expense-Manager\MoneyTrackerApp\MoneyTrackerApp\wwwroot\css\reports-accessibility.css' because project mode is 'Default' and asset mode is 'All'
         Accepted candidate asset 'F:\OJT-Review\MoneyTrackerApp\Expense-Manager\MoneyTrackerApp\MoneyTrackerApp\wwwroot\css\reports-modern.css' because project mode is 'Default' and asset mode is 'All'
         Accepted candidate asset 'F:\OJT-Review\MoneyTrackerApp\Expense-Manager\MoneyTrackerApp\MoneyTrackerApp\wwwroot\css\reports.css' because project mode is 'Default' and asset mode is 'All'
         Accepted candidate asset 'F:\OJT-Review\MoneyTrackerApp\Expense-Manager\MoneyTrackerApp\MoneyTrackerApp\wwwroot\css\savings.css' because project mode is 'Default' and asset mode is 'All'
         Accepted candidate asset 'F:\OJT-Review\MoneyTrackerApp\Expense-Manager\MoneyTrackerApp\MoneyTrackerApp\wwwroot\css\service-packages.css' because project mode is 'Default' and asset mode is 'All'
         Accepted candidate asset 'F:\OJT-Review\MoneyTrackerApp\Expense-Manager\MoneyTrackerApp\MoneyTrackerApp\wwwroot\css\settings.css' because project mode is 'Default' and asset mode is 'All'
         Accepted candidate asset 'F:\OJT-Review\MoneyTrackerApp\Expense-Manager\MoneyTrackerApp\MoneyTrackerApp\wwwroot\css\shared-wallets.css' because project mode is 'Default' and asset mode is 'All'
         Accepted candidate asset 'F:\OJT-Review\MoneyTrackerApp\Expense-Manager\MoneyTrackerApp\MoneyTrackerApp\wwwroot\css\site.css' because project mode is 'Default' and asset mode is 'All'
         Accepted candidate asset 'F:\OJT-Review\MoneyTrackerApp\Expense-Manager\MoneyTrackerApp\MoneyTrackerApp\wwwroot\css\theme-variables.css' because project mode is 'Default' and asset mode is 'All'
         Accepted candidate asset 'F:\OJT-Review\MoneyTrackerApp\Expense-Manager\MoneyTrackerApp\MoneyTrackerApp\wwwroot\css\trading.css' because project mode is 'Default' and asset mode is 'All'
         Accepted candidate asset 'F:\OJT-Review\MoneyTrackerApp\Expense-Manager\MoneyTrackerApp\MoneyTrackerApp\wwwroot\css\wallet-detail-modern.css' because project mode is 'Default' and asset mode is 'All'
         Accepted candidate asset 'F:\OJT-Review\MoneyTrackerApp\Expense-Manager\MoneyTrackerApp\MoneyTrackerApp\wwwroot\css\wallet-modern.css' because project mode is 'Default' and asset mode is 'All'
         Accepted candidate asset 'F:\OJT-Review\MoneyTrackerApp\Expense-Manager\MoneyTrackerApp\MoneyTrackerApp\wwwroot\css\wallet-page.css' because project mode is 'Default' and asset mode is 'All'
         Accepted candidate asset 'F:\OJT-Review\MoneyTrackerApp\Expense-Manager\MoneyTrackerApp\MoneyTrackerApp\wwwroot\css\wallets.css' because project mode is 'Default' and asset mode is 'All'
         Accepted candidate asset 'F:\OJT-Review\MoneyTrackerApp\Expense-Manager\MoneyTrackerApp\MoneyTrackerApp\wwwroot\docs\Reports_Trading_Enhancements.md' because project mode is 'Default' and asset mode is 'All'
         Accepted candidate asset 'F:\OJT-Review\MoneyTrackerApp\Expense-Manager\MoneyTrackerApp\MoneyTrackerApp\wwwroot\docs\requirement_update.md' because project mode is 'Default' and asset mode is 'All'
         Accepted candidate asset 'F:\OJT-Review\MoneyTrackerApp\Expense-Manager\MoneyTrackerApp\MoneyTrackerApp\wwwroot\favicon.ico' because project mode is 'Default' and asset mode is 'All'
         Accepted candidate asset 'F:\OJT-Review\MoneyTrackerApp\Expense-Manager\MoneyTrackerApp\MoneyTrackerApp\wwwroot\js\admin-service-packages.js' because project mode is 'Default' and asset mode is 'All'
         Accepted candidate asset 'F:\OJT-Review\MoneyTrackerApp\Expense-Manager\MoneyTrackerApp\MoneyTrackerApp\wwwroot\js\api-mock.js' because project mode is 'Default' and asset mode is 'All'
         Accepted candidate asset 'F:\OJT-Review\MoneyTrackerApp\Expense-Manager\MoneyTrackerApp\MoneyTrackerApp\wwwroot\js\auth.js' because project mode is 'Default' and asset mode is 'All'
         Accepted candidate asset 'F:\OJT-Review\MoneyTrackerApp\Expense-Manager\MoneyTrackerApp\MoneyTrackerApp\wwwroot\js\budgets.js' because project mode is 'Default' and asset mode is 'All'
         Accepted candidate asset 'F:\OJT-Review\MoneyTrackerApp\Expense-Manager\MoneyTrackerApp\MoneyTrackerApp\wwwroot\js\charts-config.js' because project mode is 'Default' and asset mode is 'All'
         Accepted candidate asset 'F:\OJT-Review\MoneyTrackerApp\Expense-Manager\MoneyTrackerApp\MoneyTrackerApp\wwwroot\js\christmas.js' because project mode is 'Default' and asset mode is 'All'
         Accepted candidate asset 'F:\OJT-Review\MoneyTrackerApp\Expense-Manager\MoneyTrackerApp\MoneyTrackerApp\wwwroot\js\contacts.js' because project mode is 'Default' and asset mode is 'All'
         Accepted candidate asset 'F:\OJT-Review\MoneyTrackerApp\Expense-Manager\MoneyTrackerApp\MoneyTrackerApp\wwwroot\js\debts.js' because project mode is 'Default' and asset mode is 'All'
         Accepted candidate asset 'F:\OJT-Review\MoneyTrackerApp\Expense-Manager\MoneyTrackerApp\MoneyTrackerApp\wwwroot\js\frontend-error-tests.js' because project mode is 'Default' and asset mode is 'All'
         Accepted candidate asset 'F:\OJT-Review\MoneyTrackerApp\Expense-Manager\MoneyTrackerApp\MoneyTrackerApp\wwwroot\js\global-transaction-modal.js' because project mode is 'Default' and asset mode is 'All'
         Accepted candidate asset 'F:\OJT-Review\MoneyTrackerApp\Expense-Manager\MoneyTrackerApp\MoneyTrackerApp\wwwroot\js\groups-tests.js' because project mode is 'Default' and asset mode is 'All'
         Accepted candidate asset 'F:\OJT-Review\MoneyTrackerApp\Expense-Manager\MoneyTrackerApp\MoneyTrackerApp\wwwroot\js\groups.js' because project mode is 'Default' and asset mode is 'All'
         Accepted candidate asset 'F:\OJT-Review\MoneyTrackerApp\Expense-Manager\MoneyTrackerApp\MoneyTrackerApp\wwwroot\js\header.js' because project mode is 'Default' and asset mode is 'All'
         Accepted candidate asset 'F:\OJT-Review\MoneyTrackerApp\Expense-Manager\MoneyTrackerApp\MoneyTrackerApp\wwwroot\js\home.js' because project mode is 'Default' and asset mode is 'All'
         Accepted candidate asset 'F:\OJT-Review\MoneyTrackerApp\Expense-Manager\MoneyTrackerApp\MoneyTrackerApp\wwwroot\js\investments.js' because project mode is 'Default' and asset mode is 'All'
         Accepted candidate asset 'F:\OJT-Review\MoneyTrackerApp\Expense-Manager\MoneyTrackerApp\MoneyTrackerApp\wwwroot\js\micro-interactions.js' because project mode is 'Default' and asset mode is 'All'
         Accepted candidate asset 'F:\OJT-Review\MoneyTrackerApp\Expense-Manager\MoneyTrackerApp\MoneyTrackerApp\wwwroot\js\onboarding-basic-settings.js' because project mode is 'Default' and asset mode is 'All'
         Accepted candidate asset 'F:\OJT-Review\MoneyTrackerApp\Expense-Manager\MoneyTrackerApp\MoneyTrackerApp\wwwroot\js\onboarding-create-wallet.js' because project mode is 'Default' and asset mode is 'All'
         Accepted candidate asset 'F:\OJT-Review\MoneyTrackerApp\Expense-Manager\MoneyTrackerApp\MoneyTrackerApp\wwwroot\js\onboarding-savings-goal.js' because project mode is 'Default' and asset mode is 'All'
         Accepted candidate asset 'F:\OJT-Review\MoneyTrackerApp\Expense-Manager\MoneyTrackerApp\MoneyTrackerApp\wwwroot\js\onboarding-setup-categories.js' because project mode is 'Default' and asset mode is 'All'
         Accepted candidate asset 'F:\OJT-Review\MoneyTrackerApp\Expense-Manager\MoneyTrackerApp\MoneyTrackerApp\wwwroot\js\onboarding-welcome.js' because project mode is 'Default' and asset mode is 'All'
         Accepted candidate asset 'F:\OJT-Review\MoneyTrackerApp\Expense-Manager\MoneyTrackerApp\MoneyTrackerApp\wwwroot\js\onboarding.js' because project mode is 'Default' and asset mode is 'All'
         Accepted candidate asset 'F:\OJT-Review\MoneyTrackerApp\Expense-Manager\MoneyTrackerApp\MoneyTrackerApp\wwwroot\js\performance.js' because project mode is 'Default' and asset mode is 'All'
         Accepted candidate asset 'F:\OJT-Review\MoneyTrackerApp\Expense-Manager\MoneyTrackerApp\MoneyTrackerApp\wwwroot\js\quick-add.js' because project mode is 'Default' and asset mode is 'All'
         Accepted candidate asset 'F:\OJT-Review\MoneyTrackerApp\Expense-Manager\MoneyTrackerApp\MoneyTrackerApp\wwwroot\js\reports.js' because project mode is 'Default' and asset mode is 'All'
         Accepted candidate asset 'F:\OJT-Review\MoneyTrackerApp\Expense-Manager\MoneyTrackerApp\MoneyTrackerApp\wwwroot\js\savings.js' because project mode is 'Default' and asset mode is 'All'
         Accepted candidate asset 'F:\OJT-Review\MoneyTrackerApp\Expense-Manager\MoneyTrackerApp\MoneyTrackerApp\wwwroot\js\service-packages.js' because project mode is 'Default' and asset mode is 'All'
         Accepted candidate asset 'F:\OJT-Review\MoneyTrackerApp\Expense-Manager\MoneyTrackerApp\MoneyTrackerApp\wwwroot\js\shared-wallets.js' because project mode is 'Default' and asset mode is 'All'
         Accepted candidate asset 'F:\OJT-Review\MoneyTrackerApp\Expense-Manager\MoneyTrackerApp\MoneyTrackerApp\wwwroot\js\site.js' because project mode is 'Default' and asset mode is 'All'
         Accepted candidate asset 'F:\OJT-Review\MoneyTrackerApp\Expense-Manager\MoneyTrackerApp\MoneyTrackerApp\wwwroot\js\subscription-utils.js' because project mode is 'Default' and asset mode is 'All'
         Accepted candidate asset 'F:\OJT-Review\MoneyTrackerApp\Expense-Manager\MoneyTrackerApp\MoneyTrackerApp\wwwroot\js\theme-manager.js' because project mode is 'Default' and asset mode is 'All'
         Accepted candidate asset 'F:\OJT-Review\MoneyTrackerApp\Expense-Manager\MoneyTrackerApp\MoneyTrackerApp\wwwroot\js\trading.js' because project mode is 'Default' and asset mode is 'All'
         Accepted candidate asset 'F:\OJT-Review\MoneyTrackerApp\Expense-Manager\MoneyTrackerApp\MoneyTrackerApp\wwwroot\js\transactions-utils.js' because project mode is 'Default' and asset mode is 'All'
         Accepted candidate asset 'F:\OJT-Review\MoneyTrackerApp\Expense-Manager\MoneyTrackerApp\MoneyTrackerApp\wwwroot\js\vnpay-checkout.js' because project mode is 'Default' and asset mode is 'All'
         Accepted candidate asset 'F:\OJT-Review\MoneyTrackerApp\Expense-Manager\MoneyTrackerApp\MoneyTrackerApp\wwwroot\js\wallet-detail.js' because project mode is 'Default' and asset mode is 'All'
         Accepted candidate asset 'F:\OJT-Review\MoneyTrackerApp\Expense-Manager\MoneyTrackerApp\MoneyTrackerApp\wwwroot\js\wallet-page.js' because project mode is 'Default' and asset mode is 'All'
         Accepted candidate asset 'F:\OJT-Review\MoneyTrackerApp\Expense-Manager\MoneyTrackerApp\MoneyTrackerApp\wwwroot\lib\bootstrap\dist\css\bootstrap-grid.css' because project mode is 'Default' and asset mode is 'All'
         Accepted candidate asset 'F:\OJT-Review\MoneyTrackerApp\Expense-Manager\MoneyTrackerApp\MoneyTrackerApp\wwwroot\lib\bootstrap\dist\css\bootstrap-grid.css.map' because project mode is 'Default' and asset mode is 'All'
         Accepted candidate asset 'F:\OJT-Review\MoneyTrackerApp\Expense-Manager\MoneyTrackerApp\MoneyTrackerApp\wwwroot\lib\bootstrap\dist\css\bootstrap-grid.min.css' because project mode is 'Default' and asset mode is 'All'
         Accepted candidate asset 'F:\OJT-Review\MoneyTrackerApp\Expense-Manager\MoneyTrackerApp\MoneyTrackerApp\wwwroot\lib\bootstrap\dist\css\bootstrap-grid.min.css.map' because project mode is 'Default' and asset mode is 'All'
         Accepted candidate asset 'F:\OJT-Review\MoneyTrackerApp\Expense-Manager\MoneyTrackerApp\MoneyTrackerApp\wwwroot\lib\bootstrap\dist\css\bootstrap-grid.rtl.css' because project mode is 'Default' and asset mode is 'All'
         Accepted candidate asset 'F:\OJT-Review\MoneyTrackerApp\Expense-Manager\MoneyTrackerApp\MoneyTrackerApp\wwwroot\lib\bootstrap\dist\css\bootstrap-grid.rtl.css.map' because project mode is 'Default' and asset mode is 'All'
         Accepted candidate asset 'F:\OJT-Review\MoneyTrackerApp\Expense-Manager\MoneyTrackerApp\MoneyTrackerApp\wwwroot\lib\bootstrap\dist\css\bootstrap-grid.rtl.min.css' because project mode is 'Default' and asset mode is 'All'
         Accepted candidate asset 'F:\OJT-Review\MoneyTrackerApp\Expense-Manager\MoneyTrackerApp\MoneyTrackerApp\wwwroot\lib\bootstrap\dist\css\bootstrap-grid.rtl.min.css.map' because project mode is 'Default' and asset mode is 'All'
         Accepted candidate asset 'F:\OJT-Review\MoneyTrackerApp\Expense-Manager\MoneyTrackerApp\MoneyTrackerApp\wwwroot\lib\bootstrap\dist\css\bootstrap-reboot.css' because project mode is 'Default' and asset mode is 'All'
         Accepted candidate asset 'F:\OJT-Review\MoneyTrackerApp\Expense-Manager\MoneyTrackerApp\MoneyTrackerApp\wwwroot\lib\bootstrap\dist\css\bootstrap-reboot.css.map' because project mode is 'Default' and asset mode is 'All'
         Accepted candidate asset 'F:\OJT-Review\MoneyTrackerApp\Expense-Manager\MoneyTrackerApp\MoneyTrackerApp\wwwroot\lib\bootstrap\dist\css\bootstrap-reboot.min.css' because project mode is 'Default' and asset mode is 'All'
         Accepted candidate asset 'F:\OJT-Review\MoneyTrackerApp\Expense-Manager\MoneyTrackerApp\MoneyTrackerApp\wwwroot\lib\bootstrap\dist\css\bootstrap-reboot.min.css.map' because project mode is 'Default' and asset mode is 'All'
         Accepted candidate asset 'F:\OJT-Review\MoneyTrackerApp\Expense-Manager\MoneyTrackerApp\MoneyTrackerApp\wwwroot\lib\bootstrap\dist\css\bootstrap-reboot.rtl.css' because project mode is 'Default' and asset mode is 'All'
         Accepted candidate asset 'F:\OJT-Review\MoneyTrackerApp\Expense-Manager\MoneyTrackerApp\MoneyTrackerApp\wwwroot\lib\bootstrap\dist\css\bootstrap-reboot.rtl.css.map' because project mode is 'Default' and asset mode is 'All'
         Accepted candidate asset 'F:\OJT-Review\MoneyTrackerApp\Expense-Manager\MoneyTrackerApp\MoneyTrackerApp\wwwroot\lib\bootstrap\dist\css\bootstrap-reboot.rtl.min.css' because project mode is 'Default' and asset mode is 'All'
         Accepted candidate asset 'F:\OJT-Review\MoneyTrackerApp\Expense-Manager\MoneyTrackerApp\MoneyTrackerApp\wwwroot\lib\bootstrap\dist\css\bootstrap-reboot.rtl.min.css.map' because project mode is 'Default' and asset mode is 'All'
         Accepted candidate asset 'F:\OJT-Review\MoneyTrackerApp\Expense-Manager\MoneyTrackerApp\MoneyTrackerApp\wwwroot\lib\bootstrap\dist\css\bootstrap-utilities.css' because project mode is 'Default' and asset mode is 'All'
         Accepted candidate asset 'F:\OJT-Review\MoneyTrackerApp\Expense-Manager\MoneyTrackerApp\MoneyTrackerApp\wwwroot\lib\bootstrap\dist\css\bootstrap-utilities.css.map' because project mode is 'Default' and asset mode is 'All'
         Accepted candidate asset 'F:\OJT-Review\MoneyTrackerApp\Expense-Manager\MoneyTrackerApp\MoneyTrackerApp\wwwroot\lib\bootstrap\dist\css\bootstrap-utilities.min.css' because project mode is 'Default' and asset mode is 'All'
         Accepted candidate asset 'F:\OJT-Review\MoneyTrackerApp\Expense-Manager\MoneyTrackerApp\MoneyTrackerApp\wwwroot\lib\bootstrap\dist\css\bootstrap-utilities.min.css.map' because project mode is 'Default' and asset mode is 'All'
         Accepted candidate asset 'F:\OJT-Review\MoneyTrackerApp\Expense-Manager\MoneyTrackerApp\MoneyTrackerApp\wwwroot\lib\bootstrap\dist\css\bootstrap-utilities.rtl.css' because project mode is 'Default' and asset mode is 'All'
         Accepted candidate asset 'F:\OJT-Review\MoneyTrackerApp\Expense-Manager\MoneyTrackerApp\MoneyTrackerApp\wwwroot\lib\bootstrap\dist\css\bootstrap-utilities.rtl.css.map' because project mode is 'Default' and asset mode is 'All'
         Accepted candidate asset 'F:\OJT-Review\MoneyTrackerApp\Expense-Manager\MoneyTrackerApp\MoneyTrackerApp\wwwroot\lib\bootstrap\dist\css\bootstrap-utilities.rtl.min.css' because project mode is 'Default' and asset mode is 'All'
         Accepted candidate asset 'F:\OJT-Review\MoneyTrackerApp\Expense-Manager\MoneyTrackerApp\MoneyTrackerApp\wwwroot\lib\bootstrap\dist\css\bootstrap-utilities.rtl.min.css.map' because project mode is 'Default' and asset mode is 'All'
         Accepted candidate asset 'F:\OJT-Review\MoneyTrackerApp\Expense-Manager\MoneyTrackerApp\MoneyTrackerApp\wwwroot\lib\bootstrap\dist\css\bootstrap.css' because project mode is 'Default' and asset mode is 'All'
         Accepted candidate asset 'F:\OJT-Review\MoneyTrackerApp\Expense-Manager\MoneyTrackerApp\MoneyTrackerApp\wwwroot\lib\bootstrap\dist\css\bootstrap.css.map' because project mode is 'Default' and asset mode is 'All'
         Accepted candidate asset 'F:\OJT-Review\MoneyTrackerApp\Expense-Manager\MoneyTrackerApp\MoneyTrackerApp\wwwroot\lib\bootstrap\dist\css\bootstrap.min.css' because project mode is 'Default' and asset mode is 'All'
         Accepted candidate asset 'F:\OJT-Review\MoneyTrackerApp\Expense-Manager\MoneyTrackerApp\MoneyTrackerApp\wwwroot\lib\bootstrap\dist\css\bootstrap.min.css.map' because project mode is 'Default' and asset mode is 'All'
         Accepted candidate asset 'F:\OJT-Review\MoneyTrackerApp\Expense-Manager\MoneyTrackerApp\MoneyTrackerApp\wwwroot\lib\bootstrap\dist\css\bootstrap.rtl.css' because project mode is 'Default' and asset mode is 'All'
         Accepted candidate asset 'F:\OJT-Review\MoneyTrackerApp\Expense-Manager\MoneyTrackerApp\MoneyTrackerApp\wwwroot\lib\bootstrap\dist\css\bootstrap.rtl.css.map' because project mode is 'Default' and asset mode is 'All'
         Accepted candidate asset 'F:\OJT-Review\MoneyTrackerApp\Expense-Manager\MoneyTrackerApp\MoneyTrackerApp\wwwroot\lib\bootstrap\dist\css\bootstrap.rtl.min.css' because project mode is 'Default' and asset mode is 'All'
         Accepted candidate asset 'F:\OJT-Review\MoneyTrackerApp\Expense-Manager\MoneyTrackerApp\MoneyTrackerApp\wwwroot\lib\bootstrap\dist\css\bootstrap.rtl.min.css.map' because project mode is 'Default' and asset mode is 'All'
         Accepted candidate asset 'F:\OJT-Review\MoneyTrackerApp\Expense-Manager\MoneyTrackerApp\MoneyTrackerApp\wwwroot\lib\bootstrap\dist\js\bootstrap.bundle.js' because project mode is 'Default' and asset mode is 'All'
         Accepted candidate asset 'F:\OJT-Review\MoneyTrackerApp\Expense-Manager\MoneyTrackerApp\MoneyTrackerApp\wwwroot\lib\bootstrap\dist\js\bootstrap.bundle.js.map' because project mode is 'Default' and asset mode is 'All'
         Accepted candidate asset 'F:\OJT-Review\MoneyTrackerApp\Expense-Manager\MoneyTrackerApp\MoneyTrackerApp\wwwroot\lib\bootstrap\dist\js\bootstrap.bundle.min.js' because project mode is 'Default' and asset mode is 'All'
         Accepted candidate asset 'F:\OJT-Review\MoneyTrackerApp\Expense-Manager\MoneyTrackerApp\MoneyTrackerApp\wwwroot\lib\bootstrap\dist\js\bootstrap.bundle.min.js.map' because project mode is 'Default' and asset mode is 'All'
         Accepted candidate asset 'F:\OJT-Review\MoneyTrackerApp\Expense-Manager\MoneyTrackerApp\MoneyTrackerApp\wwwroot\lib\bootstrap\dist\js\bootstrap.esm.js' because project mode is 'Default' and asset mode is 'All'
         Accepted candidate asset 'F:\OJT-Review\MoneyTrackerApp\Expense-Manager\MoneyTrackerApp\MoneyTrackerApp\wwwroot\lib\bootstrap\dist\js\bootstrap.esm.js.map' because project mode is 'Default' and asset mode is 'All'
         Accepted candidate asset 'F:\OJT-Review\MoneyTrackerApp\Expense-Manager\MoneyTrackerApp\MoneyTrackerApp\wwwroot\lib\bootstrap\dist\js\bootstrap.esm.min.js' because project mode is 'Default' and asset mode is 'All'
         Accepted candidate asset 'F:\OJT-Review\MoneyTrackerApp\Expense-Manager\MoneyTrackerApp\MoneyTrackerApp\wwwroot\lib\bootstrap\dist\js\bootstrap.esm.min.js.map' because project mode is 'Default' and asset mode is 'All'
         Accepted candidate asset 'F:\OJT-Review\MoneyTrackerApp\Expense-Manager\MoneyTrackerApp\MoneyTrackerApp\wwwroot\lib\bootstrap\dist\js\bootstrap.js' because project mode is 'Default' and asset mode is 'All'
         Accepted candidate asset 'F:\OJT-Review\MoneyTrackerApp\Expense-Manager\MoneyTrackerApp\MoneyTrackerApp\wwwroot\lib\bootstrap\dist\js\bootstrap.js.map' because project mode is 'Default' and asset mode is 'All'
         Accepted candidate asset 'F:\OJT-Review\MoneyTrackerApp\Expense-Manager\MoneyTrackerApp\MoneyTrackerApp\wwwroot\lib\bootstrap\dist\js\bootstrap.min.js' because project mode is 'Default' and asset mode is 'All'
         Accepted candidate asset 'F:\OJT-Review\MoneyTrackerApp\Expense-Manager\MoneyTrackerApp\MoneyTrackerApp\wwwroot\lib\bootstrap\dist\js\bootstrap.min.js.map' because project mode is 'Default' and asset mode is 'All'
         Accepted candidate asset 'F:\OJT-Review\MoneyTrackerApp\Expense-Manager\MoneyTrackerApp\MoneyTrackerApp\wwwroot\lib\bootstrap\LICENSE' because project mode is 'Default' and asset mode is 'All'
         Accepted candidate asset 'F:\OJT-Review\MoneyTrackerApp\Expense-Manager\MoneyTrackerApp\MoneyTrackerApp\wwwroot\lib\jquery-validation-unobtrusive\jquery.validate.unobtrusive.js' because project mode is 'Default' and asset mode is 'All'
         Accepted candidate asset 'F:\OJT-Review\MoneyTrackerApp\Expense-Manager\MoneyTrackerApp\MoneyTrackerApp\wwwroot\lib\jquery-validation-unobtrusive\jquery.validate.unobtrusive.min.js' because project mode is 'Default' and asset mode is 'All'
         Accepted candidate asset 'F:\OJT-Review\MoneyTrackerApp\Expense-Manager\MoneyTrackerApp\MoneyTrackerApp\wwwroot\lib\jquery-validation-unobtrusive\LICENSE.txt' because project mode is 'Default' and asset mode is 'All'
         Accepted candidate asset 'F:\OJT-Review\MoneyTrackerApp\Expense-Manager\MoneyTrackerApp\MoneyTrackerApp\wwwroot\lib\jquery-validation\dist\additional-methods.js' because project mode is 'Default' and asset mode is 'All'
         Accepted candidate asset 'F:\OJT-Review\MoneyTrackerApp\Expense-Manager\MoneyTrackerApp\MoneyTrackerApp\wwwroot\lib\jquery-validation\dist\additional-methods.min.js' because project mode is 'Default' and asset mode is 'All'
         Accepted candidate asset 'F:\OJT-Review\MoneyTrackerApp\Expense-Manager\MoneyTrackerApp\MoneyTrackerApp\wwwroot\lib\jquery-validation\dist\jquery.validate.js' because project mode is 'Default' and asset mode is 'All'
         Accepted candidate asset 'F:\OJT-Review\MoneyTrackerApp\Expense-Manager\MoneyTrackerApp\MoneyTrackerApp\wwwroot\lib\jquery-validation\dist\jquery.validate.min.js' because project mode is 'Default' and asset mode is 'All'
         Accepted candidate asset 'F:\OJT-Review\MoneyTrackerApp\Expense-Manager\MoneyTrackerApp\MoneyTrackerApp\wwwroot\lib\jquery-validation\LICENSE.md' because project mode is 'Default' and asset mode is 'All'
         Accepted candidate asset 'F:\OJT-Review\MoneyTrackerApp\Expense-Manager\MoneyTrackerApp\MoneyTrackerApp\wwwroot\lib\jquery\dist\jquery.js' because project mode is 'Default' and asset mode is 'All'
         Accepted candidate asset 'F:\OJT-Review\MoneyTrackerApp\Expense-Manager\MoneyTrackerApp\MoneyTrackerApp\wwwroot\lib\jquery\dist\jquery.min.js' because project mode is 'Default' and asset mode is 'All'
         Accepted candidate asset 'F:\OJT-Review\MoneyTrackerApp\Expense-Manager\MoneyTrackerApp\MoneyTrackerApp\wwwroot\lib\jquery\dist\jquery.min.map' because project mode is 'Default' and asset mode is 'All'
         Accepted candidate asset 'F:\OJT-Review\MoneyTrackerApp\Expense-Manager\MoneyTrackerApp\MoneyTrackerApp\wwwroot\lib\jquery\LICENSE.txt' because project mode is 'Default' and asset mode is 'All'
         Accepted candidate asset 'F:\OJT-Review\MoneyTrackerApp\Expense-Manager\MoneyTrackerApp\MoneyTrackerApp\wwwroot\test-reports-api.html' because project mode is 'Default' and asset mode is 'All'
         Accepted candidate asset 'F:\OJT-Review\MoneyTrackerApp\Expense-Manager\MoneyTrackerApp\MoneyTrackerApp\wwwroot\uploads\images\1\28bdeb7e-dcef-4e9b-bba6-619980cd5821.webp' because project mode is 'Default' and asset mode is 'All'
         Accepted candidate asset 'F:\OJT-Review\MoneyTrackerApp\Expense-Manager\MoneyTrackerApp\MoneyTrackerApp\wwwroot\uploads\images\1\28bdeb7e-dcef-4e9b-bba6-619980cd5821_thumb.webp' because project mode is 'Default' and asset mode is 'All'
         Accepted candidate asset 'F:\OJT-Review\MoneyTrackerApp\Expense-Manager\MoneyTrackerApp\MoneyTrackerApp\wwwroot\uploads\images\1\3e17ba09-ea58-427a-b0d1-d3d741c26f10.jpg' because project mode is 'Default' and asset mode is 'All'
         Accepted candidate asset 'F:\OJT-Review\MoneyTrackerApp\Expense-Manager\MoneyTrackerApp\MoneyTrackerApp\wwwroot\uploads\images\1\3e17ba09-ea58-427a-b0d1-d3d741c26f10_thumb.jpg' because project mode is 'Default' and asset mode is 'All'
         Accepted candidate asset 'F:\OJT-Review\MoneyTrackerApp\Expense-Manager\MoneyTrackerApp\MoneyTrackerApp\wwwroot\uploads\images\1\5315bf71-5596-46df-b027-cc9fc0386358.jpg' because project mode is 'Default' and asset mode is 'All'
         Accepted candidate asset 'F:\OJT-Review\MoneyTrackerApp\Expense-Manager\MoneyTrackerApp\MoneyTrackerApp\wwwroot\uploads\images\1\5315bf71-5596-46df-b027-cc9fc0386358_thumb.jpg' because project mode is 'Default' and asset mode is 'All'
         Accepted candidate asset 'F:\OJT-Review\MoneyTrackerApp\Expense-Manager\MoneyTrackerApp\MoneyTrackerApp\wwwroot\uploads\images\1\6163ac46-d6a3-4968-b9b0-8b86d00928f0.jpg' because project mode is 'Default' and asset mode is 'All'
         Accepted candidate asset 'F:\OJT-Review\MoneyTrackerApp\Expense-Manager\MoneyTrackerApp\MoneyTrackerApp\wwwroot\uploads\images\1\6163ac46-d6a3-4968-b9b0-8b86d00928f0_thumb.jpg' because project mode is 'Default' and asset mode is 'All'
         Accepted candidate asset 'F:\OJT-Review\MoneyTrackerApp\Expense-Manager\MoneyTrackerApp\MoneyTrackerApp\wwwroot\uploads\images\1\6cf0e72c-2592-47c3-9154-e86ca159936d.jpg' because project mode is 'Default' and asset mode is 'All'
         Accepted candidate asset 'F:\OJT-Review\MoneyTrackerApp\Expense-Manager\MoneyTrackerApp\MoneyTrackerApp\wwwroot\uploads\images\1\6cf0e72c-2592-47c3-9154-e86ca159936d_thumb.jpg' because project mode is 'Default' and asset mode is 'All'
         Accepted candidate asset 'F:\OJT-Review\MoneyTrackerApp\Expense-Manager\MoneyTrackerApp\MoneyTrackerApp\wwwroot\uploads\images\1\b7ab8752-560d-49aa-9703-257f769ff3a6.jpg' because project mode is 'Default' and asset mode is 'All'
         Accepted candidate asset 'F:\OJT-Review\MoneyTrackerApp\Expense-Manager\MoneyTrackerApp\MoneyTrackerApp\wwwroot\uploads\images\1\b7ab8752-560d-49aa-9703-257f769ff3a6_thumb.jpg' because project mode is 'Default' and asset mode is 'All'
         Accepted candidate asset 'F:\OJT-Review\MoneyTrackerApp\Expense-Manager\MoneyTrackerApp\MoneyTrackerApp\wwwroot\uploads\images\2\fc9190f7-7372-461d-bbc3-82d8dc50ea2c.jpg' because project mode is 'Default' and asset mode is 'All'
         Accepted candidate asset 'F:\OJT-Review\MoneyTrackerApp\Expense-Manager\MoneyTrackerApp\MoneyTrackerApp\wwwroot\uploads\images\2\fc9190f7-7372-461d-bbc3-82d8dc50ea2c_thumb.jpg' because project mode is 'Default' and asset mode is 'All'
         Accepted candidate asset 'F:\OJT-Review\MoneyTrackerApp\Expense-Manager\MoneyTrackerApp\MoneyTrackerApp\wwwroot\uploads\profiles\1_7fae67f3-0c15-470d-bdff-b3605193bb49.png' because project mode is 'Default' and asset mode is 'All'
         Accepted candidate asset 'F:\OJT-Review\MoneyTrackerApp\Expense-Manager\MoneyTrackerApp\MoneyTrackerApp\wwwroot\uploads\profiles\1_a7227041-4857-42fb-aeae-d989bc0ced64.png' because project mode is 'Default' and asset mode is 'All'
         Accepted candidate asset 'F:\OJT-Review\MoneyTrackerApp\Expense-Manager\MoneyTrackerApp\MoneyTrackerApp\wwwroot\uploads\profiles\2_4ac3ee7b-2d97-4ccd-bcfe-4a2ce14a833b.jpg' because project mode is 'Default' and asset mode is 'All'
         Accepted candidate asset 'F:\OJT-Review\MoneyTrackerApp\Expense-Manager\MoneyTrackerApp\MoneyTrackerApp\wwwroot\uploads\profiles\2_ac93351b-17cc-4bb6-842d-860bbf6bef3e.png' because project mode is 'Default' and asset mode is 'All'
         Accepted candidate asset 'F:\OJT-Review\MoneyTrackerApp\Expense-Manager\MoneyTrackerApp\MoneyTrackerApp\wwwroot\uploads\profiles\2_ba6b8f33-748a-449e-93fa-952aa3cb09e2.jpg' because project mode is 'Default' and asset mode is 'All'
         Accepted candidate asset 'F:\OJT-Review\MoneyTrackerApp\Expense-Manager\MoneyTrackerApp\MoneyTrackerApp\wwwroot\uploads\profiles\3_0ce645e9-c76f-4f24-ab38-755402a3bc17.png' because project mode is 'Default' and asset mode is 'All'
         Accepted candidate asset 'F:\OJT-Review\MoneyTrackerApp\Expense-Manager\MoneyTrackerApp\MoneyTrackerApp\wwwroot\uploads\profiles\3_6f4c8657-4668-4c5e-907f-2f4dc07c56c1.jpg' because project mode is 'Default' and asset mode is 'All'
         Skipping candidate asset 'F:\OJT-Review\MoneyTrackerApp\Expense-Manager\MoneyTrackerApp\MoneyTrackerApp\obj\Debug\net8.0\scopedcss\bundle\MoneyTrackerApp.styles.css' because project mode is 'Default' and asset mode is 'CurrentProject'
         Accepted candidate asset 'F:\OJT-Review\MoneyTrackerApp\Expense-Manager\MoneyTrackerApp\MoneyTrackerApp\obj\Debug\net8.0\scopedcss\projectbundle\MoneyTrackerApp.bundle.scp.css' because project mode is 'Default' and asset mode is 'Reference'
       Done executing task "ComputeReferenceStaticWebAssetItems".
       Using "GenerateStaticWebAsssetsPropsFile" task from assembly "C:\Program Files\dotnet\sdk\8.0.416\Sdks\Microsoft.NET.Sdk.StaticWebAssets\targets\..\tasks\net8.0\Microsoft.NET.Sdk.StaticWebAssets.Tasks.dll".
       Task "GenerateStaticWebAsssetsPropsFile"
         Skipping file update because the hash 'todmweuI0ls7eIgL+UsfMgLXu6iTRycM3O2/VxuiKXw=' has not changed.
       Done executing task "GenerateStaticWebAsssetsPropsFile".
       Using "StaticWebAssetsGeneratePackagePropsFile" task from assembly "C:\Program Files\dotnet\sdk\8.0.416\Sdks\Microsoft.NET.Sdk.StaticWebAssets\targets\..\tasks\net8.0\Microsoft.NET.Sdk.StaticWebAssets.Tasks.dll".
       Task "StaticWebAssetsGeneratePackagePropsFile"
         Skipping file update because the hash '3nQNpT/BWmvCIB+GDSBAYK6AXZVRWvPhOkaRiTEFjcE=' has not changed.
       Done executing task "StaticWebAssetsGeneratePackagePropsFile".
       Task "StaticWebAssetsGeneratePackagePropsFile"
         Skipping file update because the hash '/fTwkfUtZUWLpguelECfs3QNr/K+6DoYLnhSh2SsCrw=' has not changed.
       Done executing task "StaticWebAssetsGeneratePackagePropsFile".
       Task "StaticWebAssetsGeneratePackagePropsFile"
         Skipping file update because the hash 'U0FuQsnkE7yBOnDrk5Lhm7LbKXYEWsu8AQKXf6gDRQU=' has not changed.
       Done executing task "StaticWebAssetsGeneratePackagePropsFile".
       Using "ComputeStaticWebAssetsTargetPaths" task from assembly "C:\Program Files\dotnet\sdk\8.0.416\Sdks\Microsoft.NET.Sdk.StaticWebAssets\targets\..\tasks\net8.0\Microsoft.NET.Sdk.StaticWebAssets.Tasks.dll".
       Task "ComputeStaticWebAssetsTargetPaths"
         Using path prefix 'staticwebassets'
       Done executing task "ComputeStaticWebAssetsTargetPaths".
       Using "StaticWebAssetsGeneratePackManifest" task from assembly "C:\Program Files\dotnet\sdk\8.0.416\Sdks\Microsoft.NET.Sdk.StaticWebAssets\targets\..\tasks\net8.0\Microsoft.NET.Sdk.StaticWebAssets.Tasks.dll".
       Task "StaticWebAssetsGeneratePackManifest"
         Skipping manifest update because manifest version 'bY1MSvyYa/WwmXrvM9Rq8X8qyB+6aTpqzcrZ/gzm2Po=' has not changed.
       Done executing task "StaticWebAssetsGeneratePackManifest".
   1:7>Done building target "GenerateStaticWebAssetsPackFiles" in project "MoneyTrackerApp.csproj".
       Target "_ResolveBundlingConfiguration" skipped. Previously built successfully.
       Target "ResolveScopedCssOutputs" skipped. Previously built successfully.
   1:7>Target "_GenerateScopedCssFiles" in file "C:\Program Files\dotnet\sdk\8.0.416\Sdks\Microsoft.NET.Sdk.StaticWebAssets\targets\Microsoft.NET.Sdk.StaticWebAssets.ScopedCss.targets" from project "F:\OJT-Review\MoneyTrackerApp\Expense-Manager\MoneyTrackerApp\MoneyTrackerApp\MoneyTrackerApp.csproj" (target "GenerateComputedBuildStaticWebAssets" depends on it):
       Skipping target "_GenerateScopedCssFiles" because all output files are up-to-date with respect to the input files.
       Input files: Pages\Shared\_Layout.cshtml.css
       Output files: F:\OJT-Review\MoneyTrackerApp\Expense-Manager\MoneyTrackerApp\MoneyTrackerApp\obj\Debug\net8.0\scopedcss\Pages\Shared\_Layout.cshtml.rz.scp.css
   1:7>Done building target "_GenerateScopedCssFiles" in project "MoneyTrackerApp.csproj".
       Target "_CollectAllScopedCssAssets" skipped. Previously built successfully.
       Target "_GenerateScopedCssFiles" skipped. Previously built successfully.
       Target "_ResolveBundlingConfiguration" skipped. Previously built successfully.
   1:7>Target "BundleScopedCssFiles" in file "C:\Program Files\dotnet\sdk\8.0.416\Sdks\Microsoft.NET.Sdk.StaticWebAssets\targets\Microsoft.NET.Sdk.StaticWebAssets.ScopedCss.targets" from project "F:\OJT-Review\MoneyTrackerApp\Expense-Manager\MoneyTrackerApp\MoneyTrackerApp\MoneyTrackerApp.csproj" (target "GenerateComputedBuildStaticWebAssets" depends on it):
       Using "ConcatenateCssFiles" task from assembly "C:\Program Files\dotnet\sdk\8.0.416\Sdks\Microsoft.NET.Sdk.StaticWebAssets\targets\..\tasks\net8.0\Microsoft.NET.Sdk.StaticWebAssets.Tasks.dll".
       Task "ConcatenateCssFiles"
       Done executing task "ConcatenateCssFiles".
       Task "ConcatenateCssFiles"
       Done executing task "ConcatenateCssFiles".
   1:7>Done building target "BundleScopedCssFiles" in project "MoneyTrackerApp.csproj".
   1:7>Target "_CompressFiles" in file "C:\Program Files\dotnet\sdk\8.0.416\Sdks\Microsoft.NET.Sdk.StaticWebAssets\targets\Microsoft.NET.Sdk.StaticWebAssets.Compression.targets" from project "F:\OJT-Review\MoneyTrackerApp\Expense-Manager\MoneyTrackerApp\MoneyTrackerApp\MoneyTrackerApp.csproj" (target "GenerateComputedBuildStaticWebAssets" depends on it):
       Task "GZipCompress" skipped, due to false condition; ('@(_GZipCompressedStaticWebAssets)' != '') was evaluated as ('' != '').
       Task "BrotliCompress" skipped, due to false condition; ('@(_BrotliCompressedStaticWebAssets)' != '') was evaluated as ('' != '').
   1:7>Done building target "_CompressFiles" in project "MoneyTrackerApp.csproj".
   1:7>Target "GenerateComputedBuildStaticWebAssets" in file "C:\Program Files\dotnet\sdk\8.0.416\Sdks\Microsoft.NET.Sdk.StaticWebAssets\targets\Microsoft.NET.Sdk.StaticWebAssets.targets" from project "F:\OJT-Review\MoneyTrackerApp\Expense-Manager\MoneyTrackerApp\MoneyTrackerApp\MoneyTrackerApp.csproj" (target "StaticWebAssetsPrepareForRun" depends on it):
   1:7>Done building target "GenerateComputedBuildStaticWebAssets" in project "MoneyTrackerApp.csproj".
   1:7>Target "LoadStaticWebAssetsBuildManifest" in file "C:\Program Files\dotnet\sdk\8.0.416\Sdks\Microsoft.NET.Sdk.StaticWebAssets\targets\Microsoft.NET.Sdk.StaticWebAssets.Publish.targets" from project "F:\OJT-Review\MoneyTrackerApp\Expense-Manager\MoneyTrackerApp\MoneyTrackerApp\MoneyTrackerApp.csproj" (target "CopyStaticWebAssetsToOutputDirectory" depends on it):
       Using "ReadStaticWebAssetsManifestFile" task from assembly "C:\Program Files\dotnet\sdk\8.0.416\Sdks\Microsoft.NET.Sdk.StaticWebAssets\targets\..\tasks\net8.0\Microsoft.NET.Sdk.StaticWebAssets.Tasks.dll".
       Task "ReadStaticWebAssetsManifestFile"
       Done executing task "ReadStaticWebAssetsManifestFile".
   1:7>Done building target "LoadStaticWebAssetsBuildManifest" in project "MoneyTrackerApp.csproj".
   1:7>Target "_EnsureContentRootFolders" in file "C:\Program Files\dotnet\sdk\8.0.416\Sdks\Microsoft.NET.Sdk.StaticWebAssets\targets\Microsoft.NET.Sdk.StaticWebAssets.targets" from project "F:\OJT-Review\MoneyTrackerApp\Expense-Manager\MoneyTrackerApp\MoneyTrackerApp\MoneyTrackerApp.csproj" (target "CopyStaticWebAssetsToOutputDirectory" depends on it):
       Task "MakeDir"
       Done executing task "MakeDir".
   1:7>Done building target "_EnsureContentRootFolders" in project "MoneyTrackerApp.csproj".
   1:7>Target "CopyStaticWebAssetsToOutputDirectory" in file "C:\Program Files\dotnet\sdk\8.0.416\Sdks\Microsoft.NET.Sdk.StaticWebAssets\targets\Microsoft.NET.Sdk.StaticWebAssets.targets" from project "F:\OJT-Review\MoneyTrackerApp\Expense-Manager\MoneyTrackerApp\MoneyTrackerApp\MoneyTrackerApp.csproj" (target "StaticWebAssetsPrepareForRun" depends on it):
   1:7>Done building target "CopyStaticWebAssetsToOutputDirectory" in project "MoneyTrackerApp.csproj".
   1:7>Target "_SplitStaticWebAssetsByCopyOptions" in file "C:\Program Files\dotnet\sdk\8.0.416\Sdks\Microsoft.NET.Sdk.StaticWebAssets\targets\Microsoft.NET.Sdk.StaticWebAssets.targets" from project "F:\OJT-Review\MoneyTrackerApp\Expense-Manager\MoneyTrackerApp\MoneyTrackerApp\MoneyTrackerApp.csproj" (target "StaticWebAssetsPrepareForRun" depends on it):
       Using "CollectStaticWebAssetsToCopy" task from assembly "C:\Program Files\dotnet\sdk\8.0.416\Sdks\Microsoft.NET.Sdk.StaticWebAssets\targets\..\tasks\net8.0\Microsoft.NET.Sdk.StaticWebAssets.Tasks.dll".
       Task "CollectStaticWebAssetsToCopy"
         Skipping asset 'F:\OJT-Review\MoneyTrackerApp\Expense-Manager\MoneyTrackerApp\MoneyTrackerApp\obj\Debug\net8.0\scopedcss\bundle\MoneyTrackerApp.styles.css' since copy to output directory option is 'Never'
         Skipping asset 'F:\OJT-Review\MoneyTrackerApp\Expense-Manager\MoneyTrackerApp\MoneyTrackerApp\obj\Debug\net8.0\scopedcss\projectbundle\MoneyTrackerApp.bundle.scp.css' since asset mode is 'Reference'
         Skipping asset 'F:\OJT-Review\MoneyTrackerApp\Expense-Manager\MoneyTrackerApp\MoneyTrackerApp\obj\Debug\net8.0\scopedcss\projectbundle\MoneyTrackerApp.bundle.scp.css' since copy to output directory option is 'Never'
         Skipping asset 'F:\OJT-Review\MoneyTrackerApp\Expense-Manager\MoneyTrackerApp\MoneyTrackerApp\wwwroot\css\admin-dark.css' since copy to output directory option is 'Never'
         Skipping asset 'F:\OJT-Review\MoneyTrackerApp\Expense-Manager\MoneyTrackerApp\MoneyTrackerApp\wwwroot\css\animations.css' since copy to output directory option is 'Never'
         Skipping asset 'F:\OJT-Review\MoneyTrackerApp\Expense-Manager\MoneyTrackerApp\MoneyTrackerApp\wwwroot\css\auth.css' since copy to output directory option is 'Never'
         Skipping asset 'F:\OJT-Review\MoneyTrackerApp\Expense-Manager\MoneyTrackerApp\MoneyTrackerApp\wwwroot\css\bento-grid.css' since copy to output directory option is 'Never'
         Skipping asset 'F:\OJT-Review\MoneyTrackerApp\Expense-Manager\MoneyTrackerApp\MoneyTrackerApp\wwwroot\css\bento-system.css' since copy to output directory option is 'Never'
         Skipping asset 'F:\OJT-Review\MoneyTrackerApp\Expense-Manager\MoneyTrackerApp\MoneyTrackerApp\wwwroot\css\budgets.css' since copy to output directory option is 'Never'
         Skipping asset 'F:\OJT-Review\MoneyTrackerApp\Expense-Manager\MoneyTrackerApp\MoneyTrackerApp\wwwroot\css\checkout-enhanced.css' since copy to output directory option is 'Never'
         Skipping asset 'F:\OJT-Review\MoneyTrackerApp\Expense-Manager\MoneyTrackerApp\MoneyTrackerApp\wwwroot\css\checkout.css' since copy to output directory option is 'Never'
         Skipping asset 'F:\OJT-Review\MoneyTrackerApp\Expense-Manager\MoneyTrackerApp\MoneyTrackerApp\wwwroot\css\christmas.css' since copy to output directory option is 'Never'
         Skipping asset 'F:\OJT-Review\MoneyTrackerApp\Expense-Manager\MoneyTrackerApp\MoneyTrackerApp\wwwroot\css\contacts.css' since copy to output directory option is 'Never'
         Skipping asset 'F:\OJT-Review\MoneyTrackerApp\Expense-Manager\MoneyTrackerApp\MoneyTrackerApp\wwwroot\css\debts.css' since copy to output directory option is 'Never'
         Skipping asset 'F:\OJT-Review\MoneyTrackerApp\Expense-Manager\MoneyTrackerApp\MoneyTrackerApp\wwwroot\css\design-system.css' since copy to output directory option is 'Never'
         Skipping asset 'F:\OJT-Review\MoneyTrackerApp\Expense-Manager\MoneyTrackerApp\MoneyTrackerApp\wwwroot\css\groups.css' since copy to output directory option is 'Never'
         Skipping asset 'F:\OJT-Review\MoneyTrackerApp\Expense-Manager\MoneyTrackerApp\MoneyTrackerApp\wwwroot\css\header.css' since copy to output directory option is 'Never'
         Skipping asset 'F:\OJT-Review\MoneyTrackerApp\Expense-Manager\MoneyTrackerApp\MoneyTrackerApp\wwwroot\css\home.css' since copy to output directory option is 'Never'
         Skipping asset 'F:\OJT-Review\MoneyTrackerApp\Expense-Manager\MoneyTrackerApp\MoneyTrackerApp\wwwroot\css\investments.css' since copy to output directory option is 'Never'
         Skipping asset 'F:\OJT-Review\MoneyTrackerApp\Expense-Manager\MoneyTrackerApp\MoneyTrackerApp\wwwroot\css\main.css' since copy to output directory option is 'Never'
         Skipping asset 'F:\OJT-Review\MoneyTrackerApp\Expense-Manager\MoneyTrackerApp\MoneyTrackerApp\wwwroot\css\micro-interactions.css' since copy to output directory option is 'Never'
         Skipping asset 'F:\OJT-Review\MoneyTrackerApp\Expense-Manager\MoneyTrackerApp\MoneyTrackerApp\wwwroot\css\modern-pages.css' since copy to output directory option is 'Never'
         Skipping asset 'F:\OJT-Review\MoneyTrackerApp\Expense-Manager\MoneyTrackerApp\MoneyTrackerApp\wwwroot\css\onboarding.css' since copy to output directory option is 'Never'
         Skipping asset 'F:\OJT-Review\MoneyTrackerApp\Expense-Manager\MoneyTrackerApp\MoneyTrackerApp\wwwroot\css\reports-accessibility.css' since copy to output directory option is 'Never'
         Skipping asset 'F:\OJT-Review\MoneyTrackerApp\Expense-Manager\MoneyTrackerApp\MoneyTrackerApp\wwwroot\css\reports-modern.css' since copy to output directory option is 'Never'
         Skipping asset 'F:\OJT-Review\MoneyTrackerApp\Expense-Manager\MoneyTrackerApp\MoneyTrackerApp\wwwroot\css\reports.css' since copy to output directory option is 'Never'
         Skipping asset 'F:\OJT-Review\MoneyTrackerApp\Expense-Manager\MoneyTrackerApp\MoneyTrackerApp\wwwroot\css\savings.css' since copy to output directory option is 'Never'
         Skipping asset 'F:\OJT-Review\MoneyTrackerApp\Expense-Manager\MoneyTrackerApp\MoneyTrackerApp\wwwroot\css\service-packages.css' since copy to output directory option is 'Never'
         Skipping asset 'F:\OJT-Review\MoneyTrackerApp\Expense-Manager\MoneyTrackerApp\MoneyTrackerApp\wwwroot\css\settings.css' since copy to output directory option is 'Never'
         Skipping asset 'F:\OJT-Review\MoneyTrackerApp\Expense-Manager\MoneyTrackerApp\MoneyTrackerApp\wwwroot\css\shared-wallets.css' since copy to output directory option is 'Never'
         Skipping asset 'F:\OJT-Review\MoneyTrackerApp\Expense-Manager\MoneyTrackerApp\MoneyTrackerApp\wwwroot\css\site.css' since copy to output directory option is 'Never'
         Skipping asset 'F:\OJT-Review\MoneyTrackerApp\Expense-Manager\MoneyTrackerApp\MoneyTrackerApp\wwwroot\css\theme-variables.css' since copy to output directory option is 'Never'
         Skipping asset 'F:\OJT-Review\MoneyTrackerApp\Expense-Manager\MoneyTrackerApp\MoneyTrackerApp\wwwroot\css\trading.css' since copy to output directory option is 'Never'
         Skipping asset 'F:\OJT-Review\MoneyTrackerApp\Expense-Manager\MoneyTrackerApp\MoneyTrackerApp\wwwroot\css\wallet-detail-modern.css' since copy to output directory option is 'Never'
         Skipping asset 'F:\OJT-Review\MoneyTrackerApp\Expense-Manager\MoneyTrackerApp\MoneyTrackerApp\wwwroot\css\wallet-modern.css' since copy to output directory option is 'Never'
         Skipping asset 'F:\OJT-Review\MoneyTrackerApp\Expense-Manager\MoneyTrackerApp\MoneyTrackerApp\wwwroot\css\wallet-page.css' since copy to output directory option is 'Never'
         Skipping asset 'F:\OJT-Review\MoneyTrackerApp\Expense-Manager\MoneyTrackerApp\MoneyTrackerApp\wwwroot\css\wallets.css' since copy to output directory option is 'Never'
         Skipping asset 'F:\OJT-Review\MoneyTrackerApp\Expense-Manager\MoneyTrackerApp\MoneyTrackerApp\wwwroot\docs\Reports_Trading_Enhancements.md' since copy to output directory option is 'Never'
         Skipping asset 'F:\OJT-Review\MoneyTrackerApp\Expense-Manager\MoneyTrackerApp\MoneyTrackerApp\wwwroot\docs\requirement_update.md' since copy to output directory option is 'Never'
         Skipping asset 'F:\OJT-Review\MoneyTrackerApp\Expense-Manager\MoneyTrackerApp\MoneyTrackerApp\wwwroot\favicon.ico' since copy to output directory option is 'Never'
         Skipping asset 'F:\OJT-Review\MoneyTrackerApp\Expense-Manager\MoneyTrackerApp\MoneyTrackerApp\wwwroot\js\admin-service-packages.js' since copy to output directory option is 'Never'
         Skipping asset 'F:\OJT-Review\MoneyTrackerApp\Expense-Manager\MoneyTrackerApp\MoneyTrackerApp\wwwroot\js\api-mock.js' since copy to output directory option is 'Never'
         Skipping asset 'F:\OJT-Review\MoneyTrackerApp\Expense-Manager\MoneyTrackerApp\MoneyTrackerApp\wwwroot\js\auth.js' since copy to output directory option is 'Never'
         Skipping asset 'F:\OJT-Review\MoneyTrackerApp\Expense-Manager\MoneyTrackerApp\MoneyTrackerApp\wwwroot\js\budgets.js' since copy to output directory option is 'Never'
         Skipping asset 'F:\OJT-Review\MoneyTrackerApp\Expense-Manager\MoneyTrackerApp\MoneyTrackerApp\wwwroot\js\charts-config.js' since copy to output directory option is 'Never'
         Skipping asset 'F:\OJT-Review\MoneyTrackerApp\Expense-Manager\MoneyTrackerApp\MoneyTrackerApp\wwwroot\js\christmas.js' since copy to output directory option is 'Never'
         Skipping asset 'F:\OJT-Review\MoneyTrackerApp\Expense-Manager\MoneyTrackerApp\MoneyTrackerApp\wwwroot\js\contacts.js' since copy to output directory option is 'Never'
         Skipping asset 'F:\OJT-Review\MoneyTrackerApp\Expense-Manager\MoneyTrackerApp\MoneyTrackerApp\wwwroot\js\debts.js' since copy to output directory option is 'Never'
         Skipping asset 'F:\OJT-Review\MoneyTrackerApp\Expense-Manager\MoneyTrackerApp\MoneyTrackerApp\wwwroot\js\frontend-error-tests.js' since copy to output directory option is 'Never'
         Skipping asset 'F:\OJT-Review\MoneyTrackerApp\Expense-Manager\MoneyTrackerApp\MoneyTrackerApp\wwwroot\js\global-transaction-modal.js' since copy to output directory option is 'Never'
         Skipping asset 'F:\OJT-Review\MoneyTrackerApp\Expense-Manager\MoneyTrackerApp\MoneyTrackerApp\wwwroot\js\groups-tests.js' since copy to output directory option is 'Never'
         Skipping asset 'F:\OJT-Review\MoneyTrackerApp\Expense-Manager\MoneyTrackerApp\MoneyTrackerApp\wwwroot\js\groups.js' since copy to output directory option is 'Never'
         Skipping asset 'F:\OJT-Review\MoneyTrackerApp\Expense-Manager\MoneyTrackerApp\MoneyTrackerApp\wwwroot\js\header.js' since copy to output directory option is 'Never'
         Skipping asset 'F:\OJT-Review\MoneyTrackerApp\Expense-Manager\MoneyTrackerApp\MoneyTrackerApp\wwwroot\js\home.js' since copy to output directory option is 'Never'
         Skipping asset 'F:\OJT-Review\MoneyTrackerApp\Expense-Manager\MoneyTrackerApp\MoneyTrackerApp\wwwroot\js\investments.js' since copy to output directory option is 'Never'
         Skipping asset 'F:\OJT-Review\MoneyTrackerApp\Expense-Manager\MoneyTrackerApp\MoneyTrackerApp\wwwroot\js\micro-interactions.js' since copy to output directory option is 'Never'
         Skipping asset 'F:\OJT-Review\MoneyTrackerApp\Expense-Manager\MoneyTrackerApp\MoneyTrackerApp\wwwroot\js\onboarding-basic-settings.js' since copy to output directory option is 'Never'
         Skipping asset 'F:\OJT-Review\MoneyTrackerApp\Expense-Manager\MoneyTrackerApp\MoneyTrackerApp\wwwroot\js\onboarding-create-wallet.js' since copy to output directory option is 'Never'
         Skipping asset 'F:\OJT-Review\MoneyTrackerApp\Expense-Manager\MoneyTrackerApp\MoneyTrackerApp\wwwroot\js\onboarding-savings-goal.js' since copy to output directory option is 'Never'
         Skipping asset 'F:\OJT-Review\MoneyTrackerApp\Expense-Manager\MoneyTrackerApp\MoneyTrackerApp\wwwroot\js\onboarding-setup-categories.js' since copy to output directory option is 'Never'
         Skipping asset 'F:\OJT-Review\MoneyTrackerApp\Expense-Manager\MoneyTrackerApp\MoneyTrackerApp\wwwroot\js\onboarding-welcome.js' since copy to output directory option is 'Never'
         Skipping asset 'F:\OJT-Review\MoneyTrackerApp\Expense-Manager\MoneyTrackerApp\MoneyTrackerApp\wwwroot\js\onboarding.js' since copy to output directory option is 'Never'
         Skipping asset 'F:\OJT-Review\MoneyTrackerApp\Expense-Manager\MoneyTrackerApp\MoneyTrackerApp\wwwroot\js\performance.js' since copy to output directory option is 'Never'
         Skipping asset 'F:\OJT-Review\MoneyTrackerApp\Expense-Manager\MoneyTrackerApp\MoneyTrackerApp\wwwroot\js\quick-add.js' since copy to output directory option is 'Never'
         Skipping asset 'F:\OJT-Review\MoneyTrackerApp\Expense-Manager\MoneyTrackerApp\MoneyTrackerApp\wwwroot\js\reports.js' since copy to output directory option is 'Never'
         Skipping asset 'F:\OJT-Review\MoneyTrackerApp\Expense-Manager\MoneyTrackerApp\MoneyTrackerApp\wwwroot\js\savings.js' since copy to output directory option is 'Never'
         Skipping asset 'F:\OJT-Review\MoneyTrackerApp\Expense-Manager\MoneyTrackerApp\MoneyTrackerApp\wwwroot\js\service-packages.js' since copy to output directory option is 'Never'
         Skipping asset 'F:\OJT-Review\MoneyTrackerApp\Expense-Manager\MoneyTrackerApp\MoneyTrackerApp\wwwroot\js\shared-wallets.js' since copy to output directory option is 'Never'
         Skipping asset 'F:\OJT-Review\MoneyTrackerApp\Expense-Manager\MoneyTrackerApp\MoneyTrackerApp\wwwroot\js\site.js' since copy to output directory option is 'Never'
         Skipping asset 'F:\OJT-Review\MoneyTrackerApp\Expense-Manager\MoneyTrackerApp\MoneyTrackerApp\wwwroot\js\subscription-utils.js' since copy to output directory option is 'Never'
         Skipping asset 'F:\OJT-Review\MoneyTrackerApp\Expense-Manager\MoneyTrackerApp\MoneyTrackerApp\wwwroot\js\theme-manager.js' since copy to output directory option is 'Never'
         Skipping asset 'F:\OJT-Review\MoneyTrackerApp\Expense-Manager\MoneyTrackerApp\MoneyTrackerApp\wwwroot\js\trading.js' since copy to output directory option is 'Never'
         Skipping asset 'F:\OJT-Review\MoneyTrackerApp\Expense-Manager\MoneyTrackerApp\MoneyTrackerApp\wwwroot\js\transactions-utils.js' since copy to output directory option is 'Never'
         Skipping asset 'F:\OJT-Review\MoneyTrackerApp\Expense-Manager\MoneyTrackerApp\MoneyTrackerApp\wwwroot\js\vnpay-checkout.js' since copy to output directory option is 'Never'
         Skipping asset 'F:\OJT-Review\MoneyTrackerApp\Expense-Manager\MoneyTrackerApp\MoneyTrackerApp\wwwroot\js\wallet-detail.js' since copy to output directory option is 'Never'
         Skipping asset 'F:\OJT-Review\MoneyTrackerApp\Expense-Manager\MoneyTrackerApp\MoneyTrackerApp\wwwroot\js\wallet-page.js' since copy to output directory option is 'Never'
         Skipping asset 'F:\OJT-Review\MoneyTrackerApp\Expense-Manager\MoneyTrackerApp\MoneyTrackerApp\wwwroot\lib\bootstrap\dist\css\bootstrap-grid.css' since copy to output directory option is 'Never'
         Skipping asset 'F:\OJT-Review\MoneyTrackerApp\Expense-Manager\MoneyTrackerApp\MoneyTrackerApp\wwwroot\lib\bootstrap\dist\css\bootstrap-grid.css.map' since copy to output directory option is 'Never'
         Skipping asset 'F:\OJT-Review\MoneyTrackerApp\Expense-Manager\MoneyTrackerApp\MoneyTrackerApp\wwwroot\lib\bootstrap\dist\css\bootstrap-grid.min.css' since copy to output directory option is 'Never'
         Skipping asset 'F:\OJT-Review\MoneyTrackerApp\Expense-Manager\MoneyTrackerApp\MoneyTrackerApp\wwwroot\lib\bootstrap\dist\css\bootstrap-grid.min.css.map' since copy to output directory option is 'Never'
         Skipping asset 'F:\OJT-Review\MoneyTrackerApp\Expense-Manager\MoneyTrackerApp\MoneyTrackerApp\wwwroot\lib\bootstrap\dist\css\bootstrap-grid.rtl.css' since copy to output directory option is 'Never'
         Skipping asset 'F:\OJT-Review\MoneyTrackerApp\Expense-Manager\MoneyTrackerApp\MoneyTrackerApp\wwwroot\lib\bootstrap\dist\css\bootstrap-grid.rtl.css.map' since copy to output directory option is 'Never'
         Skipping asset 'F:\OJT-Review\MoneyTrackerApp\Expense-Manager\MoneyTrackerApp\MoneyTrackerApp\wwwroot\lib\bootstrap\dist\css\bootstrap-grid.rtl.min.css' since copy to output directory option is 'Never'
         Skipping asset 'F:\OJT-Review\MoneyTrackerApp\Expense-Manager\MoneyTrackerApp\MoneyTrackerApp\wwwroot\lib\bootstrap\dist\css\bootstrap-grid.rtl.min.css.map' since copy to output directory option is 'Never'
         Skipping asset 'F:\OJT-Review\MoneyTrackerApp\Expense-Manager\MoneyTrackerApp\MoneyTrackerApp\wwwroot\lib\bootstrap\dist\css\bootstrap-reboot.css' since copy to output directory option is 'Never'
         Skipping asset 'F:\OJT-Review\MoneyTrackerApp\Expense-Manager\MoneyTrackerApp\MoneyTrackerApp\wwwroot\lib\bootstrap\dist\css\bootstrap-reboot.css.map' since copy to output directory option is 'Never'
         Skipping asset 'F:\OJT-Review\MoneyTrackerApp\Expense-Manager\MoneyTrackerApp\MoneyTrackerApp\wwwroot\lib\bootstrap\dist\css\bootstrap-reboot.min.css' since copy to output directory option is 'Never'
         Skipping asset 'F:\OJT-Review\MoneyTrackerApp\Expense-Manager\MoneyTrackerApp\MoneyTrackerApp\wwwroot\lib\bootstrap\dist\css\bootstrap-reboot.min.css.map' since copy to output directory option is 'Never'
         Skipping asset 'F:\OJT-Review\MoneyTrackerApp\Expense-Manager\MoneyTrackerApp\MoneyTrackerApp\wwwroot\lib\bootstrap\dist\css\bootstrap-reboot.rtl.css' since copy to output directory option is 'Never'
         Skipping asset 'F:\OJT-Review\MoneyTrackerApp\Expense-Manager\MoneyTrackerApp\MoneyTrackerApp\wwwroot\lib\bootstrap\dist\css\bootstrap-reboot.rtl.css.map' since copy to output directory option is 'Never'
         Skipping asset 'F:\OJT-Review\MoneyTrackerApp\Expense-Manager\MoneyTrackerApp\MoneyTrackerApp\wwwroot\lib\bootstrap\dist\css\bootstrap-reboot.rtl.min.css' since copy to output directory option is 'Never'
         Skipping asset 'F:\OJT-Review\MoneyTrackerApp\Expense-Manager\MoneyTrackerApp\MoneyTrackerApp\wwwroot\lib\bootstrap\dist\css\bootstrap-reboot.rtl.min.css.map' since copy to output directory option is 'Never'
         Skipping asset 'F:\OJT-Review\MoneyTrackerApp\Expense-Manager\MoneyTrackerApp\MoneyTrackerApp\wwwroot\lib\bootstrap\dist\css\bootstrap-utilities.css' since copy to output directory option is 'Never'
         Skipping asset 'F:\OJT-Review\MoneyTrackerApp\Expense-Manager\MoneyTrackerApp\MoneyTrackerApp\wwwroot\lib\bootstrap\dist\css\bootstrap-utilities.css.map' since copy to output directory option is 'Never'
         Skipping asset 'F:\OJT-Review\MoneyTrackerApp\Expense-Manager\MoneyTrackerApp\MoneyTrackerApp\wwwroot\lib\bootstrap\dist\css\bootstrap-utilities.min.css' since copy to output directory option is 'Never'
         Skipping asset 'F:\OJT-Review\MoneyTrackerApp\Expense-Manager\MoneyTrackerApp\MoneyTrackerApp\wwwroot\lib\bootstrap\dist\css\bootstrap-utilities.min.css.map' since copy to output directory option is 'Never'
         Skipping asset 'F:\OJT-Review\MoneyTrackerApp\Expense-Manager\MoneyTrackerApp\MoneyTrackerApp\wwwroot\lib\bootstrap\dist\css\bootstrap-utilities.rtl.css' since copy to output directory option is 'Never'
         Skipping asset 'F:\OJT-Review\MoneyTrackerApp\Expense-Manager\MoneyTrackerApp\MoneyTrackerApp\wwwroot\lib\bootstrap\dist\css\bootstrap-utilities.rtl.css.map' since copy to output directory option is 'Never'
         Skipping asset 'F:\OJT-Review\MoneyTrackerApp\Expense-Manager\MoneyTrackerApp\MoneyTrackerApp\wwwroot\lib\bootstrap\dist\css\bootstrap-utilities.rtl.min.css' since copy to output directory option is 'Never'
         Skipping asset 'F:\OJT-Review\MoneyTrackerApp\Expense-Manager\MoneyTrackerApp\MoneyTrackerApp\wwwroot\lib\bootstrap\dist\css\bootstrap-utilities.rtl.min.css.map' since copy to output directory option is 'Never'
         Skipping asset 'F:\OJT-Review\MoneyTrackerApp\Expense-Manager\MoneyTrackerApp\MoneyTrackerApp\wwwroot\lib\bootstrap\dist\css\bootstrap.css' since copy to output directory option is 'Never'
         Skipping asset 'F:\OJT-Review\MoneyTrackerApp\Expense-Manager\MoneyTrackerApp\MoneyTrackerApp\wwwroot\lib\bootstrap\dist\css\bootstrap.css.map' since copy to output directory option is 'Never'
         Skipping asset 'F:\OJT-Review\MoneyTrackerApp\Expense-Manager\MoneyTrackerApp\MoneyTrackerApp\wwwroot\lib\bootstrap\dist\css\bootstrap.min.css' since copy to output directory option is 'Never'
         Skipping asset 'F:\OJT-Review\MoneyTrackerApp\Expense-Manager\MoneyTrackerApp\MoneyTrackerApp\wwwroot\lib\bootstrap\dist\css\bootstrap.min.css.map' since copy to output directory option is 'Never'
         Skipping asset 'F:\OJT-Review\MoneyTrackerApp\Expense-Manager\MoneyTrackerApp\MoneyTrackerApp\wwwroot\lib\bootstrap\dist\css\bootstrap.rtl.css' since copy to output directory option is 'Never'
         Skipping asset 'F:\OJT-Review\MoneyTrackerApp\Expense-Manager\MoneyTrackerApp\MoneyTrackerApp\wwwroot\lib\bootstrap\dist\css\bootstrap.rtl.css.map' since copy to output directory option is 'Never'
         Skipping asset 'F:\OJT-Review\MoneyTrackerApp\Expense-Manager\MoneyTrackerApp\MoneyTrackerApp\wwwroot\lib\bootstrap\dist\css\bootstrap.rtl.min.css' since copy to output directory option is 'Never'
         Skipping asset 'F:\OJT-Review\MoneyTrackerApp\Expense-Manager\MoneyTrackerApp\MoneyTrackerApp\wwwroot\lib\bootstrap\dist\css\bootstrap.rtl.min.css.map' since copy to output directory option is 'Never'
         Skipping asset 'F:\OJT-Review\MoneyTrackerApp\Expense-Manager\MoneyTrackerApp\MoneyTrackerApp\wwwroot\lib\bootstrap\dist\js\bootstrap.bundle.js' since copy to output directory option is 'Never'
         Skipping asset 'F:\OJT-Review\MoneyTrackerApp\Expense-Manager\MoneyTrackerApp\MoneyTrackerApp\wwwroot\lib\bootstrap\dist\js\bootstrap.bundle.js.map' since copy to output directory option is 'Never'
         Skipping asset 'F:\OJT-Review\MoneyTrackerApp\Expense-Manager\MoneyTrackerApp\MoneyTrackerApp\wwwroot\lib\bootstrap\dist\js\bootstrap.bundle.min.js' since copy to output directory option is 'Never'
         Skipping asset 'F:\OJT-Review\MoneyTrackerApp\Expense-Manager\MoneyTrackerApp\MoneyTrackerApp\wwwroot\lib\bootstrap\dist\js\bootstrap.bundle.min.js.map' since copy to output directory option is 'Never'
         Skipping asset 'F:\OJT-Review\MoneyTrackerApp\Expense-Manager\MoneyTrackerApp\MoneyTrackerApp\wwwroot\lib\bootstrap\dist\js\bootstrap.esm.js' since copy to output directory option is 'Never'
         Skipping asset 'F:\OJT-Review\MoneyTrackerApp\Expense-Manager\MoneyTrackerApp\MoneyTrackerApp\wwwroot\lib\bootstrap\dist\js\bootstrap.esm.js.map' since copy to output directory option is 'Never'
         Skipping asset 'F:\OJT-Review\MoneyTrackerApp\Expense-Manager\MoneyTrackerApp\MoneyTrackerApp\wwwroot\lib\bootstrap\dist\js\bootstrap.esm.min.js' since copy to output directory option is 'Never'
         Skipping asset 'F:\OJT-Review\MoneyTrackerApp\Expense-Manager\MoneyTrackerApp\MoneyTrackerApp\wwwroot\lib\bootstrap\dist\js\bootstrap.esm.min.js.map' since copy to output directory option is 'Never'
         Skipping asset 'F:\OJT-Review\MoneyTrackerApp\Expense-Manager\MoneyTrackerApp\MoneyTrackerApp\wwwroot\lib\bootstrap\dist\js\bootstrap.js' since copy to output directory option is 'Never'
         Skipping asset 'F:\OJT-Review\MoneyTrackerApp\Expense-Manager\MoneyTrackerApp\MoneyTrackerApp\wwwroot\lib\bootstrap\dist\js\bootstrap.js.map' since copy to output directory option is 'Never'
         Skipping asset 'F:\OJT-Review\MoneyTrackerApp\Expense-Manager\MoneyTrackerApp\MoneyTrackerApp\wwwroot\lib\bootstrap\dist\js\bootstrap.min.js' since copy to output directory option is 'Never'
         Skipping asset 'F:\OJT-Review\MoneyTrackerApp\Expense-Manager\MoneyTrackerApp\MoneyTrackerApp\wwwroot\lib\bootstrap\dist\js\bootstrap.min.js.map' since copy to output directory option is 'Never'
         Skipping asset 'F:\OJT-Review\MoneyTrackerApp\Expense-Manager\MoneyTrackerApp\MoneyTrackerApp\wwwroot\lib\bootstrap\LICENSE' since copy to output directory option is 'Never'
         Skipping asset 'F:\OJT-Review\MoneyTrackerApp\Expense-Manager\MoneyTrackerApp\MoneyTrackerApp\wwwroot\lib\jquery-validation-unobtrusive\jquery.validate.unobtrusive.js' since copy to output directory option is 'Never'
         Skipping asset 'F:\OJT-Review\MoneyTrackerApp\Expense-Manager\MoneyTrackerApp\MoneyTrackerApp\wwwroot\lib\jquery-validation-unobtrusive\jquery.validate.unobtrusive.min.js' since copy to output directory option is 'Never'
         Skipping asset 'F:\OJT-Review\MoneyTrackerApp\Expense-Manager\MoneyTrackerApp\MoneyTrackerApp\wwwroot\lib\jquery-validation-unobtrusive\LICENSE.txt' since copy to output directory option is 'Never'
         Skipping asset 'F:\OJT-Review\MoneyTrackerApp\Expense-Manager\MoneyTrackerApp\MoneyTrackerApp\wwwroot\lib\jquery-validation\dist\additional-methods.js' since copy to output directory option is 'Never'
         Skipping asset 'F:\OJT-Review\MoneyTrackerApp\Expense-Manager\MoneyTrackerApp\MoneyTrackerApp\wwwroot\lib\jquery-validation\dist\additional-methods.min.js' since copy to output directory option is 'Never'
         Skipping asset 'F:\OJT-Review\MoneyTrackerApp\Expense-Manager\MoneyTrackerApp\MoneyTrackerApp\wwwroot\lib\jquery-validation\dist\jquery.validate.js' since copy to output directory option is 'Never'
         Skipping asset 'F:\OJT-Review\MoneyTrackerApp\Expense-Manager\MoneyTrackerApp\MoneyTrackerApp\wwwroot\lib\jquery-validation\dist\jquery.validate.min.js' since copy to output directory option is 'Never'
         Skipping asset 'F:\OJT-Review\MoneyTrackerApp\Expense-Manager\MoneyTrackerApp\MoneyTrackerApp\wwwroot\lib\jquery-validation\LICENSE.md' since copy to output directory option is 'Never'
         Skipping asset 'F:\OJT-Review\MoneyTrackerApp\Expense-Manager\MoneyTrackerApp\MoneyTrackerApp\wwwroot\lib\jquery\dist\jquery.js' since copy to output directory option is 'Never'
         Skipping asset 'F:\OJT-Review\MoneyTrackerApp\Expense-Manager\MoneyTrackerApp\MoneyTrackerApp\wwwroot\lib\jquery\dist\jquery.min.js' since copy to output directory option is 'Never'
         Skipping asset 'F:\OJT-Review\MoneyTrackerApp\Expense-Manager\MoneyTrackerApp\MoneyTrackerApp\wwwroot\lib\jquery\dist\jquery.min.map' since copy to output directory option is 'Never'
         Skipping asset 'F:\OJT-Review\MoneyTrackerApp\Expense-Manager\MoneyTrackerApp\MoneyTrackerApp\wwwroot\lib\jquery\LICENSE.txt' since copy to output directory option is 'Never'
         Skipping asset 'F:\OJT-Review\MoneyTrackerApp\Expense-Manager\MoneyTrackerApp\MoneyTrackerApp\wwwroot\test-reports-api.html' since copy to output directory option is 'Never'
         Skipping asset 'F:\OJT-Review\MoneyTrackerApp\Expense-Manager\MoneyTrackerApp\MoneyTrackerApp\wwwroot\uploads\images\1\28bdeb7e-dcef-4e9b-bba6-619980cd5821_thumb.webp' since copy to output directory option is 'Never'
         Skipping asset 'F:\OJT-Review\MoneyTrackerApp\Expense-Manager\MoneyTrackerApp\MoneyTrackerApp\wwwroot\uploads\images\1\28bdeb7e-dcef-4e9b-bba6-619980cd5821.webp' since copy to output directory option is 'Never'
         Skipping asset 'F:\OJT-Review\MoneyTrackerApp\Expense-Manager\MoneyTrackerApp\MoneyTrackerApp\wwwroot\uploads\images\1\3e17ba09-ea58-427a-b0d1-d3d741c26f10_thumb.jpg' since copy to output directory option is 'Never'
         Skipping asset 'F:\OJT-Review\MoneyTrackerApp\Expense-Manager\MoneyTrackerApp\MoneyTrackerApp\wwwroot\uploads\images\1\3e17ba09-ea58-427a-b0d1-d3d741c26f10.jpg' since copy to output directory option is 'Never'
         Skipping asset 'F:\OJT-Review\MoneyTrackerApp\Expense-Manager\MoneyTrackerApp\MoneyTrackerApp\wwwroot\uploads\images\1\5315bf71-5596-46df-b027-cc9fc0386358_thumb.jpg' since copy to output directory option is 'Never'
         Skipping asset 'F:\OJT-Review\MoneyTrackerApp\Expense-Manager\MoneyTrackerApp\MoneyTrackerApp\wwwroot\uploads\images\1\5315bf71-5596-46df-b027-cc9fc0386358.jpg' since copy to output directory option is 'Never'
         Skipping asset 'F:\OJT-Review\MoneyTrackerApp\Expense-Manager\MoneyTrackerApp\MoneyTrackerApp\wwwroot\uploads\images\1\6163ac46-d6a3-4968-b9b0-8b86d00928f0_thumb.jpg' since copy to output directory option is 'Never'
         Skipping asset 'F:\OJT-Review\MoneyTrackerApp\Expense-Manager\MoneyTrackerApp\MoneyTrackerApp\wwwroot\uploads\images\1\6163ac46-d6a3-4968-b9b0-8b86d00928f0.jpg' since copy to output directory option is 'Never'
         Skipping asset 'F:\OJT-Review\MoneyTrackerApp\Expense-Manager\MoneyTrackerApp\MoneyTrackerApp\wwwroot\uploads\images\1\6cf0e72c-2592-47c3-9154-e86ca159936d_thumb.jpg' since copy to output directory option is 'Never'
         Skipping asset 'F:\OJT-Review\MoneyTrackerApp\Expense-Manager\MoneyTrackerApp\MoneyTrackerApp\wwwroot\uploads\images\1\6cf0e72c-2592-47c3-9154-e86ca159936d.jpg' since copy to output directory option is 'Never'
         Skipping asset 'F:\OJT-Review\MoneyTrackerApp\Expense-Manager\MoneyTrackerApp\MoneyTrackerApp\wwwroot\uploads\images\1\b7ab8752-560d-49aa-9703-257f769ff3a6_thumb.jpg' since copy to output directory option is 'Never'
         Skipping asset 'F:\OJT-Review\MoneyTrackerApp\Expense-Manager\MoneyTrackerApp\MoneyTrackerApp\wwwroot\uploads\images\1\b7ab8752-560d-49aa-9703-257f769ff3a6.jpg' since copy to output directory option is 'Never'
         Skipping asset 'F:\OJT-Review\MoneyTrackerApp\Expense-Manager\MoneyTrackerApp\MoneyTrackerApp\wwwroot\uploads\images\2\fc9190f7-7372-461d-bbc3-82d8dc50ea2c_thumb.jpg' since copy to output directory option is 'Never'
         Skipping asset 'F:\OJT-Review\MoneyTrackerApp\Expense-Manager\MoneyTrackerApp\MoneyTrackerApp\wwwroot\uploads\images\2\fc9190f7-7372-461d-bbc3-82d8dc50ea2c.jpg' since copy to output directory option is 'Never'
         Skipping asset 'F:\OJT-Review\MoneyTrackerApp\Expense-Manager\MoneyTrackerApp\MoneyTrackerApp\wwwroot\uploads\profiles\1_7fae67f3-0c15-470d-bdff-b3605193bb49.png' since copy to output directory option is 'Never'
         Skipping asset 'F:\OJT-Review\MoneyTrackerApp\Expense-Manager\MoneyTrackerApp\MoneyTrackerApp\wwwroot\uploads\profiles\1_a7227041-4857-42fb-aeae-d989bc0ced64.png' since copy to output directory option is 'Never'
         Skipping asset 'F:\OJT-Review\MoneyTrackerApp\Expense-Manager\MoneyTrackerApp\MoneyTrackerApp\wwwroot\uploads\profiles\2_4ac3ee7b-2d97-4ccd-bcfe-4a2ce14a833b.jpg' since copy to output directory option is 'Never'
         Skipping asset 'F:\OJT-Review\MoneyTrackerApp\Expense-Manager\MoneyTrackerApp\MoneyTrackerApp\wwwroot\uploads\profiles\2_ac93351b-17cc-4bb6-842d-860bbf6bef3e.png' since copy to output directory option is 'Never'
         Skipping asset 'F:\OJT-Review\MoneyTrackerApp\Expense-Manager\MoneyTrackerApp\MoneyTrackerApp\wwwroot\uploads\profiles\2_ba6b8f33-748a-449e-93fa-952aa3cb09e2.jpg' since copy to output directory option is 'Never'
         Skipping asset 'F:\OJT-Review\MoneyTrackerApp\Expense-Manager\MoneyTrackerApp\MoneyTrackerApp\wwwroot\uploads\profiles\3_0ce645e9-c76f-4f24-ab38-755402a3bc17.png' since copy to output directory option is 'Never'
         Skipping asset 'F:\OJT-Review\MoneyTrackerApp\Expense-Manager\MoneyTrackerApp\MoneyTrackerApp\wwwroot\uploads\profiles\3_6f4c8657-4668-4c5e-907f-2f4dc07c56c1.jpg' since copy to output directory option is 'Never'
       Done executing task "CollectStaticWebAssetsToCopy".
   1:7>Done building target "_SplitStaticWebAssetsByCopyOptions" in project "MoneyTrackerApp.csproj".
   1:7>Target "_BuildCopyStaticWebAssetsPreserveNewest" in file "C:\Program Files\dotnet\sdk\8.0.416\Sdks\Microsoft.NET.Sdk.StaticWebAssets\targets\Microsoft.NET.Sdk.StaticWebAssets.targets" from project "F:\OJT-Review\MoneyTrackerApp\Expense-Manager\MoneyTrackerApp\MoneyTrackerApp\MoneyTrackerApp.csproj" (target "StaticWebAssetsPrepareForRun" depends on it):
       Skipping target "_BuildCopyStaticWebAssetsPreserveNewest" because it has no outputs.
       Though the target has declared its outputs, the output specification only references empty properties and/or empty item lists.
   1:7>Done building target "_BuildCopyStaticWebAssetsPreserveNewest" in project "MoneyTrackerApp.csproj".
   1:7>Target "_BuildCopyStaticWebAssetsAlways" in file "C:\Program Files\dotnet\sdk\8.0.416\Sdks\Microsoft.NET.Sdk.StaticWebAssets\targets\Microsoft.NET.Sdk.StaticWebAssets.targets" from project "F:\OJT-Review\MoneyTrackerApp\Expense-Manager\MoneyTrackerApp\MoneyTrackerApp\MoneyTrackerApp.csproj" (target "StaticWebAssetsPrepareForRun" depends on it):
       Using "Copy" task from assembly "Microsoft.Build.Tasks.Core, Version=15.1.0.0, Culture=neutral, PublicKeyToken=b03f5f7f11d50a3a".
       Task "Copy"
       Done executing task "Copy".
   1:7>Done building target "_BuildCopyStaticWebAssetsAlways" in project "MoneyTrackerApp.csproj".
       Target "_GenerateBuildJsModuleManifest" skipped, due to false condition; (@(_ExistingBuildJSModules) != '') was evaluated as ( != '').
   1:7>Target "StaticWebAssetsPrepareForRun" in file "C:\Program Files\dotnet\sdk\8.0.416\Sdks\Microsoft.NET.Sdk.StaticWebAssets\targets\Microsoft.NET.Sdk.StaticWebAssets.targets" from project "F:\OJT-Review\MoneyTrackerApp\Expense-Manager\MoneyTrackerApp\MoneyTrackerApp\MoneyTrackerApp.csproj" (target "PrepareForRun" depends on it):
   1:7>Done building target "StaticWebAssetsPrepareForRun" in project "MoneyTrackerApp.csproj".
       Target "ComputeIntermediateSatelliteAssemblies" skipped, due to false condition; (@(EmbeddedResource->'%(WithCulture)') != '') was evaluated as ( != '').
   1:7>Target "_CopyFilesMarkedCopyLocal" in file "C:\Program Files\dotnet\sdk\8.0.416\Microsoft.Common.CurrentVersion.targets" from project "F:\OJT-Review\MoneyTrackerApp\Expense-Manager\MoneyTrackerApp\MoneyTrackerApp\MoneyTrackerApp.csproj" (target "CopyFilesToOutputDirectory" depends on it):
       Task "Copy"
         Did not copy from file "C:\Users\MY PC\.nuget\packages\closedxml\0.105.0\lib\netstandard2.1\ClosedXML.dll" to file "bin\Debug\net8.0\ClosedXML.dll" because the "SkipUnchangedFiles" parameter was set to "true" in the project and the files' sizes and timestamps match.
         Did not copy from file "C:\Users\MY PC\.nuget\packages\dapper\2.1.66\lib\net8.0\Dapper.dll" to file "bin\Debug\net8.0\Dapper.dll" because the "SkipUnchangedFiles" parameter was set to "true" in the project and the files' sizes and timestamps match.
         Did not copy from file "C:\Users\MY PC\.nuget\packages\closedxml.parser\2.0.0\lib\netstandard2.1\ClosedXML.Parser.dll" to file "bin\Debug\net8.0\ClosedXML.Parser.dll" because the "SkipUnchangedFiles" parameter was set to "true" in the project and the files' sizes and timestamps match.
         Did not copy from file "C:\Users\MY PC\.nuget\packages\azure.identity\1.10.3\lib\netstandard2.0\Azure.Identity.dll" to file "bin\Debug\net8.0\Azure.Identity.dll" because the "SkipUnchangedFiles" parameter was set to "true" in the project and the files' sizes and timestamps match.
         Did not copy from file "C:\Users\MY PC\.nuget\packages\bcrypt.net-next\4.0.3\lib\net6.0\BCrypt.Net-Next.dll" to file "bin\Debug\net8.0\BCrypt.Net-Next.dll" because the "SkipUnchangedFiles" parameter was set to "true" in the project and the files' sizes and timestamps match.
         Did not copy from file "C:\Users\MY PC\.nuget\packages\azure.core\1.35.0\lib\net6.0\Azure.Core.dll" to file "bin\Debug\net8.0\Azure.Core.dll" because the "SkipUnchangedFiles" parameter was set to "true" in the project and the files' sizes and timestamps match.
         Did not copy from file "C:\Users\MY PC\.nuget\packages\documentformat.openxml\3.1.1\lib\net8.0\DocumentFormat.OpenXml.dll" to file "bin\Debug\net8.0\DocumentFormat.OpenXml.dll" because the "SkipUnchangedFiles" parameter was set to "true" in the project and the files' sizes and timestamps match.
         Did not copy from file "C:\Users\MY PC\.nuget\packages\documentformat.openxml.framework\3.1.1\lib\net8.0\DocumentFormat.OpenXml.Framework.dll" to file "bin\Debug\net8.0\DocumentFormat.OpenXml.Framework.dll" because the "SkipUnchangedFiles" parameter was set to "true" in the project and the files' sizes and timestamps match.
         Did not copy from file "C:\Users\MY PC\.nuget\packages\excelnumberformat\1.1.0\lib\netstandard2.0\ExcelNumberFormat.dll" to file "bin\Debug\net8.0\ExcelNumberFormat.dll" because the "SkipUnchangedFiles" parameter was set to "true" in the project and the files' sizes and timestamps match.
         Did not copy from file "C:\Users\MY PC\.nuget\packages\htmlagilitypack\1.12.4\lib\net7.0\HtmlAgilityPack.dll" to file "bin\Debug\net8.0\HtmlAgilityPack.dll" because the "SkipUnchangedFiles" parameter was set to "true" in the project and the files' sizes and timestamps match.
         Did not copy from file "C:\Users\MY PC\.nuget\packages\humanizer.core\2.14.1\lib\net6.0\Humanizer.dll" to file "bin\Debug\net8.0\Humanizer.dll" because the "SkipUnchangedFiles" parameter was set to "true" in the project and the files' sizes and timestamps match.
         Did not copy from file "C:\Users\MY PC\.nuget\packages\microsoft.aspnetcore.authentication.google\8.0.8\lib\net8.0\Microsoft.AspNetCore.Authentication.Google.dll" to file "bin\Debug\net8.0\Microsoft.AspNetCore.Authentication.Google.dll" because the "SkipUnchangedFiles" parameter was set to "true" in the project and the files' sizes and timestamps match.
         Did not copy from file "C:\Users\MY PC\.nuget\packages\microsoft.bcl.asyncinterfaces\6.0.0\lib\netstandard2.1\Microsoft.Bcl.AsyncInterfaces.dll" to file "bin\Debug\net8.0\Microsoft.Bcl.AsyncInterfaces.dll" because the "SkipUnchangedFiles" parameter was set to "true" in the project and the files' sizes and timestamps match.
         Did not copy from file "C:\Users\MY PC\.nuget\packages\microsoft.aspnetcore.authentication.jwtbearer\8.0.8\lib\net8.0\Microsoft.AspNetCore.Authentication.JwtBearer.dll" to file "bin\Debug\net8.0\Microsoft.AspNetCore.Authentication.JwtBearer.dll" because the "SkipUnchangedFiles" parameter was set to "true" in the project and the files' sizes and timestamps match.
         Did not copy from file "C:\Users\MY PC\.nuget\packages\microsoft.codeanalysis.common\4.5.0\lib\netcoreapp3.1\Microsoft.CodeAnalysis.dll" to file "bin\Debug\net8.0\Microsoft.CodeAnalysis.dll" because the "SkipUnchangedFiles" parameter was set to "true" in the project and the files' sizes and timestamps match.
         Did not copy from file "C:\Users\MY PC\.nuget\packages\microsoft.codeanalysis.csharp\4.5.0\lib\netcoreapp3.1\Microsoft.CodeAnalysis.CSharp.dll" to file "bin\Debug\net8.0\Microsoft.CodeAnalysis.CSharp.dll" because the "SkipUnchangedFiles" parameter was set to "true" in the project and the files' sizes and timestamps match.
         Did not copy from file "C:\Users\MY PC\.nuget\packages\microsoft.codeanalysis.csharp.workspaces\4.5.0\lib\netcoreapp3.1\Microsoft.CodeAnalysis.CSharp.Workspaces.dll" to file "bin\Debug\net8.0\Microsoft.CodeAnalysis.CSharp.Workspaces.dll" because the "SkipUnchangedFiles" parameter was set to "true" in the project and the files' sizes and timestamps match.
         Did not copy from file "C:\Users\MY PC\.nuget\packages\microsoft.data.sqlclient\5.1.5\lib\net6.0\Microsoft.Data.SqlClient.dll" to file "bin\Debug\net8.0\Microsoft.Data.SqlClient.dll" because the "SkipUnchangedFiles" parameter was set to "true" in the project and the files' sizes and timestamps match.
         Did not copy from file "C:\Users\MY PC\.nuget\packages\microsoft.entityframeworkcore\8.0.8\lib\net8.0\Microsoft.EntityFrameworkCore.dll" to file "bin\Debug\net8.0\Microsoft.EntityFrameworkCore.dll" because the "SkipUnchangedFiles" parameter was set to "true" in the project and the files' sizes and timestamps match.
         Did not copy from file "C:\Users\MY PC\.nuget\packages\microsoft.codeanalysis.workspaces.common\4.5.0\lib\netcoreapp3.1\Microsoft.CodeAnalysis.Workspaces.dll" to file "bin\Debug\net8.0\Microsoft.CodeAnalysis.Workspaces.dll" because the "SkipUnchangedFiles" parameter was set to "true" in the project and the files' sizes and timestamps match.
         Did not copy from file "C:\Users\MY PC\.nuget\packages\microsoft.entityframeworkcore.inmemory\8.0.8\lib\net8.0\Microsoft.EntityFrameworkCore.InMemory.dll" to file "bin\Debug\net8.0\Microsoft.EntityFrameworkCore.InMemory.dll" because the "SkipUnchangedFiles" parameter was set to "true" in the project and the files' sizes and timestamps match.
         Did not copy from file "C:\Users\MY PC\.nuget\packages\microsoft.extensions.dependencymodel\8.0.1\lib\net8.0\Microsoft.Extensions.DependencyModel.dll" to file "bin\Debug\net8.0\Microsoft.Extensions.DependencyModel.dll" because the "SkipUnchangedFiles" parameter was set to "true" in the project and the files' sizes and timestamps match.
         Did not copy from file "C:\Users\MY PC\.nuget\packages\microsoft.entityframeworkcore.abstractions\8.0.8\lib\net8.0\Microsoft.EntityFrameworkCore.Abstractions.dll" to file "bin\Debug\net8.0\Microsoft.EntityFrameworkCore.Abstractions.dll" because the "SkipUnchangedFiles" parameter was set to "true" in the project and the files' sizes and timestamps match.
         Did not copy from file "C:\Users\MY PC\.nuget\packages\microsoft.entityframeworkcore.sqlserver\8.0.8\lib\net8.0\Microsoft.EntityFrameworkCore.SqlServer.dll" to file "bin\Debug\net8.0\Microsoft.EntityFrameworkCore.SqlServer.dll" because the "SkipUnchangedFiles" parameter was set to "true" in the project and the files' sizes and timestamps match.
         Did not copy from file "C:\Users\MY PC\.nuget\packages\microsoft.entityframeworkcore.design\8.0.8\lib\net8.0\Microsoft.EntityFrameworkCore.Design.dll" to file "bin\Debug\net8.0\Microsoft.EntityFrameworkCore.Design.dll" because the "SkipUnchangedFiles" parameter was set to "true" in the project and the files' sizes and timestamps match.
         Did not copy from file "C:\Users\MY PC\.nuget\packages\microsoft.entityframeworkcore.relational\8.0.8\lib\net8.0\Microsoft.EntityFrameworkCore.Relational.dll" to file "bin\Debug\net8.0\Microsoft.EntityFrameworkCore.Relational.dll" because the "SkipUnchangedFiles" parameter was set to "true" in the project and the files' sizes and timestamps match.
         Did not copy from file "C:\Users\MY PC\.nuget\packages\microsoft.identity.client\4.56.0\lib\net6.0\Microsoft.Identity.Client.dll" to file "bin\Debug\net8.0\Microsoft.Identity.Client.dll" because the "SkipUnchangedFiles" parameter was set to "true" in the project and the files' sizes and timestamps match.
         Did not copy from file "C:\Users\MY PC\.nuget\packages\microsoft.identity.client.extensions.msal\4.56.0\lib\netstandard2.0\Microsoft.Identity.Client.Extensions.Msal.dll" to file "bin\Debug\net8.0\Microsoft.Identity.Client.Extensions.Msal.dll" because the "SkipUnchangedFiles" parameter was set to "true" in the project and the files' sizes and timestamps match.
         Did not copy from file "C:\Users\MY PC\.nuget\packages\microsoft.identitymodel.jsonwebtokens\7.1.2\lib\net8.0\Microsoft.IdentityModel.JsonWebTokens.dll" to file "bin\Debug\net8.0\Microsoft.IdentityModel.JsonWebTokens.dll" because the "SkipUnchangedFiles" parameter was set to "true" in the project and the files' sizes and timestamps match.
         Did not copy from file "C:\Users\MY PC\.nuget\packages\microsoft.identitymodel.abstractions\7.1.2\lib\net8.0\Microsoft.IdentityModel.Abstractions.dll" to file "bin\Debug\net8.0\Microsoft.IdentityModel.Abstractions.dll" because the "SkipUnchangedFiles" parameter was set to "true" in the project and the files' sizes and timestamps match.
         Did not copy from file "C:\Users\MY PC\.nuget\packages\microsoft.identitymodel.protocols\7.1.2\lib\net8.0\Microsoft.IdentityModel.Protocols.dll" to file "bin\Debug\net8.0\Microsoft.IdentityModel.Protocols.dll" because the "SkipUnchangedFiles" parameter was set to "true" in the project and the files' sizes and timestamps match.
         Did not copy from file "C:\Users\MY PC\.nuget\packages\microsoft.identitymodel.logging\7.1.2\lib\net8.0\Microsoft.IdentityModel.Logging.dll" to file "bin\Debug\net8.0\Microsoft.IdentityModel.Logging.dll" because the "SkipUnchangedFiles" parameter was set to "true" in the project and the files' sizes and timestamps match.
         Did not copy from file "C:\Users\MY PC\.nuget\packages\microsoft.identitymodel.protocols.openidconnect\7.1.2\lib\net8.0\Microsoft.IdentityModel.Protocols.OpenIdConnect.dll" to file "bin\Debug\net8.0\Microsoft.IdentityModel.Protocols.OpenIdConnect.dll" because the "SkipUnchangedFiles" parameter was set to "true" in the project and the files' sizes and timestamps match.
         Did not copy from file "C:\Users\MY PC\.nuget\packages\microsoft.identitymodel.tokens\7.1.2\lib\net8.0\Microsoft.IdentityModel.Tokens.dll" to file "bin\Debug\net8.0\Microsoft.IdentityModel.Tokens.dll" because the "SkipUnchangedFiles" parameter was set to "true" in the project and the files' sizes and timestamps match.
         Did not copy from file "C:\Users\MY PC\.nuget\packages\microsoft.sqlserver.server\1.0.0\lib\netstandard2.0\Microsoft.SqlServer.Server.dll" to file "bin\Debug\net8.0\Microsoft.SqlServer.Server.dll" because the "SkipUnchangedFiles" parameter was set to "true" in the project and the files' sizes and timestamps match.
         Did not copy from file "C:\Users\MY PC\.nuget\packages\microsoft.win32.systemevents\6.0.0\lib\net6.0\Microsoft.Win32.SystemEvents.dll" to file "bin\Debug\net8.0\Microsoft.Win32.SystemEvents.dll" because the "SkipUnchangedFiles" parameter was set to "true" in the project and the files' sizes and timestamps match.
         Did not copy from file "C:\Users\MY PC\.nuget\packages\rbush.signed\4.0.0\lib\net8.0\RBush.dll" to file "bin\Debug\net8.0\RBush.dll" because the "SkipUnchangedFiles" parameter was set to "true" in the project and the files' sizes and timestamps match.
         Did not copy from file "C:\Users\MY PC\.nuget\packages\mono.texttemplating\2.2.1\lib\netstandard2.0\Mono.TextTemplating.dll" to file "bin\Debug\net8.0\Mono.TextTemplating.dll" because the "SkipUnchangedFiles" parameter was set to "true" in the project and the files' sizes and timestamps match.
         Did not copy from file "C:\Users\MY PC\.nuget\packages\sixlabors.imagesharp\3.1.6\lib\net6.0\SixLabors.ImageSharp.dll" to file "bin\Debug\net8.0\SixLabors.ImageSharp.dll" because the "SkipUnchangedFiles" parameter was set to "true" in the project and the files' sizes and timestamps match.
         Did not copy from file "C:\Users\MY PC\.nuget\packages\system.codedom\4.4.0\lib\netstandard2.0\System.CodeDom.dll" to file "bin\Debug\net8.0\System.CodeDom.dll" because the "SkipUnchangedFiles" parameter was set to "true" in the project and the files' sizes and timestamps match.
         Did not copy from file "C:\Users\MY PC\.nuget\packages\sixlabors.fonts\1.0.0\lib\netcoreapp3.1\SixLabors.Fonts.dll" to file "bin\Debug\net8.0\SixLabors.Fonts.dll" because the "SkipUnchangedFiles" parameter was set to "true" in the project and the files' sizes and timestamps match.
         Did not copy from file "C:\Users\MY PC\.nuget\packages\system.composition.attributedmodel\6.0.0\lib\net6.0\System.Composition.AttributedModel.dll" to file "bin\Debug\net8.0\System.Composition.AttributedModel.dll" because the "SkipUnchangedFiles" parameter was set to "true" in the project and the files' sizes and timestamps match.
         Did not copy from file "C:\Users\MY PC\.nuget\packages\system.composition.hosting\6.0.0\lib\net6.0\System.Composition.Hosting.dll" to file "bin\Debug\net8.0\System.Composition.Hosting.dll" because the "SkipUnchangedFiles" parameter was set to "true" in the project and the files' sizes and timestamps match.
         Did not copy from file "C:\Users\MY PC\.nuget\packages\system.composition.convention\6.0.0\lib\net6.0\System.Composition.Convention.dll" to file "bin\Debug\net8.0\System.Composition.Convention.dll" because the "SkipUnchangedFiles" parameter was set to "true" in the project and the files' sizes and timestamps match.
         Did not copy from file "C:\Users\MY PC\.nuget\packages\system.composition.runtime\6.0.0\lib\net6.0\System.Composition.Runtime.dll" to file "bin\Debug\net8.0\System.Composition.Runtime.dll" because the "SkipUnchangedFiles" parameter was set to "true" in the project and the files' sizes and timestamps match.
         Did not copy from file "C:\Users\MY PC\.nuget\packages\system.configuration.configurationmanager\6.0.1\lib\net6.0\System.Configuration.ConfigurationManager.dll" to file "bin\Debug\net8.0\System.Configuration.ConfigurationManager.dll" because the "SkipUnchangedFiles" parameter was set to "true" in the project and the files' sizes and timestamps match.
         Did not copy from file "C:\Users\MY PC\.nuget\packages\system.composition.typedparts\6.0.0\lib\net6.0\System.Composition.TypedParts.dll" to file "bin\Debug\net8.0\System.Composition.TypedParts.dll" because the "SkipUnchangedFiles" parameter was set to "true" in the project and the files' sizes and timestamps match.
         Did not copy from file "C:\Users\MY PC\.nuget\packages\system.drawing.common\6.0.0\lib\net6.0\System.Drawing.Common.dll" to file "bin\Debug\net8.0\System.Drawing.Common.dll" because the "SkipUnchangedFiles" parameter was set to "true" in the project and the files' sizes and timestamps match.
         Did not copy from file "C:\Users\MY PC\.nuget\packages\system.io.packaging\8.0.1\lib\net8.0\System.IO.Packaging.dll" to file "bin\Debug\net8.0\System.IO.Packaging.dll" because the "SkipUnchangedFiles" parameter was set to "true" in the project and the files' sizes and timestamps match.
         Did not copy from file "C:\Users\MY PC\.nuget\packages\system.identitymodel.tokens.jwt\7.1.2\lib\net8.0\System.IdentityModel.Tokens.Jwt.dll" to file "bin\Debug\net8.0\System.IdentityModel.Tokens.Jwt.dll" because the "SkipUnchangedFiles" parameter was set to "true" in the project and the files' sizes and timestamps match.
         Did not copy from file "C:\Users\MY PC\.nuget\packages\system.memory.data\1.0.2\lib\netstandard2.0\System.Memory.Data.dll" to file "bin\Debug\net8.0\System.Memory.Data.dll" because the "SkipUnchangedFiles" parameter was set to "true" in the project and the files' sizes and timestamps match.
         Did not copy from file "C:\Users\MY PC\.nuget\packages\system.security.cryptography.protecteddata\6.0.0\lib\net6.0\System.Security.Cryptography.ProtectedData.dll" to file "bin\Debug\net8.0\System.Security.Cryptography.ProtectedData.dll" because the "SkipUnchangedFiles" parameter was set to "true" in the project and the files' sizes and timestamps match.
         Did not copy from file "C:\Users\MY PC\.nuget\packages\system.security.permissions\6.0.0\lib\net6.0\System.Security.Permissions.dll" to file "bin\Debug\net8.0\System.Security.Permissions.dll" because the "SkipUnchangedFiles" parameter was set to "true" in the project and the files' sizes and timestamps match.
         Did not copy from file "C:\Users\MY PC\.nuget\packages\system.runtime.caching\6.0.0\lib\net6.0\System.Runtime.Caching.dll" to file "bin\Debug\net8.0\System.Runtime.Caching.dll" because the "SkipUnchangedFiles" parameter was set to "true" in the project and the files' sizes and timestamps match.
         Did not copy from file "C:\Users\MY PC\.nuget\packages\system.windows.extensions\6.0.0\lib\net6.0\System.Windows.Extensions.dll" to file "bin\Debug\net8.0\System.Windows.Extensions.dll" because the "SkipUnchangedFiles" parameter was set to "true" in the project and the files' sizes and timestamps match.
         Did not copy from file "C:\Users\MY PC\.nuget\packages\microsoft.codeanalysis.common\4.5.0\lib\netcoreapp3.1\de\Microsoft.CodeAnalysis.resources.dll" to file "bin\Debug\net8.0\de\Microsoft.CodeAnalysis.resources.dll" because the "SkipUnchangedFiles" parameter was set to "true" in the project and the files' sizes and timestamps match.
         Did not copy from file "C:\Users\MY PC\.nuget\packages\microsoft.codeanalysis.common\4.5.0\lib\netcoreapp3.1\cs\Microsoft.CodeAnalysis.resources.dll" to file "bin\Debug\net8.0\cs\Microsoft.CodeAnalysis.resources.dll" because the "SkipUnchangedFiles" parameter was set to "true" in the project and the files' sizes and timestamps match.
         Did not copy from file "C:\Users\MY PC\.nuget\packages\microsoft.codeanalysis.common\4.5.0\lib\netcoreapp3.1\it\Microsoft.CodeAnalysis.resources.dll" to file "bin\Debug\net8.0\it\Microsoft.CodeAnalysis.resources.dll" because the "SkipUnchangedFiles" parameter was set to "true" in the project and the files' sizes and timestamps match.
         Did not copy from file "C:\Users\MY PC\.nuget\packages\microsoft.codeanalysis.common\4.5.0\lib\netcoreapp3.1\fr\Microsoft.CodeAnalysis.resources.dll" to file "bin\Debug\net8.0\fr\Microsoft.CodeAnalysis.resources.dll" because the "SkipUnchangedFiles" parameter was set to "true" in the project and the files' sizes and timestamps match.
         Did not copy from file "C:\Users\MY PC\.nuget\packages\microsoft.codeanalysis.common\4.5.0\lib\netcoreapp3.1\es\Microsoft.CodeAnalysis.resources.dll" to file "bin\Debug\net8.0\es\Microsoft.CodeAnalysis.resources.dll" because the "SkipUnchangedFiles" parameter was set to "true" in the project and the files' sizes and timestamps match.
         Did not copy from file "C:\Users\MY PC\.nuget\packages\microsoft.codeanalysis.common\4.5.0\lib\netcoreapp3.1\ja\Microsoft.CodeAnalysis.resources.dll" to file "bin\Debug\net8.0\ja\Microsoft.CodeAnalysis.resources.dll" because the "SkipUnchangedFiles" parameter was set to "true" in the project and the files' sizes and timestamps match.
         Did not copy from file "C:\Users\MY PC\.nuget\packages\microsoft.codeanalysis.common\4.5.0\lib\netcoreapp3.1\ko\Microsoft.CodeAnalysis.resources.dll" to file "bin\Debug\net8.0\ko\Microsoft.CodeAnalysis.resources.dll" because the "SkipUnchangedFiles" parameter was set to "true" in the project and the files' sizes and timestamps match.
         Did not copy from file "C:\Users\MY PC\.nuget\packages\microsoft.codeanalysis.common\4.5.0\lib\netcoreapp3.1\pt-BR\Microsoft.CodeAnalysis.resources.dll" to file "bin\Debug\net8.0\pt-BR\Microsoft.CodeAnalysis.resources.dll" because the "SkipUnchangedFiles" parameter was set to "true" in the project and the files' sizes and timestamps match.
         Did not copy from file "C:\Users\MY PC\.nuget\packages\microsoft.codeanalysis.common\4.5.0\lib\netcoreapp3.1\pl\Microsoft.CodeAnalysis.resources.dll" to file "bin\Debug\net8.0\pl\Microsoft.CodeAnalysis.resources.dll" because the "SkipUnchangedFiles" parameter was set to "true" in the project and the files' sizes and timestamps match.
         Did not copy from file "C:\Users\MY PC\.nuget\packages\microsoft.codeanalysis.common\4.5.0\lib\netcoreapp3.1\ru\Microsoft.CodeAnalysis.resources.dll" to file "bin\Debug\net8.0\ru\Microsoft.CodeAnalysis.resources.dll" because the "SkipUnchangedFiles" parameter was set to "true" in the project and the files' sizes and timestamps match.
         Did not copy from file "C:\Users\MY PC\.nuget\packages\microsoft.codeanalysis.common\4.5.0\lib\netcoreapp3.1\tr\Microsoft.CodeAnalysis.resources.dll" to file "bin\Debug\net8.0\tr\Microsoft.CodeAnalysis.resources.dll" because the "SkipUnchangedFiles" parameter was set to "true" in the project and the files' sizes and timestamps match.
         Did not copy from file "C:\Users\MY PC\.nuget\packages\microsoft.codeanalysis.common\4.5.0\lib\netcoreapp3.1\zh-Hans\Microsoft.CodeAnalysis.resources.dll" to file "bin\Debug\net8.0\zh-Hans\Microsoft.CodeAnalysis.resources.dll" because the "SkipUnchangedFiles" parameter was set to "true" in the project and the files' sizes and timestamps match.
         Did not copy from file "C:\Users\MY PC\.nuget\packages\microsoft.codeanalysis.common\4.5.0\lib\netcoreapp3.1\zh-Hant\Microsoft.CodeAnalysis.resources.dll" to file "bin\Debug\net8.0\zh-Hant\Microsoft.CodeAnalysis.resources.dll" because the "SkipUnchangedFiles" parameter was set to "true" in the project and the files' sizes and timestamps match.
         Did not copy from file "C:\Users\MY PC\.nuget\packages\microsoft.codeanalysis.csharp\4.5.0\lib\netcoreapp3.1\cs\Microsoft.CodeAnalysis.CSharp.resources.dll" to file "bin\Debug\net8.0\cs\Microsoft.CodeAnalysis.CSharp.resources.dll" because the "SkipUnchangedFiles" parameter was set to "true" in the project and the files' sizes and timestamps match.
         Did not copy from file "C:\Users\MY PC\.nuget\packages\microsoft.codeanalysis.csharp\4.5.0\lib\netcoreapp3.1\de\Microsoft.CodeAnalysis.CSharp.resources.dll" to file "bin\Debug\net8.0\de\Microsoft.CodeAnalysis.CSharp.resources.dll" because the "SkipUnchangedFiles" parameter was set to "true" in the project and the files' sizes and timestamps match.
         Did not copy from file "C:\Users\MY PC\.nuget\packages\microsoft.codeanalysis.csharp\4.5.0\lib\netcoreapp3.1\es\Microsoft.CodeAnalysis.CSharp.resources.dll" to file "bin\Debug\net8.0\es\Microsoft.CodeAnalysis.CSharp.resources.dll" because the "SkipUnchangedFiles" parameter was set to "true" in the project and the files' sizes and timestamps match.
         Did not copy from file "C:\Users\MY PC\.nuget\packages\microsoft.codeanalysis.csharp\4.5.0\lib\netcoreapp3.1\fr\Microsoft.CodeAnalysis.CSharp.resources.dll" to file "bin\Debug\net8.0\fr\Microsoft.CodeAnalysis.CSharp.resources.dll" because the "SkipUnchangedFiles" parameter was set to "true" in the project and the files' sizes and timestamps match.
         Did not copy from file "C:\Users\MY PC\.nuget\packages\microsoft.codeanalysis.csharp\4.5.0\lib\netcoreapp3.1\pl\Microsoft.CodeAnalysis.CSharp.resources.dll" to file "bin\Debug\net8.0\pl\Microsoft.CodeAnalysis.CSharp.resources.dll" because the "SkipUnchangedFiles" parameter was set to "true" in the project and the files' sizes and timestamps match.
         Did not copy from file "C:\Users\MY PC\.nuget\packages\microsoft.codeanalysis.csharp\4.5.0\lib\netcoreapp3.1\it\Microsoft.CodeAnalysis.CSharp.resources.dll" to file "bin\Debug\net8.0\it\Microsoft.CodeAnalysis.CSharp.resources.dll" because the "SkipUnchangedFiles" parameter was set to "true" in the project and the files' sizes and timestamps match.
         Did not copy from file "C:\Users\MY PC\.nuget\packages\microsoft.codeanalysis.csharp\4.5.0\lib\netcoreapp3.1\ko\Microsoft.CodeAnalysis.CSharp.resources.dll" to file "bin\Debug\net8.0\ko\Microsoft.CodeAnalysis.CSharp.resources.dll" because the "SkipUnchangedFiles" parameter was set to "true" in the project and the files' sizes and timestamps match.
         Did not copy from file "C:\Users\MY PC\.nuget\packages\microsoft.codeanalysis.csharp\4.5.0\lib\netcoreapp3.1\ja\Microsoft.CodeAnalysis.CSharp.resources.dll" to file "bin\Debug\net8.0\ja\Microsoft.CodeAnalysis.CSharp.resources.dll" because the "SkipUnchangedFiles" parameter was set to "true" in the project and the files' sizes and timestamps match.
         Did not copy from file "C:\Users\MY PC\.nuget\packages\microsoft.codeanalysis.csharp\4.5.0\lib\netcoreapp3.1\pt-BR\Microsoft.CodeAnalysis.CSharp.resources.dll" to file "bin\Debug\net8.0\pt-BR\Microsoft.CodeAnalysis.CSharp.resources.dll" because the "SkipUnchangedFiles" parameter was set to "true" in the project and the files' sizes and timestamps match.
         Did not copy from file "C:\Users\MY PC\.nuget\packages\microsoft.codeanalysis.csharp\4.5.0\lib\netcoreapp3.1\ru\Microsoft.CodeAnalysis.CSharp.resources.dll" to file "bin\Debug\net8.0\ru\Microsoft.CodeAnalysis.CSharp.resources.dll" because the "SkipUnchangedFiles" parameter was set to "true" in the project and the files' sizes and timestamps match.
         Did not copy from file "C:\Users\MY PC\.nuget\packages\microsoft.codeanalysis.csharp\4.5.0\lib\netcoreapp3.1\tr\Microsoft.CodeAnalysis.CSharp.resources.dll" to file "bin\Debug\net8.0\tr\Microsoft.CodeAnalysis.CSharp.resources.dll" because the "SkipUnchangedFiles" parameter was set to "true" in the project and the files' sizes and timestamps match.
         Did not copy from file "C:\Users\MY PC\.nuget\packages\microsoft.codeanalysis.csharp\4.5.0\lib\netcoreapp3.1\zh-Hant\Microsoft.CodeAnalysis.CSharp.resources.dll" to file "bin\Debug\net8.0\zh-Hant\Microsoft.CodeAnalysis.CSharp.resources.dll" because the "SkipUnchangedFiles" parameter was set to "true" in the project and the files' sizes and timestamps match.
         Did not copy from file "C:\Users\MY PC\.nuget\packages\microsoft.codeanalysis.csharp\4.5.0\lib\netcoreapp3.1\zh-Hans\Microsoft.CodeAnalysis.CSharp.resources.dll" to file "bin\Debug\net8.0\zh-Hans\Microsoft.CodeAnalysis.CSharp.resources.dll" because the "SkipUnchangedFiles" parameter was set to "true" in the project and the files' sizes and timestamps match.
         Did not copy from file "C:\Users\MY PC\.nuget\packages\microsoft.codeanalysis.csharp.workspaces\4.5.0\lib\netcoreapp3.1\cs\Microsoft.CodeAnalysis.CSharp.Workspaces.resources.dll" to file "bin\Debug\net8.0\cs\Microsoft.CodeAnalysis.CSharp.Workspaces.resources.dll" because the "SkipUnchangedFiles" parameter was set to "true" in the project and the files' sizes and timestamps match.
         Did not copy from file "C:\Users\MY PC\.nuget\packages\microsoft.codeanalysis.csharp.workspaces\4.5.0\lib\netcoreapp3.1\de\Microsoft.CodeAnalysis.CSharp.Workspaces.resources.dll" to file "bin\Debug\net8.0\de\Microsoft.CodeAnalysis.CSharp.Workspaces.resources.dll" because the "SkipUnchangedFiles" parameter was set to "true" in the project and the files' sizes and timestamps match.
         Did not copy from file "C:\Users\MY PC\.nuget\packages\microsoft.codeanalysis.csharp.workspaces\4.5.0\lib\netcoreapp3.1\fr\Microsoft.CodeAnalysis.CSharp.Workspaces.resources.dll" to file "bin\Debug\net8.0\fr\Microsoft.CodeAnalysis.CSharp.Workspaces.resources.dll" because the "SkipUnchangedFiles" parameter was set to "true" in the project and the files' sizes and timestamps match.
         Did not copy from file "C:\Users\MY PC\.nuget\packages\microsoft.codeanalysis.csharp.workspaces\4.5.0\lib\netcoreapp3.1\es\Microsoft.CodeAnalysis.CSharp.Workspaces.resources.dll" to file "bin\Debug\net8.0\es\Microsoft.CodeAnalysis.CSharp.Workspaces.resources.dll" because the "SkipUnchangedFiles" parameter was set to "true" in the project and the files' sizes and timestamps match.
         Did not copy from file "C:\Users\MY PC\.nuget\packages\microsoft.codeanalysis.csharp.workspaces\4.5.0\lib\netcoreapp3.1\it\Microsoft.CodeAnalysis.CSharp.Workspaces.resources.dll" to file "bin\Debug\net8.0\it\Microsoft.CodeAnalysis.CSharp.Workspaces.resources.dll" because the "SkipUnchangedFiles" parameter was set to "true" in the project and the files' sizes and timestamps match.
         Did not copy from file "C:\Users\MY PC\.nuget\packages\microsoft.codeanalysis.csharp.workspaces\4.5.0\lib\netcoreapp3.1\ja\Microsoft.CodeAnalysis.CSharp.Workspaces.resources.dll" to file "bin\Debug\net8.0\ja\Microsoft.CodeAnalysis.CSharp.Workspaces.resources.dll" because the "SkipUnchangedFiles" parameter was set to "true" in the project and the files' sizes and timestamps match.
         Did not copy from file "C:\Users\MY PC\.nuget\packages\microsoft.codeanalysis.csharp.workspaces\4.5.0\lib\netcoreapp3.1\ko\Microsoft.CodeAnalysis.CSharp.Workspaces.resources.dll" to file "bin\Debug\net8.0\ko\Microsoft.CodeAnalysis.CSharp.Workspaces.resources.dll" because the "SkipUnchangedFiles" parameter was set to "true" in the project and the files' sizes and timestamps match.
         Did not copy from file "C:\Users\MY PC\.nuget\packages\microsoft.codeanalysis.csharp.workspaces\4.5.0\lib\netcoreapp3.1\pl\Microsoft.CodeAnalysis.CSharp.Workspaces.resources.dll" to file "bin\Debug\net8.0\pl\Microsoft.CodeAnalysis.CSharp.Workspaces.resources.dll" because the "SkipUnchangedFiles" parameter was set to "true" in the project and the files' sizes and timestamps match.
         Did not copy from file "C:\Users\MY PC\.nuget\packages\microsoft.codeanalysis.csharp.workspaces\4.5.0\lib\netcoreapp3.1\pt-BR\Microsoft.CodeAnalysis.CSharp.Workspaces.resources.dll" to file "bin\Debug\net8.0\pt-BR\Microsoft.CodeAnalysis.CSharp.Workspaces.resources.dll" because the "SkipUnchangedFiles" parameter was set to "true" in the project and the files' sizes and timestamps match.
         Did not copy from file "C:\Users\MY PC\.nuget\packages\microsoft.codeanalysis.csharp.workspaces\4.5.0\lib\netcoreapp3.1\ru\Microsoft.CodeAnalysis.CSharp.Workspaces.resources.dll" to file "bin\Debug\net8.0\ru\Microsoft.CodeAnalysis.CSharp.Workspaces.resources.dll" because the "SkipUnchangedFiles" parameter was set to "true" in the project and the files' sizes and timestamps match.
         Did not copy from file "C:\Users\MY PC\.nuget\packages\microsoft.codeanalysis.csharp.workspaces\4.5.0\lib\netcoreapp3.1\tr\Microsoft.CodeAnalysis.CSharp.Workspaces.resources.dll" to file "bin\Debug\net8.0\tr\Microsoft.CodeAnalysis.CSharp.Workspaces.resources.dll" because the "SkipUnchangedFiles" parameter was set to "true" in the project and the files' sizes and timestamps match.
         Did not copy from file "C:\Users\MY PC\.nuget\packages\microsoft.codeanalysis.csharp.workspaces\4.5.0\lib\netcoreapp3.1\zh-Hans\Microsoft.CodeAnalysis.CSharp.Workspaces.resources.dll" to file "bin\Debug\net8.0\zh-Hans\Microsoft.CodeAnalysis.CSharp.Workspaces.resources.dll" because the "SkipUnchangedFiles" parameter was set to "true" in the project and the files' sizes and timestamps match.
         Did not copy from file "C:\Users\MY PC\.nuget\packages\microsoft.codeanalysis.workspaces.common\4.5.0\lib\netcoreapp3.1\de\Microsoft.CodeAnalysis.Workspaces.resources.dll" to file "bin\Debug\net8.0\de\Microsoft.CodeAnalysis.Workspaces.resources.dll" because the "SkipUnchangedFiles" parameter was set to "true" in the project and the files' sizes and timestamps match.
         Did not copy from file "C:\Users\MY PC\.nuget\packages\microsoft.codeanalysis.workspaces.common\4.5.0\lib\netcoreapp3.1\cs\Microsoft.CodeAnalysis.Workspaces.resources.dll" to file "bin\Debug\net8.0\cs\Microsoft.CodeAnalysis.Workspaces.resources.dll" because the "SkipUnchangedFiles" parameter was set to "true" in the project and the files' sizes and timestamps match.
         Did not copy from file "C:\Users\MY PC\.nuget\packages\microsoft.codeanalysis.csharp.workspaces\4.5.0\lib\netcoreapp3.1\zh-Hant\Microsoft.CodeAnalysis.CSharp.Workspaces.resources.dll" to file "bin\Debug\net8.0\zh-Hant\Microsoft.CodeAnalysis.CSharp.Workspaces.resources.dll" because the "SkipUnchangedFiles" parameter was set to "true" in the project and the files' sizes and timestamps match.
         Did not copy from file "C:\Users\MY PC\.nuget\packages\microsoft.codeanalysis.workspaces.common\4.5.0\lib\netcoreapp3.1\es\Microsoft.CodeAnalysis.Workspaces.resources.dll" to file "bin\Debug\net8.0\es\Microsoft.CodeAnalysis.Workspaces.resources.dll" because the "SkipUnchangedFiles" parameter was set to "true" in the project and the files' sizes and timestamps match.
         Did not copy from file "C:\Users\MY PC\.nuget\packages\microsoft.codeanalysis.workspaces.common\4.5.0\lib\netcoreapp3.1\fr\Microsoft.CodeAnalysis.Workspaces.resources.dll" to file "bin\Debug\net8.0\fr\Microsoft.CodeAnalysis.Workspaces.resources.dll" because the "SkipUnchangedFiles" parameter was set to "true" in the project and the files' sizes and timestamps match.
         Did not copy from file "C:\Users\MY PC\.nuget\packages\microsoft.codeanalysis.workspaces.common\4.5.0\lib\netcoreapp3.1\it\Microsoft.CodeAnalysis.Workspaces.resources.dll" to file "bin\Debug\net8.0\it\Microsoft.CodeAnalysis.Workspaces.resources.dll" because the "SkipUnchangedFiles" parameter was set to "true" in the project and the files' sizes and timestamps match.
         Did not copy from file "C:\Users\MY PC\.nuget\packages\microsoft.codeanalysis.workspaces.common\4.5.0\lib\netcoreapp3.1\pl\Microsoft.CodeAnalysis.Workspaces.resources.dll" to file "bin\Debug\net8.0\pl\Microsoft.CodeAnalysis.Workspaces.resources.dll" because the "SkipUnchangedFiles" parameter was set to "true" in the project and the files' sizes and timestamps match.
         Did not copy from file "C:\Users\MY PC\.nuget\packages\microsoft.codeanalysis.workspaces.common\4.5.0\lib\netcoreapp3.1\ko\Microsoft.CodeAnalysis.Workspaces.resources.dll" to file "bin\Debug\net8.0\ko\Microsoft.CodeAnalysis.Workspaces.resources.dll" because the "SkipUnchangedFiles" parameter was set to "true" in the project and the files' sizes and timestamps match.
         Did not copy from file "C:\Users\MY PC\.nuget\packages\microsoft.codeanalysis.workspaces.common\4.5.0\lib\netcoreapp3.1\ja\Microsoft.CodeAnalysis.Workspaces.resources.dll" to file "bin\Debug\net8.0\ja\Microsoft.CodeAnalysis.Workspaces.resources.dll" because the "SkipUnchangedFiles" parameter was set to "true" in the project and the files' sizes and timestamps match.
         Did not copy from file "C:\Users\MY PC\.nuget\packages\microsoft.codeanalysis.workspaces.common\4.5.0\lib\netcoreapp3.1\pt-BR\Microsoft.CodeAnalysis.Workspaces.resources.dll" to file "bin\Debug\net8.0\pt-BR\Microsoft.CodeAnalysis.Workspaces.resources.dll" because the "SkipUnchangedFiles" parameter was set to "true" in the project and the files' sizes and timestamps match.
         Did not copy from file "C:\Users\MY PC\.nuget\packages\microsoft.codeanalysis.workspaces.common\4.5.0\lib\netcoreapp3.1\ru\Microsoft.CodeAnalysis.Workspaces.resources.dll" to file "bin\Debug\net8.0\ru\Microsoft.CodeAnalysis.Workspaces.resources.dll" because the "SkipUnchangedFiles" parameter was set to "true" in the project and the files' sizes and timestamps match.
         Did not copy from file "C:\Users\MY PC\.nuget\packages\microsoft.codeanalysis.workspaces.common\4.5.0\lib\netcoreapp3.1\tr\Microsoft.CodeAnalysis.Workspaces.resources.dll" to file "bin\Debug\net8.0\tr\Microsoft.CodeAnalysis.Workspaces.resources.dll" because the "SkipUnchangedFiles" parameter was set to "true" in the project and the files' sizes and timestamps match.
         Did not copy from file "C:\Users\MY PC\.nuget\packages\microsoft.codeanalysis.workspaces.common\4.5.0\lib\netcoreapp3.1\zh-Hans\Microsoft.CodeAnalysis.Workspaces.resources.dll" to file "bin\Debug\net8.0\zh-Hans\Microsoft.CodeAnalysis.Workspaces.resources.dll" because the "SkipUnchangedFiles" parameter was set to "true" in the project and the files' sizes and timestamps match.
         Did not copy from file "C:\Users\MY PC\.nuget\packages\microsoft.data.sqlclient\5.1.5\runtimes\unix\lib\net6.0\Microsoft.Data.SqlClient.dll" to file "bin\Debug\net8.0\runtimes\unix\lib\net6.0\Microsoft.Data.SqlClient.dll" because the "SkipUnchangedFiles" parameter was set to "true" in the project and the files' sizes and timestamps match.
         Did not copy from file "C:\Users\MY PC\.nuget\packages\microsoft.data.sqlclient\5.1.5\runtimes\win\lib\net6.0\Microsoft.Data.SqlClient.dll" to file "bin\Debug\net8.0\runtimes\win\lib\net6.0\Microsoft.Data.SqlClient.dll" because the "SkipUnchangedFiles" parameter was set to "true" in the project and the files' sizes and timestamps match.
         Did not copy from file "C:\Users\MY PC\.nuget\packages\microsoft.codeanalysis.workspaces.common\4.5.0\lib\netcoreapp3.1\zh-Hant\Microsoft.CodeAnalysis.Workspaces.resources.dll" to file "bin\Debug\net8.0\zh-Hant\Microsoft.CodeAnalysis.Workspaces.resources.dll" because the "SkipUnchangedFiles" parameter was set to "true" in the project and the files' sizes and timestamps match.
         Did not copy from file "C:\Users\MY PC\.nuget\packages\microsoft.data.sqlclient.sni.runtime\5.1.1\runtimes\win-arm\native\Microsoft.Data.SqlClient.SNI.dll" to file "bin\Debug\net8.0\runtimes\win-arm\native\Microsoft.Data.SqlClient.SNI.dll" because the "SkipUnchangedFiles" parameter was set to "true" in the project and the files' sizes and timestamps match.
         Did not copy from file "C:\Users\MY PC\.nuget\packages\microsoft.data.sqlclient.sni.runtime\5.1.1\runtimes\win-arm64\native\Microsoft.Data.SqlClient.SNI.dll" to file "bin\Debug\net8.0\runtimes\win-arm64\native\Microsoft.Data.SqlClient.SNI.dll" because the "SkipUnchangedFiles" parameter was set to "true" in the project and the files' sizes and timestamps match.
         Did not copy from file "C:\Users\MY PC\.nuget\packages\microsoft.data.sqlclient.sni.runtime\5.1.1\runtimes\win-x86\native\Microsoft.Data.SqlClient.SNI.dll" to file "bin\Debug\net8.0\runtimes\win-x86\native\Microsoft.Data.SqlClient.SNI.dll" because the "SkipUnchangedFiles" parameter was set to "true" in the project and the files' sizes and timestamps match.
         Did not copy from file "C:\Users\MY PC\.nuget\packages\microsoft.data.sqlclient.sni.runtime\5.1.1\runtimes\win-x64\native\Microsoft.Data.SqlClient.SNI.dll" to file "bin\Debug\net8.0\runtimes\win-x64\native\Microsoft.Data.SqlClient.SNI.dll" because the "SkipUnchangedFiles" parameter was set to "true" in the project and the files' sizes and timestamps match.
         Did not copy from file "C:\Users\MY PC\.nuget\packages\system.drawing.common\6.0.0\runtimes\unix\lib\net6.0\System.Drawing.Common.dll" to file "bin\Debug\net8.0\runtimes\unix\lib\net6.0\System.Drawing.Common.dll" because the "SkipUnchangedFiles" parameter was set to "true" in the project and the files' sizes and timestamps match.
         Did not copy from file "C:\Users\MY PC\.nuget\packages\microsoft.win32.systemevents\6.0.0\runtimes\win\lib\net6.0\Microsoft.Win32.SystemEvents.dll" to file "bin\Debug\net8.0\runtimes\win\lib\net6.0\Microsoft.Win32.SystemEvents.dll" because the "SkipUnchangedFiles" parameter was set to "true" in the project and the files' sizes and timestamps match.
         Did not copy from file "C:\Users\MY PC\.nuget\packages\system.drawing.common\6.0.0\runtimes\win\lib\net6.0\System.Drawing.Common.dll" to file "bin\Debug\net8.0\runtimes\win\lib\net6.0\System.Drawing.Common.dll" because the "SkipUnchangedFiles" parameter was set to "true" in the project and the files' sizes and timestamps match.
         Did not copy from file "C:\Users\MY PC\.nuget\packages\system.runtime.caching\6.0.0\runtimes\win\lib\net6.0\System.Runtime.Caching.dll" to file "bin\Debug\net8.0\runtimes\win\lib\net6.0\System.Runtime.Caching.dll" because the "SkipUnchangedFiles" parameter was set to "true" in the project and the files' sizes and timestamps match.
         Did not copy from file "C:\Users\MY PC\.nuget\packages\system.windows.extensions\6.0.0\runtimes\win\lib\net6.0\System.Windows.Extensions.dll" to file "bin\Debug\net8.0\runtimes\win\lib\net6.0\System.Windows.Extensions.dll" because the "SkipUnchangedFiles" parameter was set to "true" in the project and the files' sizes and timestamps match.
         Did not copy from file "C:\Users\MY PC\.nuget\packages\system.security.cryptography.protecteddata\6.0.0\runtimes\win\lib\net6.0\System.Security.Cryptography.ProtectedData.dll" to file "bin\Debug\net8.0\runtimes\win\lib\net6.0\System.Security.Cryptography.ProtectedData.dll" because the "SkipUnchangedFiles" parameter was set to "true" in the project and the files' sizes and timestamps match.
       Done executing task "Copy".
       Task "Touch" skipped, due to false condition; ('@(ReferencesCopiedInThisBuild)' != '' and '$(WroteAtLeastOneFile)' == 'true') was evaluated as ('bin\Debug\net8.0\Azure.Core.dll;bin\Debug\net8.0\Azure.Identity.dll;bin\Debug\net8.0\BCrypt.Net-Next.dll;...' != '' and 'False' == 'true').
   1:7>Done building target "_CopyFilesMarkedCopyLocal" in project "MoneyTrackerApp.csproj".
       Target "AssignTargetPaths" skipped. Previously built successfully.
       Target "AssignProjectConfiguration" skipped, due to false condition; ('$(CurrentSolutionConfigurationContents)' != '' or '@(ProjectReference)'!='') was evaluated as ('' != '' or ''!='').
       Target "_SplitProjectReferencesByFileExistence" skipped. Previously built successfully.
       Target "_GetProjectReferenceTargetFrameworkProperties" skipped. Previously built successfully.
   1:7>Target "_PopulateCommonStateForGetCopyToOutputDirectoryItems" in file "C:\Program Files\dotnet\sdk\8.0.416\Microsoft.Common.CurrentVersion.targets" from project "F:\OJT-Review\MoneyTrackerApp\Expense-Manager\MoneyTrackerApp\MoneyTrackerApp\MoneyTrackerApp.csproj" (target "GetCopyToOutputDirectoryItems" depends on it):
   1:7>Done building target "_PopulateCommonStateForGetCopyToOutputDirectoryItems" in project "MoneyTrackerApp.csproj".
       Target "ResolveStaticWebAssetsConfiguration" skipped. Previously built successfully.
   1:7>Target "AddStaticWebAssetsManifest" in file "C:\Program Files\dotnet\sdk\8.0.416\Sdks\Microsoft.NET.Sdk.StaticWebAssets\targets\Microsoft.NET.Sdk.StaticWebAssets.targets" from project "F:\OJT-Review\MoneyTrackerApp\Expense-Manager\MoneyTrackerApp\MoneyTrackerApp\MoneyTrackerApp.csproj" (target "GetCopyToOutputDirectoryItems" depends on it):
   1:7>Done building target "AddStaticWebAssetsManifest" in project "MoneyTrackerApp.csproj".
   1:7>Target "AddDepsJsonAndRuntimeConfigToCopyItemsForReferencingProjects" in file "C:\Program Files\dotnet\sdk\8.0.416\Sdks\Microsoft.NET.Sdk\targets\Microsoft.NET.Sdk.targets" from project "F:\OJT-Review\MoneyTrackerApp\Expense-Manager\MoneyTrackerApp\MoneyTrackerApp\MoneyTrackerApp.csproj" (target "GetCopyToOutputDirectoryItems" depends on it):
   1:7>Done building target "AddDepsJsonAndRuntimeConfigToCopyItemsForReferencingProjects" in project "MoneyTrackerApp.csproj".
   1:7>Target "GetCopyToOutputDirectoryItems" in file "C:\Program Files\dotnet\sdk\8.0.416\Microsoft.Common.CurrentVersion.targets" from project "F:\OJT-Review\MoneyTrackerApp\Expense-Manager\MoneyTrackerApp\MoneyTrackerApp\MoneyTrackerApp.csproj" (target "_CopySourceItemsToOutputDirectory" depends on it):
       Using "CallTarget" task from assembly "Microsoft.Build.Tasks.Core, Version=15.1.0.0, Culture=neutral, PublicKeyToken=b03f5f7f11d50a3a".
       Task "CallTarget"
       Target "_PopulateCommonStateForGetCopyToOutputDirectoryItems" skipped. Previously built successfully.
       Target "_AddOutputPathToGlobalPropertiesToRemove" skipped. Previously built successfully.
   1:7>Target "_GetCopyToOutputDirectoryItemsFromTransitiveProjectReferences" in file "C:\Program Files\dotnet\sdk\8.0.416\Microsoft.Common.CurrentVersion.targets" from project "F:\OJT-Review\MoneyTrackerApp\Expense-Manager\MoneyTrackerApp\MoneyTrackerApp\MoneyTrackerApp.csproj" (target "GetCopyToOutputDirectoryItems" depends on it):
       Task "MSBuild" skipped, due to false condition; ('@(_MSBuildProjectReferenceExistent)' != '' and '$(_GetChildProjectCopyToOutputDirectoryItems)' == 'true' and '%(_MSBuildProjectReferenceExistent.Private)' != 'false' and '$(UseCommonOutputDirectory)' != 'true') was evaluated as ('' != '' and 'true' == 'true' and '' != 'false' and 'false' != 'true').
       Task "AssignTargetPath"
       Done executing task "AssignTargetPath".
   1:7>Done building target "_GetCopyToOutputDirectoryItemsFromTransitiveProjectReferences" in project "MoneyTrackerApp.csproj".
       Done executing task "CallTarget".
       Task "CallTarget"
       Target "AssignTargetPaths" skipped. Previously built successfully.
       Target "_PopulateCommonStateForGetCopyToOutputDirectoryItems" skipped. Previously built successfully.
   1:7>Target "_GetCopyToOutputDirectoryItemsFromThisProject" in file "C:\Program Files\dotnet\sdk\8.0.416\Microsoft.Common.CurrentVersion.targets" from project "F:\OJT-Review\MoneyTrackerApp\Expense-Manager\MoneyTrackerApp\MoneyTrackerApp\MoneyTrackerApp.csproj" (target "GetCopyToOutputDirectoryItems" depends on it):
       Task "AssignTargetPath"
       Done executing task "AssignTargetPath".
   1:7>Done building target "_GetCopyToOutputDirectoryItemsFromThisProject" in project "MoneyTrackerApp.csproj".
       Done executing task "CallTarget".
   1:7>Done building target "GetCopyToOutputDirectoryItems" in project "MoneyTrackerApp.csproj".
   1:7>Target "_CopyOutOfDateSourceItemsToOutputDirectory" in file "C:\Program Files\dotnet\sdk\8.0.416\Microsoft.Common.CurrentVersion.targets" from project "F:\OJT-Review\MoneyTrackerApp\Expense-Manager\MoneyTrackerApp\MoneyTrackerApp\MoneyTrackerApp.csproj" (target "_CopySourceItemsToOutputDirectory" depends on it):
       Building target "_CopyOutOfDateSourceItemsToOutputDirectory" partially, because some output files are out of date with respect to their input files.
       [_SourceItemsToCopyToOutputDirectory: Input=F:\OJT-Review\MoneyTrackerApp\Expense-Manager\MoneyTrackerApp\MoneyTrackerApp\obj\Debug\net8.0\apphost.exe, Output=bin\Debug\net8.0\MoneyTrackerApp.exe] Input file is newer than output file.
       Task "Copy"
         Copying file from "F:\OJT-Review\MoneyTrackerApp\Expense-Manager\MoneyTrackerApp\MoneyTrackerApp\obj\Debug\net8.0\apphost.exe" to "F:\OJT-Review\MoneyTrackerApp\Expense-Manager\MoneyTrackerApp\MoneyTrackerApp\bin\Debug\net8.0\MoneyTrackerApp.exe".
   1:7>C:\Program Files\dotnet\sdk\8.0.416\Microsoft.Common.CurrentVersion.targets(5321,5): warning MSB3026: Could not copy "F:\OJT-Review\MoneyTrackerApp\Expense-Manager\MoneyTrackerApp\MoneyTrackerApp\obj\Debug\net8.0\apphost.exe" to "bin\Debug\net8.0\MoneyTrackerApp.exe". Beginning retry 1 in 1000ms. The process cannot access the file 'F:\OJT-Review\MoneyTrackerApp\Expense-Manager\MoneyTrackerApp\MoneyTrackerApp\bin\Debug\net8.0\MoneyTrackerApp.exe' because it is being used by another process. The file is locked by: "MoneyTrackerApp (1856)" [F:\OJT-Review\MoneyTrackerApp\Expense-Manager\MoneyTrackerApp\MoneyTrackerApp\MoneyTrackerApp.csproj]
         Copying file from "F:\OJT-Review\MoneyTrackerApp\Expense-Manager\MoneyTrackerApp\MoneyTrackerApp\obj\Debug\net8.0\apphost.exe" to "F:\OJT-Review\MoneyTrackerApp\Expense-Manager\MoneyTrackerApp\MoneyTrackerApp\bin\Debug\net8.0\MoneyTrackerApp.exe".
   1:7>C:\Program Files\dotnet\sdk\8.0.416\Microsoft.Common.CurrentVersion.targets(5321,5): warning MSB3026: Could not copy "F:\OJT-Review\MoneyTrackerApp\Expense-Manager\MoneyTrackerApp\MoneyTrackerApp\obj\Debug\net8.0\apphost.exe" to "bin\Debug\net8.0\MoneyTrackerApp.exe". Beginning retry 2 in 1000ms. The process cannot access the file 'F:\OJT-Review\MoneyTrackerApp\Expense-Manager\MoneyTrackerApp\MoneyTrackerApp\bin\Debug\net8.0\MoneyTrackerApp.exe' because it is being used by another process. The file is locked by: "MoneyTrackerApp (1856)" [F:\OJT-Review\MoneyTrackerApp\Expense-Manager\MoneyTrackerApp\MoneyTrackerApp\MoneyTrackerApp.csproj]
         Copying file from "F:\OJT-Review\MoneyTrackerApp\Expense-Manager\MoneyTrackerApp\MoneyTrackerApp\obj\Debug\net8.0\apphost.exe" to "F:\OJT-Review\MoneyTrackerApp\Expense-Manager\MoneyTrackerApp\MoneyTrackerApp\bin\Debug\net8.0\MoneyTrackerApp.exe".
   1:7>C:\Program Files\dotnet\sdk\8.0.416\Microsoft.Common.CurrentVersion.targets(5321,5): warning MSB3026: Could not copy "F:\OJT-Review\MoneyTrackerApp\Expense-Manager\MoneyTrackerApp\MoneyTrackerApp\obj\Debug\net8.0\apphost.exe" to "bin\Debug\net8.0\MoneyTrackerApp.exe". Beginning retry 3 in 1000ms. The process cannot access the file 'F:\OJT-Review\MoneyTrackerApp\Expense-Manager\MoneyTrackerApp\MoneyTrackerApp\bin\Debug\net8.0\MoneyTrackerApp.exe' because it is being used by another process. The file is locked by: "MoneyTrackerApp (1856)" [F:\OJT-Review\MoneyTrackerApp\Expense-Manager\MoneyTrackerApp\MoneyTrackerApp\MoneyTrackerApp.csproj]
         Copying file from "F:\OJT-Review\MoneyTrackerApp\Expense-Manager\MoneyTrackerApp\MoneyTrackerApp\obj\Debug\net8.0\apphost.exe" to "F:\OJT-Review\MoneyTrackerApp\Expense-Manager\MoneyTrackerApp\MoneyTrackerApp\bin\Debug\net8.0\MoneyTrackerApp.exe".
   1:7>C:\Program Files\dotnet\sdk\8.0.416\Microsoft.Common.CurrentVersion.targets(5321,5): warning MSB3026: Could not copy "F:\OJT-Review\MoneyTrackerApp\Expense-Manager\MoneyTrackerApp\MoneyTrackerApp\obj\Debug\net8.0\apphost.exe" to "bin\Debug\net8.0\MoneyTrackerApp.exe". Beginning retry 4 in 1000ms. The process cannot access the file 'F:\OJT-Review\MoneyTrackerApp\Expense-Manager\MoneyTrackerApp\MoneyTrackerApp\bin\Debug\net8.0\MoneyTrackerApp.exe' because it is being used by another process. The file is locked by: "MoneyTrackerApp (1856)" [F:\OJT-Review\MoneyTrackerApp\Expense-Manager\MoneyTrackerApp\MoneyTrackerApp\MoneyTrackerApp.csproj]
         Copying file from "F:\OJT-Review\MoneyTrackerApp\Expense-Manager\MoneyTrackerApp\MoneyTrackerApp\obj\Debug\net8.0\apphost.exe" to "F:\OJT-Review\MoneyTrackerApp\Expense-Manager\MoneyTrackerApp\MoneyTrackerApp\bin\Debug\net8.0\MoneyTrackerApp.exe".
   1:7>C:\Program Files\dotnet\sdk\8.0.416\Microsoft.Common.CurrentVersion.targets(5321,5): warning MSB3026: Could not copy "F:\OJT-Review\MoneyTrackerApp\Expense-Manager\MoneyTrackerApp\MoneyTrackerApp\obj\Debug\net8.0\apphost.exe" to "bin\Debug\net8.0\MoneyTrackerApp.exe". Beginning retry 5 in 1000ms. The process cannot access the file 'F:\OJT-Review\MoneyTrackerApp\Expense-Manager\MoneyTrackerApp\MoneyTrackerApp\bin\Debug\net8.0\MoneyTrackerApp.exe' because it is being used by another process. The file is locked by: "MoneyTrackerApp (1856)" [F:\OJT-Review\MoneyTrackerApp\Expense-Manager\MoneyTrackerApp\MoneyTrackerApp\MoneyTrackerApp.csproj]
         Copying file from "F:\OJT-Review\MoneyTrackerApp\Expense-Manager\MoneyTrackerApp\MoneyTrackerApp\obj\Debug\net8.0\apphost.exe" to "F:\OJT-Review\MoneyTrackerApp\Expense-Manager\MoneyTrackerApp\MoneyTrackerApp\bin\Debug\net8.0\MoneyTrackerApp.exe".
   1:7>C:\Program Files\dotnet\sdk\8.0.416\Microsoft.Common.CurrentVersion.targets(5321,5): warning MSB3026: Could not copy "F:\OJT-Review\MoneyTrackerApp\Expense-Manager\MoneyTrackerApp\MoneyTrackerApp\obj\Debug\net8.0\apphost.exe" to "bin\Debug\net8.0\MoneyTrackerApp.exe". Beginning retry 6 in 1000ms. The process cannot access the file 'F:\OJT-Review\MoneyTrackerApp\Expense-Manager\MoneyTrackerApp\MoneyTrackerApp\bin\Debug\net8.0\MoneyTrackerApp.exe' because it is being used by another process. The file is locked by: "MoneyTrackerApp (1856)" [F:\OJT-Review\MoneyTrackerApp\Expense-Manager\MoneyTrackerApp\MoneyTrackerApp\MoneyTrackerApp.csproj]
         Copying file from "F:\OJT-Review\MoneyTrackerApp\Expense-Manager\MoneyTrackerApp\MoneyTrackerApp\obj\Debug\net8.0\apphost.exe" to "F:\OJT-Review\MoneyTrackerApp\Expense-Manager\MoneyTrackerApp\MoneyTrackerApp\bin\Debug\net8.0\MoneyTrackerApp.exe".
   1:7>C:\Program Files\dotnet\sdk\8.0.416\Microsoft.Common.CurrentVersion.targets(5321,5): warning MSB3026: Could not copy "F:\OJT-Review\MoneyTrackerApp\Expense-Manager\MoneyTrackerApp\MoneyTrackerApp\obj\Debug\net8.0\apphost.exe" to "bin\Debug\net8.0\MoneyTrackerApp.exe". Beginning retry 7 in 1000ms. The process cannot access the file 'F:\OJT-Review\MoneyTrackerApp\Expense-Manager\MoneyTrackerApp\MoneyTrackerApp\bin\Debug\net8.0\MoneyTrackerApp.exe' because it is being used by another process. The file is locked by: "MoneyTrackerApp (1856)" [F:\OJT-Review\MoneyTrackerApp\Expense-Manager\MoneyTrackerApp\MoneyTrackerApp\MoneyTrackerApp.csproj]
         Copying file from "F:\OJT-Review\MoneyTrackerApp\Expense-Manager\MoneyTrackerApp\MoneyTrackerApp\obj\Debug\net8.0\apphost.exe" to "F:\OJT-Review\MoneyTrackerApp\Expense-Manager\MoneyTrackerApp\MoneyTrackerApp\bin\Debug\net8.0\MoneyTrackerApp.exe".
   1:7>C:\Program Files\dotnet\sdk\8.0.416\Microsoft.Common.CurrentVersion.targets(5321,5): warning MSB3026: Could not copy "F:\OJT-Review\MoneyTrackerApp\Expense-Manager\MoneyTrackerApp\MoneyTrackerApp\obj\Debug\net8.0\apphost.exe" to "bin\Debug\net8.0\MoneyTrackerApp.exe". Beginning retry 8 in 1000ms. The process cannot access the file 'F:\OJT-Review\MoneyTrackerApp\Expense-Manager\MoneyTrackerApp\MoneyTrackerApp\bin\Debug\net8.0\MoneyTrackerApp.exe' because it is being used by another process. The file is locked by: "MoneyTrackerApp (1856)" [F:\OJT-Review\MoneyTrackerApp\Expense-Manager\MoneyTrackerApp\MoneyTrackerApp\MoneyTrackerApp.csproj]
         Copying file from "F:\OJT-Review\MoneyTrackerApp\Expense-Manager\MoneyTrackerApp\MoneyTrackerApp\obj\Debug\net8.0\apphost.exe" to "F:\OJT-Review\MoneyTrackerApp\Expense-Manager\MoneyTrackerApp\MoneyTrackerApp\bin\Debug\net8.0\MoneyTrackerApp.exe".
   1:7>C:\Program Files\dotnet\sdk\8.0.416\Microsoft.Common.CurrentVersion.targets(5321,5): warning MSB3026: Could not copy "F:\OJT-Review\MoneyTrackerApp\Expense-Manager\MoneyTrackerApp\MoneyTrackerApp\obj\Debug\net8.0\apphost.exe" to "bin\Debug\net8.0\MoneyTrackerApp.exe". Beginning retry 9 in 1000ms. The process cannot access the file 'F:\OJT-Review\MoneyTrackerApp\Expense-Manager\MoneyTrackerApp\MoneyTrackerApp\bin\Debug\net8.0\MoneyTrackerApp.exe' because it is being used by another process. The file is locked by: "MoneyTrackerApp (1856)" [F:\OJT-Review\MoneyTrackerApp\Expense-Manager\MoneyTrackerApp\MoneyTrackerApp\MoneyTrackerApp.csproj]
         Copying file from "F:\OJT-Review\MoneyTrackerApp\Expense-Manager\MoneyTrackerApp\MoneyTrackerApp\obj\Debug\net8.0\apphost.exe" to "F:\OJT-Review\MoneyTrackerApp\Expense-Manager\MoneyTrackerApp\MoneyTrackerApp\bin\Debug\net8.0\MoneyTrackerApp.exe".
   1:7>C:\Program Files\dotnet\sdk\8.0.416\Microsoft.Common.CurrentVersion.targets(5321,5): warning MSB3026: Could not copy "F:\OJT-Review\MoneyTrackerApp\Expense-Manager\MoneyTrackerApp\MoneyTrackerApp\obj\Debug\net8.0\apphost.exe" to "bin\Debug\net8.0\MoneyTrackerApp.exe". Beginning retry 10 in 1000ms. The process cannot access the file 'F:\OJT-Review\MoneyTrackerApp\Expense-Manager\MoneyTrackerApp\MoneyTrackerApp\bin\Debug\net8.0\MoneyTrackerApp.exe' because it is being used by another process. The file is locked by: "MoneyTrackerApp (1856)" [F:\OJT-Review\MoneyTrackerApp\Expense-Manager\MoneyTrackerApp\MoneyTrackerApp\MoneyTrackerApp.csproj]
         Copying file from "F:\OJT-Review\MoneyTrackerApp\Expense-Manager\MoneyTrackerApp\MoneyTrackerApp\obj\Debug\net8.0\apphost.exe" to "F:\OJT-Review\MoneyTrackerApp\Expense-Manager\MoneyTrackerApp\MoneyTrackerApp\bin\Debug\net8.0\MoneyTrackerApp.exe".
   1:7>C:\Program Files\dotnet\sdk\8.0.416\Microsoft.Common.CurrentVersion.targets(5321,5): error MSB3027: Could not copy "F:\OJT-Review\MoneyTrackerApp\Expense-Manager\MoneyTrackerApp\MoneyTrackerApp\obj\Debug\net8.0\apphost.exe" to "bin\Debug\net8.0\MoneyTrackerApp.exe". Exceeded retry count of 10. Failed. The file is locked by: "MoneyTrackerApp (1856)" [F:\OJT-Review\MoneyTrackerApp\Expense-Manager\MoneyTrackerApp\MoneyTrackerApp\MoneyTrackerApp.csproj]
   1:7>C:\Program Files\dotnet\sdk\8.0.416\Microsoft.Common.CurrentVersion.targets(5321,5): error MSB3021: Unable to copy file "F:\OJT-Review\MoneyTrackerApp\Expense-Manager\MoneyTrackerApp\MoneyTrackerApp\obj\Debug\net8.0\apphost.exe" to "bin\Debug\net8.0\MoneyTrackerApp.exe". The process cannot access the file 'F:\OJT-Review\MoneyTrackerApp\Expense-Manager\MoneyTrackerApp\MoneyTrackerApp\bin\Debug\net8.0\MoneyTrackerApp.exe' because it is being used by another process. [F:\OJT-Review\MoneyTrackerApp\Expense-Manager\MoneyTrackerApp\MoneyTrackerApp\MoneyTrackerApp.csproj]
       Done executing task "Copy" -- FAILED.
   1:7>Done building target "_CopyOutOfDateSourceItemsToOutputDirectory" in project "MoneyTrackerApp.csproj" -- FAILED.
   1:7>Target "_CheckForCompileOutputs" in file "C:\Program Files\dotnet\sdk\8.0.416\Microsoft.Common.CurrentVersion.targets" from project "F:\OJT-Review\MoneyTrackerApp\Expense-Manager\MoneyTrackerApp\MoneyTrackerApp\MoneyTrackerApp.csproj" (target "_CleanGetCurrentAndPriorFileWrites" depends on it):
   1:7>Done building target "_CheckForCompileOutputs" in project "MoneyTrackerApp.csproj".
       Target "_SGenCheckForOutputs" skipped, due to false condition; ('$(_SGenGenerateSerializationAssembliesConfig)' == 'On' or ('@(WebReferenceUrl)'!='' and '$(_SGenGenerateSerializationAssembliesConfig)' == 'Auto')) was evaluated as ('Off' == 'On' or (''!='' and 'Off' == 'Auto')).
   1:7>Target "_CleanGetCurrentAndPriorFileWrites" in file "C:\Program Files\dotnet\sdk\8.0.416\Microsoft.Common.CurrentVersion.targets" from project "F:\OJT-Review\MoneyTrackerApp\Expense-Manager\MoneyTrackerApp\MoneyTrackerApp\MoneyTrackerApp.csproj" (target "_CleanRecordFileWrites" depends on it):
       Using "ReadLinesFromFile" task from assembly "Microsoft.Build.Tasks.Core, Version=15.1.0.0, Culture=neutral, PublicKeyToken=b03f5f7f11d50a3a".
       Task "ReadLinesFromFile"
       Done executing task "ReadLinesFromFile".
       Task "ConvertToAbsolutePath"
       Done executing task "ConvertToAbsolutePath".
       Using "FindUnderPath" task from assembly "Microsoft.Build.Tasks.Core, Version=15.1.0.0, Culture=neutral, PublicKeyToken=b03f5f7f11d50a3a".
       Task "FindUnderPath"
         Comparison path is "F:\OJT-Review\MoneyTrackerApp\Expense-Manager\MoneyTrackerApp\MoneyTrackerApp".
       Done executing task "FindUnderPath".
       Task "FindUnderPath"
         Comparison path is "bin\Debug\net8.0\".
       Done executing task "FindUnderPath".
       Task "FindUnderPath"
         Comparison path is "obj\Debug\net8.0\".
       Done executing task "FindUnderPath".
       Task "RemoveDuplicates"
       Done executing task "RemoveDuplicates".
   1:7>Done building target "_CleanGetCurrentAndPriorFileWrites" in project "MoneyTrackerApp.csproj".
   1:7>Target "_CleanRecordFileWrites" in file "C:\Program Files\dotnet\sdk\8.0.416\Microsoft.Common.CurrentVersion.targets" from project "F:\OJT-Review\MoneyTrackerApp\Expense-Manager\MoneyTrackerApp\MoneyTrackerApp\MoneyTrackerApp.csproj" (target "CoreBuild" depends on it):
       Task "RemoveDuplicates"
       Done executing task "RemoveDuplicates".
       Task "MakeDir"
       Done executing task "MakeDir".
       Task "WriteLinesToFile"
         Skipping write to file "obj\Debug\net8.0\MoneyTrackerApp.csproj.FileListAbsolute.txt" because content would not change.
       Done executing task "WriteLinesToFile".
   1:7>Done building target "_CleanRecordFileWrites" in project "MoneyTrackerApp.csproj".
   1:7>Done Building Project "F:\OJT-Review\MoneyTrackerApp\Expense-Manager\MoneyTrackerApp\MoneyTrackerApp\MoneyTrackerApp.csproj" (default targets) -- FAILED.

Build FAILED.

       "F:\OJT-Review\MoneyTrackerApp\Expense-Manager\MoneyTrackerApp\MoneyTrackerApp\MoneyTrackerApp.csproj" (Restore target) (1) ->
       (Restore target) -> 
         F:\OJT-Review\MoneyTrackerApp\Expense-Manager\MoneyTrackerApp\MoneyTrackerApp\MoneyTrackerApp.csproj : warning NU1903: Package 'SixLabors.ImageSharp' 3.1.6 has a known high severity vulnerability, https://github.com/advisories/GHSA-2cmq-823j-5qj8
         F:\OJT-Review\MoneyTrackerApp\Expense-Manager\MoneyTrackerApp\MoneyTrackerApp\MoneyTrackerApp.csproj : warning NU1902: Package 'SixLabors.ImageSharp' 3.1.6 has a known moderate severity vulnerability, https://github.com/advisories/GHSA-rxmq-m78w-7wmc


       "F:\OJT-Review\MoneyTrackerApp\Expense-Manager\MoneyTrackerApp\MoneyTrackerApp\MoneyTrackerApp.csproj" (default target) (1:7) ->
       (ResolvePackageAssets target) -> 
         F:\OJT-Review\MoneyTrackerApp\Expense-Manager\MoneyTrackerApp\MoneyTrackerApp\MoneyTrackerApp.csproj : warning NU1903: Package 'SixLabors.ImageSharp' 3.1.6 has a known high severity vulnerability, https://github.com/advisories/GHSA-2cmq-823j-5qj8
         F:\OJT-Review\MoneyTrackerApp\Expense-Manager\MoneyTrackerApp\MoneyTrackerApp\MoneyTrackerApp.csproj : warning NU1902: Package 'SixLabors.ImageSharp' 3.1.6 has a known moderate severity vulnerability, https://github.com/advisories/GHSA-rxmq-m78w-7wmc


       "F:\OJT-Review\MoneyTrackerApp\Expense-Manager\MoneyTrackerApp\MoneyTrackerApp\MoneyTrackerApp.csproj" (default target) (1:7) ->
       (_CopyOutOfDateSourceItemsToOutputDirectory target) -> 
         C:\Program Files\dotnet\sdk\8.0.416\Microsoft.Common.CurrentVersion.targets(5321,5): warning MSB3026: Could not copy "F:\OJT-Review\MoneyTrackerApp\Expense-Manager\MoneyTrackerApp\MoneyTrackerApp\obj\Debug\net8.0\apphost.exe" to "bin\Debug\net8.0\MoneyTrackerApp.exe". Beginning retry 1 in 1000ms. The process cannot access the file 'F:\OJT-Review\MoneyTrackerApp\Expense-Manager\MoneyTrackerApp\MoneyTrackerApp\bin\Debug\net8.0\MoneyTrackerApp.exe' because it is being used by another process. The file is locked by: "MoneyTrackerApp (1856)" [F:\OJT-Review\MoneyTrackerApp\Expense-Manager\MoneyTrackerApp\MoneyTrackerApp\MoneyTrackerApp.csproj]
         C:\Program Files\dotnet\sdk\8.0.416\Microsoft.Common.CurrentVersion.targets(5321,5): warning MSB3026: Could not copy "F:\OJT-Review\MoneyTrackerApp\Expense-Manager\MoneyTrackerApp\MoneyTrackerApp\obj\Debug\net8.0\apphost.exe" to "bin\Debug\net8.0\MoneyTrackerApp.exe". Beginning retry 2 in 1000ms. The process cannot access the file 'F:\OJT-Review\MoneyTrackerApp\Expense-Manager\MoneyTrackerApp\MoneyTrackerApp\bin\Debug\net8.0\MoneyTrackerApp.exe' because it is being used by another process. The file is locked by: "MoneyTrackerApp (1856)" [F:\OJT-Review\MoneyTrackerApp\Expense-Manager\MoneyTrackerApp\MoneyTrackerApp\MoneyTrackerApp.csproj]
         C:\Program Files\dotnet\sdk\8.0.416\Microsoft.Common.CurrentVersion.targets(5321,5): warning MSB3026: Could not copy "F:\OJT-Review\MoneyTrackerApp\Expense-Manager\MoneyTrackerApp\MoneyTrackerApp\obj\Debug\net8.0\apphost.exe" to "bin\Debug\net8.0\MoneyTrackerApp.exe". Beginning retry 3 in 1000ms. The process cannot access the file 'F:\OJT-Review\MoneyTrackerApp\Expense-Manager\MoneyTrackerApp\MoneyTrackerApp\bin\Debug\net8.0\MoneyTrackerApp.exe' because it is being used by another process. The file is locked by: "MoneyTrackerApp (1856)" [F:\OJT-Review\MoneyTrackerApp\Expense-Manager\MoneyTrackerApp\MoneyTrackerApp\MoneyTrackerApp.csproj]
         C:\Program Files\dotnet\sdk\8.0.416\Microsoft.Common.CurrentVersion.targets(5321,5): warning MSB3026: Could not copy "F:\OJT-Review\MoneyTrackerApp\Expense-Manager\MoneyTrackerApp\MoneyTrackerApp\obj\Debug\net8.0\apphost.exe" to "bin\Debug\net8.0\MoneyTrackerApp.exe". Beginning retry 4 in 1000ms. The process cannot access the file 'F:\OJT-Review\MoneyTrackerApp\Expense-Manager\MoneyTrackerApp\MoneyTrackerApp\bin\Debug\net8.0\MoneyTrackerApp.exe' because it is being used by another process. The file is locked by: "MoneyTrackerApp (1856)" [F:\OJT-Review\MoneyTrackerApp\Expense-Manager\MoneyTrackerApp\MoneyTrackerApp\MoneyTrackerApp.csproj]
         C:\Program Files\dotnet\sdk\8.0.416\Microsoft.Common.CurrentVersion.targets(5321,5): warning MSB3026: Could not copy "F:\OJT-Review\MoneyTrackerApp\Expense-Manager\MoneyTrackerApp\MoneyTrackerApp\obj\Debug\net8.0\apphost.exe" to "bin\Debug\net8.0\MoneyTrackerApp.exe". Beginning retry 5 in 1000ms. The process cannot access the file 'F:\OJT-Review\MoneyTrackerApp\Expense-Manager\MoneyTrackerApp\MoneyTrackerApp\bin\Debug\net8.0\MoneyTrackerApp.exe' because it is being used by another process. The file is locked by: "MoneyTrackerApp (1856)" [F:\OJT-Review\MoneyTrackerApp\Expense-Manager\MoneyTrackerApp\MoneyTrackerApp\MoneyTrackerApp.csproj]
         C:\Program Files\dotnet\sdk\8.0.416\Microsoft.Common.CurrentVersion.targets(5321,5): warning MSB3026: Could not copy "F:\OJT-Review\MoneyTrackerApp\Expense-Manager\MoneyTrackerApp\MoneyTrackerApp\obj\Debug\net8.0\apphost.exe" to "bin\Debug\net8.0\MoneyTrackerApp.exe". Beginning retry 6 in 1000ms. The process cannot access the file 'F:\OJT-Review\MoneyTrackerApp\Expense-Manager\MoneyTrackerApp\MoneyTrackerApp\bin\Debug\net8.0\MoneyTrackerApp.exe' because it is being used by another process. The file is locked by: "MoneyTrackerApp (1856)" [F:\OJT-Review\MoneyTrackerApp\Expense-Manager\MoneyTrackerApp\MoneyTrackerApp\MoneyTrackerApp.csproj]
         C:\Program Files\dotnet\sdk\8.0.416\Microsoft.Common.CurrentVersion.targets(5321,5): warning MSB3026: Could not copy "F:\OJT-Review\MoneyTrackerApp\Expense-Manager\MoneyTrackerApp\MoneyTrackerApp\obj\Debug\net8.0\apphost.exe" to "bin\Debug\net8.0\MoneyTrackerApp.exe". Beginning retry 7 in 1000ms. The process cannot access the file 'F:\OJT-Review\MoneyTrackerApp\Expense-Manager\MoneyTrackerApp\MoneyTrackerApp\bin\Debug\net8.0\MoneyTrackerApp.exe' because it is being used by another process. The file is locked by: "MoneyTrackerApp (1856)" [F:\OJT-Review\MoneyTrackerApp\Expense-Manager\MoneyTrackerApp\MoneyTrackerApp\MoneyTrackerApp.csproj]
         C:\Program Files\dotnet\sdk\8.0.416\Microsoft.Common.CurrentVersion.targets(5321,5): warning MSB3026: Could not copy "F:\OJT-Review\MoneyTrackerApp\Expense-Manager\MoneyTrackerApp\MoneyTrackerApp\obj\Debug\net8.0\apphost.exe" to "bin\Debug\net8.0\MoneyTrackerApp.exe". Beginning retry 8 in 1000ms. The process cannot access the file 'F:\OJT-Review\MoneyTrackerApp\Expense-Manager\MoneyTrackerApp\MoneyTrackerApp\bin\Debug\net8.0\MoneyTrackerApp.exe' because it is being used by another process. The file is locked by: "MoneyTrackerApp (1856)" [F:\OJT-Review\MoneyTrackerApp\Expense-Manager\MoneyTrackerApp\MoneyTrackerApp\MoneyTrackerApp.csproj]
         C:\Program Files\dotnet\sdk\8.0.416\Microsoft.Common.CurrentVersion.targets(5321,5): warning MSB3026: Could not copy "F:\OJT-Review\MoneyTrackerApp\Expense-Manager\MoneyTrackerApp\MoneyTrackerApp\obj\Debug\net8.0\apphost.exe" to "bin\Debug\net8.0\MoneyTrackerApp.exe". Beginning retry 9 in 1000ms. The process cannot access the file 'F:\OJT-Review\MoneyTrackerApp\Expense-Manager\MoneyTrackerApp\MoneyTrackerApp\bin\Debug\net8.0\MoneyTrackerApp.exe' because it is being used by another process. The file is locked by: "MoneyTrackerApp (1856)" [F:\OJT-Review\MoneyTrackerApp\Expense-Manager\MoneyTrackerApp\MoneyTrackerApp\MoneyTrackerApp.csproj]
         C:\Program Files\dotnet\sdk\8.0.416\Microsoft.Common.CurrentVersion.targets(5321,5): warning MSB3026: Could not copy "F:\OJT-Review\MoneyTrackerApp\Expense-Manager\MoneyTrackerApp\MoneyTrackerApp\obj\Debug\net8.0\apphost.exe" to "bin\Debug\net8.0\MoneyTrackerApp.exe". Beginning retry 10 in 1000ms. The process cannot access the file 'F:\OJT-Review\MoneyTrackerApp\Expense-Manager\MoneyTrackerApp\MoneyTrackerApp\bin\Debug\net8.0\MoneyTrackerApp.exe' because it is being used by another process. The file is locked by: "MoneyTrackerApp (1856)" [F:\OJT-Review\MoneyTrackerApp\Expense-Manager\MoneyTrackerApp\MoneyTrackerApp\MoneyTrackerApp.csproj]


       "F:\OJT-Review\MoneyTrackerApp\Expense-Manager\MoneyTrackerApp\MoneyTrackerApp\MoneyTrackerApp.csproj" (default target) (1:7) ->
       (_CopyOutOfDateSourceItemsToOutputDirectory target) -> 
         C:\Program Files\dotnet\sdk\8.0.416\Microsoft.Common.CurrentVersion.targets(5321,5): error MSB3027: Could not copy "F:\OJT-Review\MoneyTrackerApp\Expense-Manager\MoneyTrackerApp\MoneyTrackerApp\obj\Debug\net8.0\apphost.exe" to "bin\Debug\net8.0\MoneyTrackerApp.exe". Exceeded retry count of 10. Failed. The file is locked by: "MoneyTrackerApp (1856)" [F:\OJT-Review\MoneyTrackerApp\Expense-Manager\MoneyTrackerApp\MoneyTrackerApp\MoneyTrackerApp.csproj]
         C:\Program Files\dotnet\sdk\8.0.416\Microsoft.Common.CurrentVersion.targets(5321,5): error MSB3021: Unable to copy file "F:\OJT-Review\MoneyTrackerApp\Expense-Manager\MoneyTrackerApp\MoneyTrackerApp\obj\Debug\net8.0\apphost.exe" to "bin\Debug\net8.0\MoneyTrackerApp.exe". The process cannot access the file 'F:\OJT-Review\MoneyTrackerApp\Expense-Manager\MoneyTrackerApp\MoneyTrackerApp\bin\Debug\net8.0\MoneyTrackerApp.exe' because it is being used by another process. [F:\OJT-Review\MoneyTrackerApp\Expense-Manager\MoneyTrackerApp\MoneyTrackerApp\MoneyTrackerApp.csproj]

    14 Warning(s)
    2 Error(s)

Time Elapsed 00:00:12.40
